product_id,product_name,fund_date,cash,delta,running_delta
集中_红利增强_V20_251229,,2023-01-03,5090.88,0.0,0.0
集中_红利增强_V20_251229,,2023-01-04,5090.88,0.0,0.0
集中_红利增强_V20_251229,,2023-01-05,5090.88,0.0,0.0
集中_红利增强_V20_251229,,2023-01-06,5090.88,0.0,0.0
集中_红利增强_V20_251229,,2023-01-09,5090.88,0.0,0.0
集中_红利增强_V20_251229,,2023-01-10,5090.88,0.0,0.0
集中_红利增强_V20_251229,,2023-01-11,5090.88,0.0,0.0
集中_红利增强_V20_251229,,2023-01-12,5090.88,0.0,0.0
集中_红利增强_V20_251229,,2023-01-13,5090.88,0.0,0.0
集中_红利增强_V20_251229,,2023-01-16,5090.88,0.0,0.0
集中_红利增强_V20_251229,,2023-01-17,5090.88,0.0,0.0
集中_红利增强_V20_251229,,2023-01-18,2581.21,0.0,0.0
集中_红利增强_V20_251229,,2023-01-19,2581.21,0.0,0.0
集中_红利增强_V20_251229,,2023-01-20,2581.21,0.0,0.0
集中_红利增强_V20_251229,,2023-01-30,36928.62,0.0,0.0
集中_红利增强_V20_251229,,2023-01-31,36928.62,0.0,0.0
集中_红利增强_V20_251229,,2023-02-01,36694.46,0.0,0.0
集中_红利增强_V20_251229,,2023-02-02,36694.46,0.0,0.0
集中_红利增强_V20_251229,,2023-02-03,34939.14,0.0,0.0
集中_红利增强_V20_251229,,2023-02-06,34939.14,0.0,0.0
集中_红利增强_V20_251229,,2023-02-07,34939.14,0.0,0.0
集中_红利增强_V20_251229,,2023-02-08,34962.44,0.0,0.0
集中_红利增强_V20_251229,,2023-02-09,34962.44,0.0,0.0
集中_红利增强_V20_251229,,2023-02-10,34962.44,0.0,0.0
集中_红利增强_V20_251229,,2023-02-13,34962.44,0.0,0.0
集中_红利增强_V20_251229,,2023-02-14,34585.04,0.0,0.0
集中_红利增强_V20_251229,,2023-02-15,1885.86,0.0,0.0
集中_红利增强_V20_251229,,2023-02-16,1885.86,0.0,0.0
集中_红利增强_V20_251229,,2023-02-17,1885.86,0.0,0.0
集中_红利增强_V20_251229,,2023-02-20,1773.22,0.0,0.0
集中_红利增强_V20_251229,,2023-02-21,1773.22,0.0,0.0
集中_红利增强_V20_251229,,2023-02-22,1773.22,0.0,0.0
集中_红利增强_V20_251229,,2023-02-23,1773.22,0.0,0.0
集中_红利增强_V20_251229,,2023-02-24,102563.12,0.0,0.0
集中_红利增强_V20_251229,,2023-02-27,102563.12,0.0,0.0
集中_红利增强_V20_251229,,2023-02-28,102563.12,0.0,0.0
集中_红利增强_V20_251229,,2023-03-01,102563.12,0.0,0.0
集中_红利增强_V20_251229,,2023-03-02,102563.12,0.0,0.0
集中_红利增强_V20_251229,,2023-03-03,5612.69,0.0,0.0
集中_红利增强_V20_251229,,2023-03-06,5612.69,0.0,0.0
集中_红利增强_V20_251229,,2023-03-07,5612.69,0.0,0.0
集中_红利增强_V20_251229,,2023-03-08,102451.87,0.0,0.0
集中_红利增强_V20_251229,,2023-03-09,102451.87,0.0,0.0
集中_红利增强_V20_251229,,2023-03-10,5693.79,0.0,0.0
集中_红利增强_V20_251229,,2023-03-13,4151.93,0.0,0.0
集中_红利增强_V20_251229,,2023-03-14,4151.93,0.0,0.0
集中_红利增强_V20_251229,,2023-03-15,4151.93,0.0,0.0
集中_红利增强_V20_251229,,2023-03-16,4151.93,0.0,0.0
集中_红利增强_V20_251229,,2023-03-17,4151.93,0.0,0.0
集中_红利增强_V20_251229,,2023-03-20,1809.72,0.0,0.0
集中_红利增强_V20_251229,,2023-03-21,1809.72,0.0,0.0
集中_红利增强_V20_251229,,2023-03-22,1715.38,0.0,0.0
集中_红利增强_V20_251229,,2023-03-23,1715.38,0.0,0.0
集中_红利增强_V20_251229,,2023-03-24,1715.38,0.0,0.0
集中_红利增强_V20_251229,,2023-03-27,1715.38,0.0,0.0
集中_红利增强_V20_251229,,2023-03-28,1715.38,0.0,0.0
集中_红利增强_V20_251229,,2023-03-29,1715.38,0.0,0.0
集中_红利增强_V20_251229,,2023-03-30,1715.38,0.0,0.0
集中_红利增强_V20_251229,,2023-03-31,1715.38,0.0,0.0
集中_红利增强_V20_251229,,2023-04-03,104747.12,0.0,0.0
集中_红利增强_V20_251229,,2023-04-04,5674.05,0.0,0.0
集中_红利增强_V20_251229,,2023-04-06,5674.05,0.0,0.0
集中_红利增强_V20_251229,,2023-04-07,5674.05,0.0,0.0
集中_红利增强_V20_251229,,2023-04-10,5674.05,0.0,0.0
集中_红利增强_V20_251229,,2023-04-11,5674.05,0.0,0.0
集中_红利增强_V20_251229,,2023-04-12,5674.05,0.0,0.0
集中_红利增强_V20_251229,,2023-04-13,5674.05,0.0,0.0
集中_红利增强_V20_251229,,2023-04-14,5674.05,0.0,0.0
集中_红利增强_V20_251229,,2023-04-17,5674.05,0.0,0.0
集中_红利增强_V20_251229,,2023-04-18,5674.05,0.0,0.0
集中_红利增强_V20_251229,,2023-04-19,5674.05,0.0,0.0
集中_红利增强_V20_251229,,2023-04-20,3349.13,0.0,0.0
集中_红利增强_V20_251229,,2023-04-21,3349.13,0.0,0.0
集中_红利增强_V20_251229,,2023-04-24,1799.23,0.0,0.0
集中_红利增强_V20_251229,,2023-04-25,1799.23,0.0,0.0
集中_红利增强_V20_251229,,2023-04-26,105297.05,0.0,0.0
集中_红利增强_V20_251229,,2023-04-27,5452.6,0.0,0.0
集中_红利增强_V20_251229,,2023-04-28,3409.64,0.0,0.0
集中_红利增强_V20_251229,,2023-05-04,3409.64,0.0,0.0
集中_红利增强_V20_251229,,2023-05-05,3840.74,0.0,0.0
集中_红利增强_V20_251229,,2023-05-08,3840.74,0.0,0.0
集中_红利增强_V20_251229,,2023-05-09,3840.74,0.0,0.0
集中_红利增强_V20_251229,,2023-05-10,3840.74,0.0,0.0
集中_红利增强_V20_251229,,2023-05-11,3840.74,0.0,0.0
集中_红利增强_V20_251229,,2023-05-12,3840.74,0.0,0.0
集中_红利增强_V20_251229,,2023-05-15,3840.74,0.0,0.0
集中_红利增强_V20_251229,,2023-05-16,3840.74,0.0,0.0
集中_红利增强_V20_251229,,2023-05-17,3620.55,0.0,0.0
集中_红利增强_V20_251229,,2023-05-18,3620.55,0.0,0.0
集中_红利增强_V20_251229,,2023-05-19,2264.92,0.0,0.0
集中_红利增强_V20_251229,,2023-05-22,2264.92,0.0,0.0
集中_红利增强_V20_251229,,2023-05-23,2264.92,0.0,0.0
集中_红利增强_V20_251229,,2023-05-24,2264.92,0.0,0.0
集中_红利增强_V20_251229,,2023-05-25,2264.92,0.0,0.0
集中_红利增强_V20_251229,,2023-05-26,2264.92,0.0,0.0
集中_红利增强_V20_251229,,2023-05-29,2264.92,0.0,0.0
集中_红利增强_V20_251229,,2023-05-30,2264.92,0.0,0.0
集中_红利增强_V20_251229,,2023-05-31,2264.92,0.0,0.0
集中_红利增强_V20_251229,,2023-06-01,2264.92,0.0,0.0
集中_红利增强_V20_251229,,2023-06-02,2264.92,0.0,0.0
集中_红利增强_V20_251229,,2023-06-05,2264.92,0.0,0.0
集中_红利增强_V20_251229,,2023-06-06,2264.92,0.0,0.0
集中_红利增强_V20_251229,,2023-06-07,2264.92,0.0,0.0
集中_红利增强_V20_251229,,2023-06-08,2264.92,0.0,0.0
集中_红利增强_V20_251229,,2023-06-09,2264.92,0.0,0.0
集中_红利增强_V20_251229,,2023-06-12,2264.92,0.0,0.0
集中_红利增强_V20_251229,,2023-06-13,2264.92,0.0,0.0
集中_红利增强_V20_251229,,2023-06-14,2264.92,0.0,0.0
集中_红利增强_V20_251229,,2023-06-15,2264.92,0.0,0.0
集中_红利增强_V20_251229,,2023-06-16,2264.92,0.0,0.0
集中_红利增强_V20_251229,,2023-06-19,2264.92,0.0,0.0
集中_红利增强_V20_251229,,2023-06-20,2264.92,0.0,0.0
集中_红利增强_V20_251229,,2023-06-21,2264.92,0.0,0.0
集中_红利增强_V20_251229,,2023-06-26,1763.97,0.0,0.0
集中_红利增强_V20_251229,,2023-06-27,1763.97,0.0,0.0
集中_红利增强_V20_251229,,2023-06-28,1851.88,0.0,0.0
集中_红利增强_V20_251229,,2023-06-29,1851.88,0.0,0.0
集中_红利增强_V20_251229,,2023-06-30,3015.58,0.0,0.0
集中_红利增强_V20_251229,,2023-07-03,3015.58,0.0,0.0
集中_红利增强_V20_251229,,2023-07-04,3015.58,0.0,0.0
集中_红利增强_V20_251229,,2023-07-05,3015.58,0.0,0.0
集中_红利增强_V20_251229,,2023-07-06,3015.58,0.0,0.0
集中_红利增强_V20_251229,,2023-07-07,3015.58,0.0,0.0
集中_红利增强_V20_251229,,2023-07-10,3015.58,0.0,0.0
集中_红利增强_V20_251229,,2023-07-11,3015.58,0.0,0.0
集中_红利增强_V20_251229,,2023-07-12,3015.58,0.0,0.0
集中_红利增强_V20_251229,,2023-07-13,3015.58,0.0,0.0
集中_红利增强_V20_251229,,2023-07-14,3015.58,0.0,0.0
集中_红利增强_V20_251229,,2023-07-17,3015.58,0.0,0.0
集中_红利增强_V20_251229,,2023-07-18,3015.58,0.0,0.0
集中_红利增强_V20_251229,,2023-07-19,1835.15,0.0,0.0
集中_红利增强_V20_251229,,2023-07-20,1835.15,0.0,0.0
集中_红利增强_V20_251229,,2023-07-21,1835.15,0.0,0.0
集中_红利增强_V20_251229,,2023-07-24,116976.36,0.0,0.0
集中_红利增强_V20_251229,,2023-07-25,6198.77,0.0,0.0
集中_红利增强_V20_251229,,2023-07-26,6198.77,0.0,0.0
集中_红利增强_V20_251229,,2023-07-27,6198.77,0.0,0.0
集中_红利增强_V20_251229,,2023-07-28,6198.77,0.0,0.0
集中_红利增强_V20_251229,,2023-07-31,6198.77,0.0,0.0
集中_红利增强_V20_251229,,2023-08-01,6198.77,0.0,0.0
集中_红利增强_V20_251229,,2023-08-02,6198.77,0.0,0.0
集中_红利增强_V20_251229,,2023-08-03,6198.77,0.0,0.0
集中_红利增强_V20_251229,,2023-08-04,6198.77,0.0,0.0
集中_红利增强_V20_251229,,2023-08-07,3679.83,0.0,0.0
集中_红利增强_V20_251229,,2023-08-08,3679.83,0.0,0.0
集中_红利增强_V20_251229,,2023-08-09,3679.83,0.0,0.0
集中_红利增强_V20_251229,,2023-08-10,3679.83,0.0,0.0
集中_红利增强_V20_251229,,2023-08-11,3679.83,0.0,0.0
集中_红利增强_V20_251229,,2023-08-14,3679.83,0.0,0.0
集中_红利增强_V20_251229,,2023-08-15,3679.83,0.0,0.0
集中_红利增强_V20_251229,,2023-08-16,3679.83,0.0,0.0
集中_红利增强_V20_251229,,2023-08-17,3679.83,0.0,0.0
集中_红利增强_V20_251229,,2023-08-18,3679.83,0.0,0.0
集中_红利增强_V20_251229,,2023-08-21,3679.83,0.0,0.0
集中_红利增强_V20_251229,,2023-08-22,2181.53,0.0,0.0
集中_红利增强_V20_251229,,2023-08-23,2181.53,0.0,0.0
集中_红利增强_V20_251229,,2023-08-24,2181.53,0.0,0.0
集中_红利增强_V20_251229,,2023-08-25,2181.53,0.0,0.0
集中_红利增强_V20_251229,,2023-08-28,2181.53,0.0,0.0
集中_红利增强_V20_251229,,2023-08-29,2181.53,0.0,0.0
集中_红利增强_V20_251229,,2023-08-30,2043.32,0.0,0.0
集中_红利增强_V20_251229,,2023-08-31,2043.32,0.0,0.0
集中_红利增强_V20_251229,,2023-09-01,2043.32,0.0,0.0
集中_红利增强_V20_251229,,2023-09-04,2043.32,0.0,0.0
集中_红利增强_V20_251229,,2023-09-05,2043.32,0.0,0.0
集中_红利增强_V20_251229,,2023-09-06,2043.32,0.0,0.0
集中_红利增强_V20_251229,,2023-09-07,2043.32,0.0,0.0
集中_红利增强_V20_251229,,2023-09-08,2043.32,0.0,0.0
集中_红利增强_V20_251229,,2023-09-11,2043.32,0.0,0.0
集中_红利增强_V20_251229,,2023-09-12,2043.32,0.0,0.0
集中_红利增强_V20_251229,,2023-09-13,2043.32,0.0,0.0
集中_红利增强_V20_251229,,2023-09-14,2043.32,0.0,0.0
集中_红利增强_V20_251229,,2023-09-15,2043.32,0.0,0.0
集中_红利增强_V20_251229,,2023-09-18,2043.32,0.0,0.0
集中_红利增强_V20_251229,,2023-09-19,2043.32,0.0,0.0
集中_红利增强_V20_251229,,2023-09-20,2082.8,0.0,0.0
集中_红利增强_V20_251229,,2023-09-21,2033.39,0.0,0.0
集中_红利增强_V20_251229,,2023-09-22,2033.39,0.0,0.0
集中_红利增强_V20_251229,,2023-09-25,1987.83,0.0,0.0
集中_红利增强_V20_251229,,2023-09-26,1987.83,0.0,0.0
集中_红利增强_V20_251229,,2023-09-27,1987.83,0.0,0.0
集中_红利增强_V20_251229,,2023-09-28,1987.83,0.0,0.0
集中_红利增强_V20_251229,,2023-10-09,2339.12,0.0,0.0
集中_红利增强_V20_251229,,2023-10-10,2339.12,0.0,0.0
集中_红利增强_V20_251229,,2023-10-11,1945.28,0.0,0.0
集中_红利增强_V20_251229,,2023-10-12,1945.28,0.0,0.0
集中_红利增强_V20_251229,,2023-10-13,1945.28,0.0,0.0
集中_红利增强_V20_251229,,2023-10-16,2024.65,0.0,0.0
集中_红利增强_V20_251229,,2023-10-17,2053.72,0.0,0.0
集中_红利增强_V20_251229,,2023-10-18,2053.72,0.0,0.0
集中_红利增强_V20_251229,,2023-10-19,2053.72,0.0,0.0
集中_红利增强_V20_251229,,2023-10-20,2053.72,0.0,0.0
集中_红利增强_V20_251229,,2023-10-23,1928.57,0.0,0.0
集中_红利增强_V20_251229,,2023-10-24,1928.57,0.0,0.0
集中_红利增强_V20_251229,,2023-10-25,1928.57,0.0,0.0
集中_红利增强_V20_251229,,2023-10-26,1928.57,0.0,0.0
集中_红利增强_V20_251229,,2023-10-27,1928.57,0.0,0.0
集中_红利增强_V20_251229,,2023-10-30,1928.57,0.0,0.0
集中_红利增强_V20_251229,,2023-10-31,2007.59,0.0,0.0
集中_红利增强_V20_251229,,2023-11-01,2009.42,0.0,0.0
集中_红利增强_V20_251229,,2023-11-02,2009.42,0.0,0.0
集中_红利增强_V20_251229,,2023-11-03,2009.42,0.0,0.0
集中_红利增强_V20_251229,,2023-11-06,2009.42,0.0,0.0
集中_红利增强_V20_251229,,2023-11-07,2009.42,0.0,0.0
集中_红利增强_V20_251229,,2023-11-08,2009.42,0.0,0.0
集中_红利增强_V20_251229,,2023-11-09,2009.42,0.0,0.0
集中_红利增强_V20_251229,,2023-11-10,2009.42,0.0,0.0
集中_红利增强_V20_251229,,2023-11-13,2009.42,0.0,0.0
集中_红利增强_V20_251229,,2023-11-14,2009.42,0.0,0.0
集中_红利增强_V20_251229,,2023-11-15,2009.42,0.0,0.0
集中_红利增强_V20_251229,,2023-11-16,2009.42,0.0,0.0
集中_红利增强_V20_251229,,2023-11-17,2009.42,0.0,0.0
集中_红利增强_V20_251229,,2023-11-20,2009.42,0.0,0.0
集中_红利增强_V20_251229,,2023-11-21,3488.57,0.0,0.0
集中_红利增强_V20_251229,,2023-11-22,3488.57,0.0,0.0
集中_红利增强_V20_251229,,2023-11-23,3488.57,0.0,0.0
集中_红利增强_V20_251229,,2023-11-24,1948.33,0.0,0.0
集中_红利增强_V20_251229,,2023-11-27,1954.12,0.0,0.0
集中_红利增强_V20_251229,,2023-11-28,1954.12,0.0,0.0
集中_红利增强_V20_251229,,2023-11-29,1954.12,0.0,0.0
集中_红利增强_V20_251229,,2023-11-30,1954.12,0.0,0.0
集中_红利增强_V20_251229,,2023-12-01,2822.12,0.0,0.0
集中_红利增强_V20_251229,,2023-12-04,2822.12,0.0,0.0
集中_红利增强_V20_251229,,2023-12-05,2822.12,0.0,0.0
集中_红利增强_V20_251229,,2023-12-06,1922.9,0.0,0.0
集中_红利增强_V20_251229,,2023-12-07,1922.9,0.0,0.0
集中_红利增强_V20_251229,,2023-12-08,1915.88,0.0,0.0
集中_红利增强_V20_251229,,2023-12-11,1915.88,0.0,0.0
集中_红利增强_V20_251229,,2023-12-12,1915.88,0.0,0.0
集中_红利增强_V20_251229,,2023-12-13,1915.88,0.0,0.0
集中_红利增强_V20_251229,,2023-12-14,1915.88,0.0,0.0
集中_红利增强_V20_251229,,2023-12-15,1915.88,0.0,0.0
集中_红利增强_V20_251229,,2023-12-18,1915.88,0.0,0.0
集中_红利增强_V20_251229,,2023-12-19,2555.76,0.0,0.0
集中_红利增强_V20_251229,,2023-12-20,2555.76,0.0,0.0
集中_红利增强_V20_251229,,2023-12-21,2555.76,0.0,0.0
集中_红利增强_V20_251229,,2023-12-22,2555.76,0.0,0.0
集中_红利增强_V20_251229,,2023-12-25,2555.76,0.0,0.0
集中_红利增强_V20_251229,,2023-12-26,2555.76,0.0,0.0
集中_红利增强_V20_251229,,2023-12-27,1924.49,0.0,0.0
集中_红利增强_V20_251229,,2023-12-28,1924.49,0.0,0.0
集中_红利增强_V20_251229,,2023-12-29,1924.49,0.0,0.0
集中_红利增强_V20_251229,,2024-01-02,1924.49,0.0,0.0
集中_红利增强_V20_251229,,2024-01-03,1924.49,0.0,0.0
集中_红利增强_V20_251229,,2024-01-04,1924.49,0.0,0.0
集中_红利增强_V20_251229,,2024-01-05,2027.65,0.0,0.0
集中_红利增强_V20_251229,,2024-01-08,2027.65,0.0,0.0
集中_红利增强_V20_251229,,2024-01-09,2027.65,0.0,0.0
集中_红利增强_V20_251229,,2024-01-10,2027.65,0.0,0.0
集中_红利增强_V20_251229,,2024-01-11,2027.65,0.0,0.0
集中_红利增强_V20_251229,,2024-01-12,2027.65,0.0,0.0
集中_红利增强_V20_251229,,2024-01-15,2027.65,0.0,0.0
集中_红利增强_V20_251229,,2024-01-16,2027.65,0.0,0.0
集中_红利增强_V20_251229,,2024-01-17,2027.65,0.0,0.0
集中_红利增强_V20_251229,,2024-01-18,2027.65,0.0,0.0
集中_红利增强_V20_251229,,2024-01-19,115694.83,0.0,0.0
集中_红利增强_V20_251229,,2024-01-22,6022.22,0.0,0.0
集中_红利增强_V20_251229,,2024-01-23,114365.42,0.0,0.0
集中_红利增强_V20_251229,,2024-01-24,5866.0,0.0,0.0
集中_红利增强_V20_251229,,2024-01-25,115563.77,0.0,0.0
集中_红利增强_V20_251229,,2024-01-26,115563.77,0.0,0.0
集中_红利增强_V20_251229,,2024-01-29,115563.77,0.0,0.0
集中_红利增强_V20_251229,,2024-01-30,115563.77,0.0,0.0
集中_红利增强_V20_251229,,2024-01-31,115563.77,0.0,0.0
集中_红利增强_V20_251229,,2024-02-01,115563.77,0.0,0.0
集中_红利增强_V20_251229,,2024-02-02,115563.77,0.0,0.0
集中_红利增强_V20_251229,,2024-02-05,115563.77,0.0,0.0
集中_红利增强_V20_251229,,2024-02-06,115563.77,0.0,0.0
集中_红利增强_V20_251229,,2024-02-07,115563.77,0.0,0.0
集中_红利增强_V20_251229,,2024-02-08,115563.77,0.0,0.0
集中_红利增强_V20_251229,,2024-02-19,5870.26,0.0,0.0
集中_红利增强_V20_251229,,2024-02-20,5870.26,0.0,0.0
集中_红利增强_V20_251229,,2024-02-21,5870.26,0.0,0.0
集中_红利增强_V20_251229,,2024-02-22,3465.32,0.0,0.0
集中_红利增强_V20_251229,,2024-02-23,3465.32,0.0,0.0
集中_红利增强_V20_251229,,2024-02-26,3465.32,0.0,0.0
集中_红利增强_V20_251229,,2024-02-27,3465.32,0.0,0.0
集中_红利增强_V20_251229,,2024-02-28,3465.32,0.0,0.0
集中_红利增强_V20_251229,,2024-02-29,2184.06,0.0,0.0
集中_红利增强_V20_251229,,2024-03-01,2184.06,0.0,0.0
集中_红利增强_V20_251229,,2024-03-04,2184.06,0.0,0.0
集中_红利增强_V20_251229,,2024-03-05,2184.06,0.0,0.0
集中_红利增强_V20_251229,,2024-03-06,2184.06,0.0,0.0
集中_红利增强_V20_251229,,2024-03-07,2184.06,0.0,0.0
集中_红利增强_V20_251229,,2024-03-08,2184.06,0.0,0.0
集中_红利增强_V20_251229,,2024-03-11,2364.48,0.0,0.0
集中_红利增强_V20_251229,,2024-03-12,2231.23,0.0,0.0
集中_红利增强_V20_251229,,2024-03-13,2231.23,0.0,0.0
集中_红利增强_V20_251229,,2024-03-14,2231.23,0.0,0.0
集中_红利增强_V20_251229,,2024-03-15,2129.38,0.0,0.0
集中_红利增强_V20_251229,,2024-03-18,2112.23,0.0,0.0
集中_红利增强_V20_251229,,2024-03-19,2112.23,0.0,0.0
集中_红利增强_V20_251229,,2024-03-20,2112.23,0.0,0.0
集中_红利增强_V20_251229,,2024-03-21,2112.23,0.0,0.0
集中_红利增强_V20_251229,,2024-03-22,2112.23,0.0,0.0
集中_红利增强_V20_251229,,2024-03-25,2112.23,0.0,0.0
集中_红利增强_V20_251229,,2024-03-26,2166.47,0.0,0.0
集中_红利增强_V20_251229,,2024-03-27,2015.21,0.0,0.0
集中_红利增强_V20_251229,,2024-03-28,2015.21,0.0,0.0
集中_红利增强_V20_251229,,2024-03-29,119071.94,0.0,0.0
集中_红利增强_V20_251229,,2024-04-01,119071.94,0.0,0.0
集中_红利增强_V20_251229,,2024-04-02,6338.07,0.0,0.0
集中_红利增强_V20_251229,,2024-04-03,6338.07,0.0,0.0
集中_红利增强_V20_251229,,2024-04-08,6338.07,0.0,0.0
集中_红利增强_V20_251229,,2024-04-09,121243.83,0.0,0.0
集中_红利增强_V20_251229,,2024-04-10,6312.01,0.0,0.0
集中_红利增强_V20_251229,,2024-04-11,6312.01,0.0,0.0
集中_红利增强_V20_251229,,2024-04-12,6312.01,0.0,0.0
集中_红利增强_V20_251229,,2024-04-15,4222.42,0.0,0.0
集中_红利增强_V20_251229,,2024-04-16,122919.84,0.0,0.0
集中_红利增强_V20_251229,,2024-04-17,122919.84,0.0,0.0
集中_红利增强_V20_251229,,2024-04-18,122919.84,0.0,0.0
集中_红利增强_V20_251229,,2024-04-19,122919.84,0.0,0.0
集中_红利增强_V20_251229,,2024-04-22,6530.05,0.0,0.0
集中_红利增强_V20_251229,,2024-04-23,6530.05,0.0,0.0
集中_红利增强_V20_251229,,2024-04-24,6530.05,0.0,0.0
集中_红利增强_V20_251229,,2024-04-25,120419.77,0.0,0.0
集中_红利增强_V20_251229,,2024-04-26,6104.4,0.0,0.0
集中_红利增强_V20_251229,,2024-04-29,6104.4,0.0,0.0
集中_红利增强_V20_251229,,2024-04-30,6104.4,0.0,0.0
集中_红利增强_V20_251229,,2024-05-06,3393.96,0.0,0.0
集中_红利增强_V20_251229,,2024-05-07,3393.96,0.0,0.0
集中_红利增强_V20_251229,,2024-05-08,3393.96,0.0,0.0
集中_红利增强_V20_251229,,2024-05-09,2150.15,0.0,0.0
集中_红利增强_V20_251229,,2024-05-10,2150.15,0.0,0.0
集中_红利增强_V20_251229,,2024-05-13,2150.15,0.0,0.0
集中_红利增强_V20_251229,,2024-05-14,2150.15,0.0,0.0
集中_红利增强_V20_251229,,2024-05-15,2150.15,0.0,0.0
集中_红利增强_V20_251229,,2024-05-16,2150.15,0.0,0.0
集中_红利增强_V20_251229,,2024-05-17,2150.15,0.0,0.0
集中_红利增强_V20_251229,,2024-05-20,2150.15,0.0,0.0
集中_红利增强_V20_251229,,2024-05-21,2150.15,0.0,0.0
集中_红利增强_V20_251229,,2024-05-22,2150.15,0.0,0.0
集中_红利增强_V20_251229,,2024-05-23,2150.15,0.0,0.0
集中_红利增强_V20_251229,,2024-05-24,2150.15,0.0,0.0
集中_红利增强_V20_251229,,2024-05-27,2150.15,0.0,0.0
集中_红利增强_V20_251229,,2024-05-28,2150.15,0.0,0.0
集中_红利增强_V20_251229,,2024-05-29,127759.74,0.0,0.0
集中_红利增强_V20_251229,,2024-05-30,127759.74,0.0,0.0
集中_红利增强_V20_251229,,2024-05-31,127759.74,0.0,0.0
集中_红利增强_V20_251229,,2024-06-03,6623.76,0.0,0.0
集中_红利增强_V20_251229,,2024-06-04,4472.22,0.0,0.0
集中_红利增强_V20_251229,,2024-06-05,4472.22,0.0,0.0
集中_红利增强_V20_251229,,2024-06-06,4472.22,0.0,0.0
集中_红利增强_V20_251229,,2024-06-07,4472.22,0.0,0.0
集中_红利增强_V20_251229,,2024-06-11,4472.22,0.0,0.0
集中_红利增强_V20_251229,,2024-06-12,4472.22,0.0,0.0
集中_红利增强_V20_251229,,2024-06-13,4472.22,0.0,0.0
集中_红利增强_V20_251229,,2024-06-14,4472.22,0.0,0.0
集中_红利增强_V20_251229,,2024-06-17,2433.29,0.0,0.0
集中_红利增强_V20_251229,,2024-06-18,2433.29,0.0,0.0
集中_红利增强_V20_251229,,2024-06-19,2196.98,0.0,0.0
集中_红利增强_V20_251229,,2024-06-20,2196.98,0.0,0.0
集中_红利增强_V20_251229,,2024-06-21,2483.01,0.0,0.0
集中_红利增强_V20_251229,,2024-06-24,2222.07,0.0,0.0
集中_红利增强_V20_251229,,2024-06-25,2222.07,0.0,0.0
集中_红利增强_V20_251229,,2024-06-26,2222.07,0.0,0.0
集中_红利增强_V20_251229,,2024-06-27,2215.65,0.0,0.0
集中_红利增强_V20_251229,,2024-06-28,2215.65,0.0,0.0
集中_红利增强_V20_251229,,2024-07-01,2215.65,0.0,0.0
集中_红利增强_V20_251229,,2024-07-02,2215.65,0.0,0.0
集中_红利增强_V20_251229,,2024-07-03,2256.41,0.0,0.0
集中_红利增强_V20_251229,,2024-07-04,2256.41,0.0,0.0
集中_红利增强_V20_251229,,2024-07-05,2256.41,0.0,0.0
集中_红利增强_V20_251229,,2024-07-08,2256.41,0.0,0.0
集中_红利增强_V20_251229,,2024-07-09,2256.41,0.0,0.0
集中_红利增强_V20_251229,,2024-07-10,2256.41,0.0,0.0
集中_红利增强_V20_251229,,2024-07-11,139692.74,0.0,0.0
集中_红利增强_V20_251229,,2024-07-12,139692.74,0.0,0.0
集中_红利增强_V20_251229,,2024-07-15,139692.74,0.0,0.0
集中_红利增强_V20_251229,,2024-07-16,139692.74,0.0,0.0
集中_红利增强_V20_251229,,2024-07-17,139692.74,0.0,0.0
集中_红利增强_V20_251229,,2024-07-18,7234.94,0.0,0.0
集中_红利增强_V20_251229,,2024-07-19,7234.94,0.0,0.0
集中_红利增强_V20_251229,,2024-07-22,4797.69,0.0,0.0
集中_红利增强_V20_251229,,2024-07-23,3914.7,0.0,0.0
集中_红利增强_V20_251229,,2024-07-24,3914.7,0.0,0.0
集中_红利增强_V20_251229,,2024-07-25,3914.7,0.0,0.0
集中_红利增强_V20_251229,,2024-07-26,3914.7,0.0,0.0
集中_红利增强_V20_251229,,2024-07-29,3914.7,0.0,0.0
集中_红利增强_V20_251229,,2024-07-30,3914.7,0.0,0.0
集中_红利增强_V20_251229,,2024-07-31,3914.7,0.0,0.0
集中_红利增强_V20_251229,,2024-08-01,3914.7,0.0,0.0
集中_红利增强_V20_251229,,2024-08-02,2326.7,0.0,0.0
集中_红利增强_V20_251229,,2024-08-05,2326.7,0.0,0.0
集中_红利增强_V20_251229,,2024-08-06,2326.7,0.0,0.0
集中_红利增强_V20_251229,,2024-08-07,2326.7,0.0,0.0
集中_红利增强_V20_251229,,2024-08-08,2326.7,0.0,0.0
集中_红利增强_V20_251229,,2024-08-09,2326.7,0.0,0.0
集中_红利增强_V20_251229,,2024-08-12,2326.7,0.0,0.0
集中_红利增强_V20_251229,,2024-08-13,2326.7,0.0,0.0
集中_红利增强_V20_251229,,2024-08-14,2326.7,0.0,0.0
集中_红利增强_V20_251229,,2024-08-15,2326.7,0.0,0.0
集中_红利增强_V20_251229,,2024-08-16,2326.7,0.0,0.0
集中_红利增强_V20_251229,,2024-08-19,2362.88,0.0,0.0
集中_红利增强_V20_251229,,2024-08-20,2362.88,0.0,0.0
集中_红利增强_V20_251229,,2024-08-21,2362.88,0.0,0.0
集中_红利增强_V20_251229,,2024-08-22,2199.35,0.0,0.0
集中_红利增强_V20_251229,,2024-08-23,2178.88,0.0,0.0
集中_红利增强_V20_251229,,2024-08-26,2178.88,0.0,0.0
集中_红利增强_V20_251229,,2024-08-27,2178.88,0.0,0.0
集中_红利增强_V20_251229,,2024-08-28,2178.88,0.0,0.0
集中_红利增强_V20_251229,,2024-08-29,2178.88,0.0,0.0
集中_红利增强_V20_251229,,2024-08-30,2178.88,0.0,0.0
集中_红利增强_V20_251229,,2024-09-02,2264.26,0.0,0.0
集中_红利增强_V20_251229,,2024-09-03,2264.26,0.0,0.0
集中_红利增强_V20_251229,,2024-09-04,2264.26,0.0,0.0
集中_红利增强_V20_251229,,2024-09-05,2083.64,0.0,0.0
集中_红利增强_V20_251229,,2024-09-06,5913.46,0.0,0.0
集中_红利增强_V20_251229,,2024-09-09,5913.46,0.0,0.0
集中_红利增强_V20_251229,,2024-09-10,5913.46,0.0,0.0
集中_红利增强_V20_251229,,2024-09-11,5913.46,0.0,0.0
集中_红利增强_V20_251229,,2024-09-12,2638.92,0.0,0.0
集中_红利增强_V20_251229,,2024-09-13,2638.92,0.0,0.0
集中_红利增强_V20_251229,,2024-09-18,2638.92,0.0,0.0
集中_红利增强_V20_251229,,2024-09-19,3069.65,0.0,0.0
集中_红利增强_V20_251229,,2024-09-20,3069.65,0.0,0.0
集中_红利增强_V20_251229,,2024-09-23,2272.17,0.0,0.0
集中_红利增强_V20_251229,,2024-09-24,2272.17,0.0,0.0
集中_红利增强_V20_251229,,2024-09-25,2272.17,0.0,0.0
集中_红利增强_V20_251229,,2024-09-26,2272.17,0.0,0.0
集中_红利增强_V20_251229,,2024-09-27,2272.17,0.0,0.0
集中_红利增强_V20_251229,,2024-09-30,2266.79,0.0,0.0
集中_红利增强_V20_251229,,2024-10-08,44614.6,0.0,0.0
集中_红利增强_V20_251229,,2024-10-09,2429.06,0.0,0.0
集中_红利增强_V20_251229,,2024-10-10,2349.73,0.0,0.0
集中_红利增强_V20_251229,,2024-10-11,2349.73,0.0,0.0
集中_红利增强_V20_251229,,2024-10-14,5729.15,0.0,0.0
集中_红利增强_V20_251229,,2024-10-15,5729.15,0.0,0.0
集中_红利增强_V20_251229,,2024-10-16,5729.15,0.0,0.0
集中_红利增强_V20_251229,,2024-10-17,5729.15,0.0,0.0
集中_红利增强_V20_251229,,2024-10-18,5729.15,0.0,0.0
集中_红利增强_V20_251229,,2024-10-21,5729.15,0.0,0.0
集中_红利增强_V20_251229,,2024-10-22,5729.15,0.0,0.0
集中_红利增强_V20_251229,,2024-10-23,5729.15,0.0,0.0
集中_红利增强_V20_251229,,2024-10-24,5729.15,0.0,0.0
集中_红利增强_V20_251229,,2024-10-25,5729.15,0.0,0.0
集中_红利增强_V20_251229,,2024-10-28,5729.15,0.0,0.0
集中_红利增强_V20_251229,,2024-10-29,5729.15,0.0,0.0
集中_红利增强_V20_251229,,2024-10-30,5729.15,0.0,0.0
集中_红利增强_V20_251229,,2024-10-31,5729.15,0.0,0.0
集中_红利增强_V20_251229,,2024-11-01,5729.15,0.0,0.0
集中_红利增强_V20_251229,,2024-11-04,5729.15,0.0,0.0
集中_红利增强_V20_251229,,2024-11-05,129951.99,0.0,0.0
集中_红利增强_V20_251229,,2024-11-06,6803.41,0.0,0.0
集中_红利增强_V20_251229,,2024-11-07,4148.11,0.0,0.0
集中_红利增强_V20_251229,,2024-11-08,4148.11,0.0,0.0
集中_红利增强_V20_251229,,2024-11-11,4148.11,0.0,0.0
集中_红利增强_V20_251229,,2024-11-12,4148.11,0.0,0.0
集中_红利增强_V20_251229,,2024-11-13,4148.11,0.0,0.0
集中_红利增强_V20_251229,,2024-11-14,4148.11,0.0,0.0
集中_红利增强_V20_251229,,2024-11-15,3678.05,0.0,0.0
集中_红利增强_V20_251229,,2024-11-18,3678.05,0.0,0.0
集中_红利增强_V20_251229,,2024-11-19,3579.74,0.0,0.0
集中_红利增强_V20_251229,,2024-11-20,2248.52,0.0,0.0
集中_红利增强_V20_251229,,2024-11-21,2248.52,0.0,0.0
集中_红利增强_V20_251229,,2024-11-22,2248.52,0.0,0.0
集中_红利增强_V20_251229,,2024-11-25,4463.01,0.0,0.0
集中_红利增强_V20_251229,,2024-11-26,4473.33,0.0,0.0
集中_红利增强_V20_251229,,2024-11-27,4473.33,0.0,0.0
集中_红利增强_V20_251229,,2024-11-28,4473.33,0.0,0.0
集中_红利增强_V20_251229,,2024-11-29,4473.33,0.0,0.0
集中_红利增强_V20_251229,,2024-12-02,3300.89,0.0,0.0
集中_红利增强_V20_251229,,2024-12-03,3300.89,0.0,0.0
集中_红利增强_V20_251229,,2024-12-04,3300.89,0.0,0.0
集中_红利增强_V20_251229,,2024-12-05,3300.89,0.0,0.0
集中_红利增强_V20_251229,,2024-12-06,3300.89,0.0,0.0
集中_红利增强_V20_251229,,2024-12-09,3280.93,0.0,0.0
集中_红利增强_V20_251229,,2024-12-10,3280.93,0.0,0.0
集中_红利增强_V20_251229,,2024-12-11,3280.93,0.0,0.0
集中_红利增强_V20_251229,,2024-12-12,3280.93,0.0,0.0
集中_红利增强_V20_251229,,2024-12-13,3280.93,0.0,0.0
集中_红利增强_V20_251229,,2024-12-16,3280.93,0.0,0.0
集中_红利增强_V20_251229,,2024-12-17,3280.93,0.0,0.0
集中_红利增强_V20_251229,,2024-12-18,3280.93,0.0,0.0
集中_红利增强_V20_251229,,2024-12-19,3280.93,0.0,0.0
集中_红利增强_V20_251229,,2024-12-20,3280.93,0.0,0.0
集中_红利增强_V20_251229,,2024-12-23,3280.93,0.0,0.0
集中_红利增强_V20_251229,,2024-12-24,3280.93,0.0,0.0
集中_红利增强_V20_251229,,2024-12-25,2274.47,0.0,0.0
集中_红利增强_V20_251229,,2024-12-26,2274.47,0.0,0.0
集中_红利增强_V20_251229,,2024-12-27,2329.39,0.0,0.0
集中_红利增强_V20_251229,,2024-12-30,2329.39,0.0,0.0
集中_红利增强_V20_251229,,2024-12-31,2329.39,0.0,0.0
集中_红利增强_V20_251229,,2025-01-02,2329.39,0.0,0.0
集中_红利增强_V20_251229,,2025-01-03,128343.58,0.0,0.0
集中_红利增强_V20_251229,,2025-01-06,128343.58,0.0,0.0
集中_红利增强_V20_251229,,2025-01-07,128343.58,0.0,0.0
集中_红利增强_V20_251229,,2025-01-08,6535.03,0.0,0.0
集中_红利增强_V20_251229,,2025-01-09,6535.03,0.0,0.0
集中_红利增强_V20_251229,,2025-01-10,4131.25,0.0,0.0
集中_红利增强_V20_251229,,2025-01-13,4131.25,0.0,0.0
集中_红利增强_V20_251229,,2025-01-14,4131.25,0.0,0.0
集中_红利增强_V20_251229,,2025-01-15,4131.25,0.0,0.0
集中_红利增强_V20_251229,,2025-01-16,2631.74,0.0,0.0
集中_红利增强_V20_251229,,2025-01-17,2631.74,0.0,0.0
集中_红利增强_V20_251229,,2025-01-20,2171.14,0.0,0.0
集中_红利增强_V20_251229,,2025-01-21,2171.14,0.0,0.0
集中_红利增强_V20_251229,,2025-01-22,2171.14,0.0,0.0
集中_红利增强_V20_251229,,2025-01-23,2171.14,0.0,0.0
集中_红利增强_V20_251229,,2025-01-24,2171.14,0.0,0.0
集中_红利增强_V20_251229,,2025-01-27,2171.14,0.0,0.0
集中_红利增强_V20_251229,,2025-02-05,2171.14,0.0,0.0
集中_红利增强_V20_251229,,2025-02-06,2171.14,0.0,0.0
集中_红利增强_V20_251229,,2025-02-07,2171.14,0.0,0.0
集中_红利增强_V20_251229,,2025-02-10,2171.14,0.0,0.0
集中_红利增强_V20_251229,,2025-02-11,2171.14,0.0,0.0
集中_红利增强_V20_251229,,2025-02-12,2171.14,0.0,0.0
集中_红利增强_V20_251229,,2025-02-13,2171.14,0.0,0.0
集中_红利增强_V20_251229,,2025-02-14,2171.14,0.0,0.0
集中_红利增强_V20_251229,,2025-02-17,2171.14,0.0,0.0
集中_红利增强_V20_251229,,2025-02-18,2206.82,0.0,0.0
集中_红利增强_V20_251229,,2025-02-19,2206.82,0.0,0.0
集中_红利增强_V20_251229,,2025-02-20,2206.82,0.0,0.0
集中_红利增强_V20_251229,,2025-02-21,2986.92,0.0,0.0
集中_红利增强_V20_251229,,2025-02-24,2430.83,0.0,0.0
集中_红利增强_V20_251229,,2025-02-25,2430.83,0.0,0.0
集中_红利增强_V20_251229,,2025-02-26,2430.83,0.0,0.0
集中_红利增强_V20_251229,,2025-02-27,2605.28,0.0,0.0
集中_红利增强_V20_251229,,2025-02-28,2451.89,0.0,0.0
集中_红利增强_V20_251229,,2025-03-03,2451.89,0.0,0.0
集中_红利增强_V20_251229,,2025-03-04,2451.89,0.0,0.0
集中_红利增强_V20_251229,,2025-03-05,2451.89,0.0,0.0
集中_红利增强_V20_251229,,2025-03-06,2451.89,0.0,0.0
集中_红利增强_V20_251229,,2025-03-07,2451.89,0.0,0.0
集中_红利增强_V20_251229,,2025-03-10,2451.89,0.0,0.0
集中_红利增强_V20_251229,,2025-03-11,2451.89,0.0,0.0
集中_红利增强_V20_251229,,2025-03-12,2451.89,0.0,0.0
集中_红利增强_V20_251229,,2025-03-13,2451.89,0.0,0.0
集中_红利增强_V20_251229,,2025-03-14,2451.89,0.0,0.0
集中_红利增强_V20_251229,,2025-03-17,2451.89,0.0,0.0
集中_红利增强_V20_251229,,2025-03-18,2451.89,0.0,0.0
集中_红利增强_V20_251229,,2025-03-19,2451.89,0.0,0.0
集中_红利增强_V20_251229,,2025-03-20,2451.89,0.0,0.0
集中_红利增强_V20_251229,,2025-03-21,2451.89,0.0,0.0
集中_红利增强_V20_251229,,2025-03-24,2451.89,0.0,0.0
集中_红利增强_V20_251229,,2025-03-25,2728.37,0.0,0.0
集中_红利增强_V20_251229,,2025-03-26,2728.37,0.0,0.0
集中_红利增强_V20_251229,,2025-03-27,2728.37,0.0,0.0
集中_红利增强_V20_251229,,2025-03-28,2728.37,0.0,0.0
集中_红利增强_V20_251229,,2025-03-31,2800.14,0.0,0.0
集中_红利增强_V20_251229,,2025-04-01,134041.63,0.0,0.0
集中_红利增强_V20_251229,,2025-04-02,6933.06,0.0,0.0
集中_红利增强_V20_251229,,2025-04-03,6933.06,0.0,0.0
集中_红利增强_V20_251229,,2025-04-07,6142.44,0.0,0.0
集中_红利增强_V20_251229,,2025-04-08,126201.92,0.0,0.0
集中_红利增强_V20_251229,,2025-04-09,126201.92,0.0,0.0
集中_红利增强_V20_251229,,2025-04-10,126201.92,0.0,0.0
集中_红利增强_V20_251229,,2025-04-11,126201.92,0.0,0.0
集中_红利增强_V20_251229,,2025-04-14,126201.92,0.0,0.0
集中_红利增强_V20_251229,,2025-04-15,126201.92,0.0,0.0
集中_红利增强_V20_251229,,2025-04-16,126201.92,0.0,0.0
集中_红利增强_V20_251229,,2025-04-17,126201.92,0.0,0.0
集中_红利增强_V20_251229,,2025-04-18,126201.92,0.0,0.0
集中_红利增强_V20_251229,,2025-04-21,126201.92,0.0,0.0
集中_红利增强_V20_251229,,2025-04-22,126201.92,0.0,0.0
集中_红利增强_V20_251229,,2025-04-23,126201.92,0.0,0.0
集中_红利增强_V20_251229,,2025-04-24,126201.92,0.0,0.0
集中_红利增强_V20_251229,,2025-04-25,126201.92,0.0,0.0
集中_红利增强_V20_251229,,2025-04-28,126201.92,0.0,0.0
集中_红利增强_V20_251229,,2025-04-29,126201.92,0.0,0.0
集中_红利增强_V20_251229,,2025-04-30,6616.93,0.0,0.0
集中_红利增强_V20_251229,,2025-05-06,6616.93,0.0,0.0
集中_红利增强_V20_251229,,2025-05-07,4207.89,0.0,0.0
集中_红利增强_V20_251229,,2025-05-08,4207.89,0.0,0.0
集中_红利增强_V20_251229,,2025-05-09,2221.97,0.0,0.0
集中_红利增强_V20_251229,,2025-05-12,2478.09,0.0,0.0
集中_红利增强_V20_251229,,2025-05-13,3094.02,0.0,0.0
集中_红利增强_V20_251229,,2025-05-14,3094.02,0.0,0.0
集中_红利增强_V20_251229,,2025-05-15,2109.29,0.0,0.0
集中_红利增强_V20_251229,,2025-05-16,2109.29,0.0,0.0
集中_红利增强_V20_251229,,2025-05-19,2109.29,0.0,0.0
集中_红利增强_V20_251229,,2025-05-20,2254.74,0.0,0.0
集中_红利增强_V20_251229,,2025-05-21,2254.74,0.0,0.0
集中_红利增强_V20_251229,,2025-05-22,2254.74,0.0,0.0
集中_红利增强_V20_251229,,2025-05-23,2254.74,0.0,0.0
集中_红利增强_V20_251229,,2025-05-26,2099.85,0.0,0.0
集中_红利增强_V20_251229,,2025-05-27,2084.46,0.0,0.0
集中_红利增强_V20_251229,,2025-05-28,2084.46,0.0,0.0
集中_红利增强_V20_251229,,2025-05-29,2084.46,0.0,0.0
集中_红利增强_V20_251229,,2025-05-30,2084.46,0.0,0.0
集中_红利增强_V20_251229,,2025-06-03,2084.46,0.0,0.0
集中_红利增强_V20_251229,,2025-06-04,2084.46,0.0,0.0
集中_红利增强_V20_251229,,2025-06-05,2084.46,0.0,0.0
集中_红利增强_V20_251229,,2025-06-06,2084.46,0.0,0.0
集中_红利增强_V20_251229,,2025-06-09,2084.46,0.0,0.0
集中_红利增强_V20_251229,,2025-06-10,2084.46,0.0,0.0
集中_红利增强_V20_251229,,2025-06-11,2084.46,0.0,0.0
集中_红利增强_V20_251229,,2025-06-12,2084.46,0.0,0.0
集中_红利增强_V20_251229,,2025-06-13,2084.46,0.0,0.0
集中_红利增强_V20_251229,,2025-06-16,2042.13,0.0,0.0
集中_红利增强_V20_251229,,2025-06-17,2042.13,0.0,0.0
集中_红利增强_V20_251229,,2025-06-18,2042.13,0.0,0.0
集中_红利增强_V20_251229,,2025-06-19,2233.31,0.0,0.0
集中_红利增强_V20_251229,,2025-06-20,2233.31,0.0,0.0
集中_红利增强_V20_251229,,2025-06-23,2233.31,0.0,0.0
集中_红利增强_V20_251229,,2025-06-24,3981.92,0.0,0.0
集中_红利增强_V20_251229,,2025-06-25,3981.92,0.0,0.0
集中_红利增强_V20_251229,,2025-06-26,3846.46,0.0,0.0
集中_红利增强_V20_251229,,2025-06-27,3846.46,0.0,0.0
集中_红利增强_V20_251229,,2025-06-30,4368.16,0.0,0.0
集中_红利增强_V20_251229,,2025-07-01,4368.16,0.0,0.0
集中_红利增强_V20_251229,,2025-07-02,4368.16,0.0,0.0
集中_红利增强_V20_251229,,2025-07-03,2314.45,0.0,0.0
集中_红利增强_V20_251229,,2025-07-04,2314.45,0.0,0.0
集中_红利增强_V20_251229,,2025-07-07,2314.45,0.0,0.0
集中_红利增强_V20_251229,,2025-07-08,2314.45,0.0,0.0
集中_红利增强_V20_251229,,2025-07-09,2314.45,0.0,0.0
集中_红利增强_V20_251229,,2025-07-10,2314.45,0.0,0.0
集中_红利增强_V20_251229,,2025-07-11,2314.45,0.0,0.0
集中_红利增强_V20_251229,,2025-07-14,2314.45,0.0,0.0
集中_红利增强_V20_251229,,2025-07-15,2314.45,0.0,0.0
集中_红利增强_V20_251229,,2025-07-16,2314.45,0.0,0.0
集中_红利增强_V20_251229,,2025-07-17,2314.45,0.0,0.0
集中_红利增强_V20_251229,,2025-07-18,2314.45,0.0,0.0
集中_红利增强_V20_251229,,2025-07-21,2314.45,0.0,0.0
集中_红利增强_V20_251229,,2025-07-22,2314.45,0.0,0.0
集中_红利增强_V20_251229,,2025-07-23,2314.45,0.0,0.0
集中_红利增强_V20_251229,,2025-07-24,2314.45,0.0,0.0
集中_红利增强_V20_251229,,2025-07-25,2314.45,0.0,0.0
集中_红利增强_V20_251229,,2025-07-28,2314.45,0.0,0.0
集中_红利增强_V20_251229,,2025-07-29,2249.02,0.0,0.0
集中_红利增强_V20_251229,,2025-07-30,2249.02,0.0,0.0
集中_红利增强_V20_251229,,2025-07-31,2249.02,0.0,0.0
集中_红利增强_V20_251229,,2025-08-01,2249.02,0.0,0.0
集中_红利增强_V20_251229,,2025-08-04,2249.02,0.0,0.0
集中_红利增强_V20_251229,,2025-08-05,2249.02,0.0,0.0
集中_红利增强_V20_251229,,2025-08-06,2249.02,0.0,0.0
集中_红利增强_V20_251229,,2025-08-07,2249.02,0.0,0.0
集中_红利增强_V20_251229,,2025-08-08,2249.02,0.0,0.0
集中_红利增强_V20_251229,,2025-08-11,2249.02,0.0,0.0
集中_红利增强_V20_251229,,2025-08-12,2249.02,0.0,0.0
集中_红利增强_V20_251229,,2025-08-13,2249.02,0.0,0.0
集中_红利增强_V20_251229,,2025-08-14,2249.02,0.0,0.0
集中_红利增强_V20_251229,,2025-08-15,2249.02,0.0,0.0
集中_红利增强_V20_251229,,2025-08-18,2497.02,0.0,0.0
集中_红利增强_V20_251229,,2025-08-19,2497.02,0.0,0.0
集中_红利增强_V20_251229,,2025-08-20,2497.02,0.0,0.0
集中_红利增强_V20_251229,,2025-08-21,3136.0,0.0,0.0
集中_红利增强_V20_251229,,2025-08-22,3136.0,0.0,0.0
集中_红利增强_V20_251229,,2025-08-25,3136.0,0.0,0.0
集中_红利增强_V20_251229,,2025-08-26,3136.0,0.0,0.0
集中_红利增强_V20_251229,,2025-08-27,3136.0,0.0,0.0
集中_红利增强_V20_251229,,2025-08-28,3136.0,0.0,0.0
集中_红利增强_V20_251229,,2025-08-29,2320.21,0.0,0.0
集中_红利增强_V20_251229,,2025-09-01,2320.21,0.0,0.0
集中_红利增强_V20_251229,,2025-09-02,2320.21,0.0,0.0
集中_红利增强_V20_251229,,2025-09-03,2320.21,0.0,0.0
集中_红利增强_V20_251229,,2025-09-04,2320.21,0.0,0.0
集中_红利增强_V20_251229,,2025-09-05,2320.21,0.0,0.0
集中_红利增强_V20_251229,,2025-09-08,2320.21,0.0,0.0
集中_红利增强_V20_251229,,2025-09-09,2320.21,0.0,0.0
集中_红利增强_V20_251229,,2025-09-10,2234.13,0.0,0.0
集中_红利增强_V20_251229,,2025-09-11,2234.13,0.0,0.0
集中_红利增强_V20_251229,,2025-09-12,2234.13,0.0,0.0
集中_红利增强_V20_251229,,2025-09-15,2234.13,0.0,0.0
集中_红利增强_V20_251229,,2025-09-16,2234.13,0.0,0.0
集中_红利增强_V20_251229,,2025-09-17,2234.13,0.0,0.0
集中_红利增强_V20_251229,,2025-09-18,2234.13,0.0,0.0
集中_红利增强_V20_251229,,2025-09-19,2234.13,0.0,0.0
集中_红利增强_V20_251229,,2025-09-22,2234.13,0.0,0.0
集中_红利增强_V20_251229,,2025-09-23,2234.13,0.0,0.0
集中_红利增强_V20_251229,,2025-09-24,2234.13,0.0,0.0
集中_红利增强_V20_251229,,2025-09-25,2234.13,0.0,0.0
集中_红利增强_V20_251229,,2025-09-26,2234.13,0.0,0.0
集中_红利增强_V20_251229,,2025-09-29,2234.13,0.0,0.0
集中_红利增强_V20_251229,,2025-09-30,2234.13,0.0,0.0
集中_红利增强_V20_251229,,2025-10-09,2234.13,0.0,0.0
集中_红利增强_V20_251229,,2025-10-10,2234.13,0.0,0.0
集中_红利增强_V20_251229,,2025-10-13,7298.66,0.0,0.0
集中_红利增强_V20_251229,,2025-10-14,7298.66,0.0,0.0
集中_红利增强_V20_251229,,2025-10-15,12846.19,0.0,0.0
集中_红利增强_V20_251229,,2025-10-16,12846.19,0.0,0.0
集中_红利增强_V20_251229,,2025-10-17,12846.19,0.0,0.0
集中_红利增强_V20_251229,,2025-10-20,12846.19,0.0,0.0
集中_红利增强_V20_251229,,2025-10-21,12846.19,0.0,0.0
集中_红利增强_V20_251229,,2025-10-22,2958.05,0.0,0.0
集中_红利增强_V20_251229,,2025-10-23,2958.05,0.0,0.0
集中_红利增强_V20_251229,,2025-10-24,2958.05,0.0,0.0
集中_红利增强_V20_251229,,2025-10-27,2958.05,0.0,0.0
集中_红利增强_V20_251229,,2025-10-28,3073.89,0.0,0.0
集中_红利增强_V20_251229,,2025-10-29,3073.89,0.0,0.0
集中_红利增强_V20_251229,,2025-10-30,3073.89,0.0,0.0
集中_红利增强_V20_251229,,2025-10-31,3073.89,0.0,0.0
集中_红利增强_V20_251229,,2025-11-03,2841.54,0.0,0.0
集中_红利增强_V20_251229,,2025-11-04,2841.54,0.0,0.0
集中_红利增强_V20_251229,,2025-11-05,164430.74,0.0,0.0
集中_红利增强_V20_251229,,2025-11-06,8340.12,0.0,0.0
集中_红利增强_V20_251229,,2025-11-07,8340.12,0.0,0.0
集中_红利增强_V20_251229,,2025-11-10,5499.09,0.0,0.0
集中_红利增强_V20_251229,,2025-11-11,5499.09,0.0,0.0
集中_红利增强_V20_251229,,2025-11-12,5499.09,0.0,0.0
集中_红利增强_V20_251229,,2025-11-13,5499.09,0.0,0.0
集中_红利增强_V20_251229,,2025-11-14,5499.09,0.0,0.0
集中_红利增强_V20_251229,,2025-11-17,5808.09,0.0,0.0
集中_红利增强_V20_251229,,2025-11-18,2853.55,0.0,0.0
集中_红利增强_V20_251229,,2025-11-19,2853.55,0.0,0.0
集中_红利增强_V20_251229,,2025-11-20,2853.55,0.0,0.0
集中_红利增强_V20_251229,,2025-11-21,2761.27,0.0,0.0
集中_红利增强_V20_251229,,2025-11-24,3097.4,0.0,0.0
集中_红利增强_V20_251229,,2025-11-25,3097.4,0.0,0.0
集中_红利增强_V20_251229,,2025-11-26,3097.4,0.0,0.0
集中_红利增强_V20_251229,,2025-11-27,3097.4,0.0,0.0
集中_红利增强_V20_251229,,2025-11-28,3097.4,0.0,0.0
集中_红利增强_V20_251229,,2025-12-01,3097.4,0.0,0.0
集中_红利增强_V20_251229,,2025-12-02,4458.77,0.0,0.0
集中_红利增强_V20_251229,,2025-12-03,4458.77,0.0,0.0
集中_红利增强_V20_251229,,2025-12-04,4458.77,0.0,0.0
集中_红利增强_V20_251229,,2025-12-05,4458.77,0.0,0.0
集中_红利增强_V20_251229,,2025-12-08,4458.77,0.0,0.0
集中_红利增强_V20_251229,,2025-12-09,4458.77,0.0,0.0
集中_红利增强_V20_251229,,2025-12-10,2703.32,0.0,0.0
集中_红利增强_V20_251229,,2025-12-11,2703.32,0.0,0.0
集中_红利增强_V20_251229,,2025-12-12,2703.32,0.0,0.0
集中_红利增强_V20_251229,,2025-12-15,2703.32,0.0,0.0
集中_红利增强_V20_251229,,2025-12-16,2703.32,0.0,0.0
集中_红利增强_V20_251229,,2025-12-17,2703.32,0.0,0.0
集中_红利增强_V20_251229,,2025-12-18,2703.32,0.0,0.0
集中_红利增强_V20_251229,,2025-12-19,2733.39,0.0,0.0
集中_红利增强_V20_251229,,2025-12-22,2733.39,0.0,0.0
集中_红利增强_V20_251229,,2025-12-23,2733.39,0.0,0.0
集中_红利增强_V20_251229,,2025-12-24,2733.39,0.0,0.0
集中_红利增强_V20_251229,,2025-12-25,2733.39,0.0,0.0
集中_红利增强_V20_251229,,2025-12-26,157557.68,0.0,0.0
集中_红利增强_V20_251229,,2025-12-29,100000.0,-57557.68,-57557.68
集中_红利增强_V20_251229,,2025-12-30,5332.138949999995,0.0,-57557.68
集中_红利增强_V20_251229,,2025-12-31,5332.138949999995,0.0,-57557.68
集中_红利增强_V20_251229,,2026-01-05,4486.715949999994,0.0,-57557.68
集中_红利增强_V20_251229,,2026-01-06,4486.715949999994,0.0,-57557.68
集中_红利增强_V20_251229,,2026-01-07,4486.715949999994,0.0,-57557.68
集中_红利增强_V20_251229,,2026-01-08,4486.715949999994,0.0,-57557.68
集中_红利增强_V20_251229,,2026-01-09,4486.715949999994,0.0,-57557.68
集中_红利增强_V20_251229,,2026-01-12,4486.715949999994,0.0,-57557.68
集中_红利增强_V20_251229,,2026-01-13,4486.715949999994,0.0,-57557.68
集中_红利增强_V20_251229,,2026-01-14,2285.900325,0.0,-57557.68
集中_红利增强_V20_251229,,2026-01-15,2285.900325,0.0,-57557.68
集中_红利增强_V20_251229,,2026-01-16,2552.500325,0.0,-57557.68
集中_红利增强_V20_251229,,2026-01-19,2552.500325,0.0,-57557.68
集中_红利增强_V20_251229,,2026-01-20,2552.500325,0.0,-57557.68
集中_红利增强_V20_251229,,2026-01-21,2552.500325,0.0,-57557.68
集中_红利增强_V20_251229,,2026-01-22,2552.500325,0.0,-57557.68
集中_红利增强_V20_251229,,2026-01-23,2552.500325,0.0,-57557.68
集中_红利增强_V20_251229,,2026-01-26,2552.500325,0.0,-57557.68
集中_红利增强_V20_251229,,2026-01-27,2552.500325,0.0,-57557.68
集中_红利增强_V20_251229,,2026-01-28,2552.500325,0.0,-57557.68
集中_红利增强_V20_251229,,2026-01-29,2552.500325,0.0,-57557.68
集中_红利增强_V20_251229,,2026-01-30,2552.500325,0.0,-57557.68
集中_红利增强_V20_251229,,2026-02-02,2552.500325,0.0,-57557.68
集中_红利增强_V20_251229,,2026-02-03,104424.825875,0.0,-57557.68
集中_红利增强_V20_251229,,2026-02-04,104424.825875,0.0,-57557.68
集中_红利增强_V20_251229,,2026-02-05,6106.252374999992,0.0,-57557.68
集中_红利增强_V20_251229,,2026-02-06,6106.252374999992,0.0,-57557.68
集中_红利增强_V20_251229,,2026-02-09,105262.45712499999,0.0,-57557.68
集中_红利增强_V20_251229,,2026-02-10,105262.45712499999,0.0,-57557.68
集中_红利增强_V20_251229,,2026-02-11,105262.45712499999,0.0,-57557.68
集中_红利增强_V20_251229,,2026-02-12,105262.45712499999,0.0,-57557.68
集中_红利增强_V20_251229,,2026-02-13,105262.45712499999,0.0,-57557.68
集中_红利增强_V20_251229,,2026-02-24,105262.45712499999,0.0,-57557.68
集中_红利增强_V20_251229,,2026-02-25,105262.45712499999,0.0,-57557.68
集中_红利增强_V20_251229,,2026-02-26,105262.45712499999,0.0,-57557.68
集中_红利增强_V20_251229,,2026-02-27,5929.83017499998,0.0,-57557.68
集中_红利增强_V20_251229,,2026-03-02,5929.83017499998,0.0,-57557.68
集中_红利增强_V20_251229,,2026-03-03,107287.08452499998,0.0,-57557.68
集中_红利增强_V20_251229,,2026-03-04,107287.08452499998,0.0,-57557.68
集中_红利增强_V20_251229,,2026-03-05,107287.08452499998,0.0,-57557.68
集中_红利增强_V20_251229,,2026-03-06,107287.08452499998,0.0,-57557.68
集中_红利增强_V20_251229,,2026-03-09,107287.08452499998,0.0,-57557.68
集中_红利增强_V20_251229,,2026-03-10,107287.08452499998,0.0,-57557.68
集中_红利增强_V20_251229,,2026-03-11,107287.08452499998,0.0,-57557.68
集中_红利增强_V20_251229,,2026-03-12,107287.08452499998,0.0,-57557.68
集中_红利增强_V20_251229,,2026-03-13,107287.08452499998,0.0,-57557.68
集中_红利增强_V20_251229,,2026-03-16,107287.08452499998,0.0,-57557.68
集中_红利增强_V20_251229,,2026-03-17,107287.08452499998,0.0,-57557.68
集中_红利增强_V20_251229,,2026-03-18,107287.08452499998,0.0,-57557.68
集中_红利增强_V20_251229,,2026-03-19,107287.08452499998,0.0,-57557.68
集中_红利增强_V20_251229,,2026-03-20,6034.07759999999,0.0,-57557.68
集中_红利增强_V20_251229,,2026-03-23,3296.4677999999867,0.0,-57557.68
集中_红利增强_V20_251229,,2026-03-24,105014.23199999999,0.0,-57557.68
集中_红利增强_V20_251229,,2026-03-25,5643.495524999989,0.0,-57557.68
集中_红利增强_V20_251229,,2026-03-26,5643.495524999989,0.0,-57557.68
集中_红利增强_V20_251229,,2026-03-27,5643.495524999989,0.0,-57557.68
集中_红利增强_V20_251229,,2026-03-30,4538.0871999999945,0.0,-57557.68
集中_红利增强_V20_251229,,2026-03-31,4538.0871999999945,0.0,-57557.68
集中_红利增强_V20_251229,,2026-04-01,4538.0871999999945,0.0,-57557.68
集中_红利增强_V20_251229,,2026-04-02,4538.0871999999945,0.0,-57557.68
集中_红利增强_V20_251229,,2026-04-03,4919.29347499999,0.0,-57557.68
集中_红利增强_V20_251229,,2026-04-07,4919.29347499999,0.0,-57557.68
集中_红利增强_V20_251229,,2026-04-08,4919.29347499999,0.0,-57557.68
集中_红利增强_V20_251229,,2026-04-09,4919.29347499999,0.0,-57557.68
集中_红利增强_V20_251229,,2026-04-10,4919.29347499999,0.0,-57557.68
集中_红利增强_V20_251229,,2026-04-13,36410.01882499999,0.0,-57557.68
集中_红利增强_V20_251229,,2026-04-14,36410.01882499999,0.0,-57557.68
集中_红利增强_V20_251229,,2026-04-15,34501.52069999999,0.0,-57557.68
集中_红利增强_V20_251229,,2026-04-16,34501.52069999999,0.0,-57557.68
集中_红利增强_V20_251229,,2026-04-17,34501.52069999999,0.0,-57557.68
集中_红利增强_V20_251229,,2026-04-20,34710.52069999999,0.0,-57557.68
集中_红利增强_V20_251229,,2026-04-21,34710.52069999999,0.0,-57557.68
集中_红利增强_V20_251229,,2026-04-22,34710.52069999999,0.0,-57557.68
集中_红利增强_V20_251229,,2026-04-23,34710.52069999999,0.0,-57557.68
集中_红利增强_V20_251229,,2026-04-24,34710.52069999999,0.0,-57557.68
集中_红利增强_V20_251229,,2026-04-27,34710.52069999999,0.0,-57557.68
集中_红利增强_V20_251229,,2026-04-28,34710.52069999999,0.0,-57557.68
集中_红利增强_V20_251229,,2026-04-29,34710.52069999999,0.0,-57557.68
集中_红利增强_V20_251229,,2026-04-30,35791.58112499998,0.0,-57557.68
集中_红利增强_V20_251229,,2026-05-06,35791.58112499998,0.0,-57557.68
集中_红利增强_V20_251229,,2026-05-07,35791.58112499998,0.0,-57557.68
集中_红利增强_V20_251229,,2026-05-08,35791.58112499998,0.0,-57557.68
集中_红利增强_V20_251229,,2026-05-11,35791.58112499998,0.0,-57557.68
集中_红利增强_V20_251229,,2026-05-12,35791.58112499998,0.0,-57557.68
集中_红利增强_V20_251229,,2026-05-13,35791.58112499998,0.0,-57557.68
集中_红利增强_V20_251229,,2026-05-14,35791.58112499998,0.0,-57557.68
集中_红利增强_V20_251229,,2026-05-15,35791.58112499998,0.0,-57557.68
集中_红利增强_V20_251229,,2026-05-18,35791.58112499998,0.0,-57557.68
