strategy_name,holding_period,turnover_rate,buy_sell_ratio,hhi_concentration,disposition_effect,positive_trade_ratio,etf_ratio,avg_price_preference,position_uniformity,avg_loss_magnitude,vol_preference,trend_preference
etf动量改,14.0,0.9889624724061811,0.9994337474893419,0.14173130015784505,2.581818181818182,0.7208121827411168,1.0,3.214253969474562,0.3483596903988854,0.03838021397392732,0.950555301682646,0.170852224019021
中证1000增强,11.0,1.9855072463768115,0.9978228759134609,0.010047600714619347,1.139442231075697,0.5325884543761639,0.0,23.591142790238543,0.5870580631259072,0.05947648535317606,0.8946325864832274,0.03895479258534844
中证2000增强,5.0,1.410752688172043,1.0076965351967835,0.011410604149745956,1.3670411985018727,0.5658914728682171,0.0,13.05531249661998,0.7167564812419608,0.04311399751826413,0.73706730048045,0.015727428030298467
中证800增强,14.0,1.6963239211507726,0.9996994249160792,0.014717699695100513,1.4318418314255983,0.5887890457851946,0.0,32.844535780833716,0.4240669699143758,0.06003809055361311,0.7729175992035858,0.02838030015446707
养殖etf增强,14.0,0.8115942028985508,1.0074558457845002,0.08631722730604123,2.1486486486486487,0.6824034334763949,0.0,17.766630319394313,0.5251740813827255,0.03205266501586743,0.9282052943295942,0.08402881580500203
军工etf增强,56.0,0.984375,0.977352418173266,0.10378553791678685,3.666666666666667,0.7857142857142857,0.0,28.332381061446373,0.4626335631114448,0.09967310238268123,0.552890367848494,0.3684085471110138
创业板300ETF增强,12.0,0.7343623070674249,0.9949076553162146,0.01488352397617781,0.8122448979591836,0.44419642857142855,0.36836283185840707,10.35129424778761,0.7217837564696497,0.038173271163473924,1.0985742170006563,0.03486379902786834
创业板增强,7.0,1.5714285714285714,0.9976350049763171,0.0248935970619573,1.536723163841808,0.6057906458797327,0.0,64.18582728895969,0.583667954361973,0.05630052255439967,1.197693379821409,0.3011655048199303
动量趋势策略,2.0,7.517699115044247,0.9997988053691278,0.10084795161729901,0.4054726368159204,0.2884955752212389,0.44084755738669806,63.18473558359424,0.639113301256894,0.01688895553859928,0.7456156858760894,0.042456015028305504
化工ETF优选策略,14.0,0.8995535714285714,1.0208506370939425,0.07673932308219075,2.329411764705882,0.6996466431095406,0.0,22.17865413680476,0.5318242505655506,0.030993589984385568,0.8253430145553513,0.19252647631710224
医疗etf增强,12.0,1.0463576158940397,0.9991750698580949,0.08542738815403741,0.7650602409638554,0.42905405405405406,0.0,23.78913506676879,0.5990309506620187,0.03450839790876641,0.7806609287410767,0.08430395728263143
半导体优选策略,42.0,0.6272321428571429,1.0698413502419264,0.09608289351942402,2.660377358490566,0.7268041237113402,0.0,39.769856207573035,0.4014111130589908,0.05858939934074511,0.6474143980413081,0.0760968946199136
双创50增强,33.0,0.43033509700176364,1.0350149927224273,0.019584460158230385,0.7965367965367964,0.43601895734597157,0.0,85.25806009964865,0.5476208479426332,0.11625939395629759,0.9065459103767677,-0.00023647052966394854
国企etf增强,7.0,1.296875,0.9992730400432829,0.029931518484726426,1.289473684210526,0.5632183908045977,0.0,15.299527780717252,0.6498224518715265,0.020461896240430214,1.4125535746680953,0.011849837860456455
国证2000ETF增强,11.0,0.7294882209585702,1.0002688176705425,0.027606038884283264,0.6742424242424242,0.3991031390134529,0.37082405345211583,15.896610244988864,0.7391844465880868,0.03683366574722091,1.3591335720036986,0.014844376472103741
均衡持仓,35.0,2.642857142857143,1.0019872082058192,0.020917454783990833,4.631205673758865,0.8224181360201511,0.03800675675675676,13.216641240139207,0.3995965684192403,0.041291114257406655,0.6106533178711182,0.09651252502710188
形态识别,6.0,2.563111111111111,1.0022618857033128,0.0033367176662401393,0.878016960208741,0.4675234456408475,0.0,13.623315155475648,0.40037824225402974,0.03287198372641367,2.5180954740292627,0.07993021134707891
成长红利量化选股,57.0,0.9515770768547313,1.0230266456383081,0.004646379810631117,1.4178832116788322,0.5833333333333334,0.0,11.69428572526499,0.5588420358338245,0.08529946609941494,1.221034848888789,0.019285963977201358
房地产etf增强,49.0,0.6400966183574879,0.973979159056683,0.13658555676793807,5.642857142857143,0.8494623655913979,0.0,8.482749812115452,0.3201745888439781,0.07071083462474227,0.713918262936194,0.09264771958061994
旅游etf增强,7.0,2.2410714285714284,0.9993093351716169,0.02651232006683563,1.0862068965517242,0.5206611570247934,0.0,16.219169640577284,0.6576266193758609,0.03834455185517451,0.9151142317403221,0.10945891621418072
朝花夕拾策略,2.0,0.5122950819672131,0.9880662316664909,0.015005514215434095,0.782608695652174,0.43548387096774194,0.0,72.93016,0.7681298407671385,0.04636406446827364,0.998400238097082,0.054812448871975845
机器人ETF优选策略,14.0,0.8169642857142857,1.027120350640632,0.07397048887406155,1.7340425531914894,0.6342412451361867,0.0,37.33803560497398,0.5487377038360138,0.04941381041229365,1.2644396654161978,0.13656047163438048
杠铃,14.0,2.544642857142857,0.9971807239247853,0.036516182058319656,2.1965811965811968,0.6871657754010695,0.0,12.11119897768939,0.417297739289003,0.034234602900775554,0.5617491330340942,0.03100760190408664
沪深300增强策略,35.0,0.22877358490566038,1.1155962166085271,0.04461040211758683,1.85,0.6491228070175439,0.0,31.314561822133214,0.6112845279576699,0.04602998655086546,1.1220323576536393,0.0383466438764541
游戏etf增强,21.0,1.03125,0.9990780110600407,0.04984011267386262,1.1104294478527608,0.5261627906976745,0.0,25.558013321877596,0.510859283139773,0.06171966239078578,2.2918330931935076,0.16383312399323002
煤炭周期优选动态轮动策略,66.0,0.6227678571428571,1.2093844145352244,0.09636239409025896,1.0808080808080807,0.5194174757281553,0.0,8.548671184089105,0.3380985304314942,0.08134491556700121,0.5043056373076139,0.12079529939323862
申万动量,21.0,0.5022421524663677,0.9906545615889307,0.05592309190530821,2.4,0.7058823529411765,0.026785714285714284,12.226598709957301,0.4264936741059778,0.051185498462152125,0.51710184014089,0.08797664547840339
科创参数加强板,13.0,1.035273368606702,1.0181006453497348,0.006317180514266335,0.8683206106870229,0.4559118236472946,0.0,74.17792162499327,0.6697053188787019,0.09289604267559662,0.867026686045537,0.05689858591461177
综合全,5.0,1.1523178807947019,0.9890998469671902,0.07236810547949529,2.3865546218487395,0.7047146401985112,1.0,2.7202426634800045,0.45976065532316296,0.015053732371627845,0.9123077640517815,0.13243344536241994
综合拆分1,6.0,1.1037527593818985,0.9863091504030136,0.08034925927973498,2.272,0.6943765281173594,1.0,7.029219083476019,0.41837821872536685,0.015559634448716563,3.1891091183332234,0.1279130994590787
综合拆分2,6.0,1.1456953642384107,0.9950495813793533,0.08394927816334231,2.727272727272727,0.7317073170731707,1.0,8.526691041835987,0.44679090829058854,0.016876496473053882,2.9983450693355893,0.13473880627061993
行业etf增强,6.0,1.1128318584070795,0.999824241963102,0.07531358017594796,2.3196721311475406,0.6987654320987654,1.0,7.135629681407913,0.4381180317169972,0.015053459442935959,3.3036708541487125,0.11668146900376251
计算机ETF优选策略,42.0,0.6316964285714286,1.0567812605820166,0.08854306336311106,2.121212121212121,0.6796116504854369,0.0,25.72554961530874,0.4143309504015413,0.05988350687026057,0.7044341728488894,0.10301690701607721
通信etf增强,14.0,0.8381642512077294,0.9878008767273385,0.07599036920024883,1.6853932584269664,0.6276150627615062,0.0,64.55091574458532,0.5264337016048277,0.05086991214993331,1.9222728141979322,0.36979265732825306
酒etf增强,7.0,1.1986607142857142,1.0000849749458238,0.04359355670489222,1.2789115646258504,0.5611940298507463,0.0,90.24428706146904,0.6094810719048018,0.029535458488498485,2.784565386380479,0.05342433179202849
锤子策略,6.0,0.9709821428571429,0.998940783894343,0.022246650534512493,1.2417582417582416,0.5380952380952381,0.0,7.088344828375455,0.8340084447638784,0.03679388974857177,0.24395096063043045,0.032964377139027196
食品etf增强,49.0,0.5628019323671497,0.9989078569318443,0.15374111035512722,1.0533333333333335,0.512987012987013,0.0,23.922828487518622,0.23447553227791013,0.041115396280762426,1.5205775033435986,0.018223953510066893
