client_idx,strategy_idx,is_match
0,1738,1
0,1912,0
0,1110,0
0,1442,0
0,1821,0
0,87,0
1,1175,1
1,1952,0
1,1488,0
1,1969,0
1,1703,0
1,89,0
2,1842,1
2,1289,0
2,444,0
2,1826,0
2,426,0
2,1210,0
3,73,1
3,1553,0
3,1395,0
3,1997,0
3,150,0
3,1339,0
4,1636,1
4,1991,0
4,933,0
4,378,0
4,943,0
4,1142,0
5,179,1
5,703,0
5,990,0
5,658,0
5,884,0
5,1269,0
6,62,1
6,110,0
6,603,0
6,1091,0
6,743,0
6,1999,0
7,1377,1
7,1991,0
7,822,0
7,1562,0
7,247,0
7,728,0
8,723,1
8,697,0
8,1878,0
8,1123,0
8,570,0
8,229,0
9,887,1
9,1764,0
9,1320,0
9,807,0
9,1668,0
9,939,0
10,102,1
10,1056,0
10,806,0
10,82,0
10,173,0
10,1596,0
11,1715,1
11,1123,0
11,790,0
11,1478,0
11,166,0
11,1492,0
12,554,1
12,1505,0
12,1516,0
12,1997,0
12,1786,0
12,824,0
13,674,1
13,1377,0
13,304,0
13,526,0
13,1395,0
13,283,0
14,1289,1
14,1992,0
14,1696,0
14,364,0
14,1892,0
14,936,0
15,1220,1
15,432,0
15,1986,0
15,110,0
15,1218,0
15,427,0
16,1215,1
16,139,0
16,970,0
16,45,0
16,763,0
16,1281,0
17,179,1
17,1102,0
17,1844,0
17,1730,0
17,52,0
17,747,0
18,1960,1
18,1283,0
18,1072,0
18,765,0
18,415,0
18,414,0
19,479,1
19,945,0
19,1015,0
19,1130,0
19,831,0
19,689,0
20,771,1
20,510,0
20,512,0
20,1474,0
20,1004,0
20,1640,0
21,1701,1
21,332,0
21,1923,0
21,73,0
21,895,0
21,1820,0
22,415,1
22,341,0
22,1895,0
22,1878,0
22,1919,0
22,1744,0
23,1067,1
23,771,0
23,142,0
23,1250,0
23,1460,0
23,1122,0
24,1146,1
24,1849,0
24,1886,0
24,839,0
24,711,0
24,1100,0
25,119,1
25,304,0
25,563,0
25,156,0
25,1491,0
25,573,0
26,510,1
26,148,0
26,1585,0
26,1104,0
26,61,0
26,163,0
27,1553,1
27,1109,0
27,1405,0
27,332,0
27,1203,0
27,1684,0
28,119,1
28,1266,0
28,102,0
28,82,0
28,721,0
28,1818,0
29,179,1
29,703,0
29,87,0
29,1658,0
29,1697,0
29,910,0
30,1146,1
30,1812,0
30,813,0
30,1442,0
30,450,0
30,1544,0
31,1695,1
31,1858,0
31,1330,0
31,1130,0
31,439,0
31,840,0
32,808,1
32,1989,0
32,956,0
32,1548,0
32,780,0
32,1254,0
33,184,1
33,480,0
33,432,0
33,1368,0
33,649,0
33,1533,0
34,119,1
34,230,0
34,1451,0
34,1525,0
34,1392,0
34,271,0
35,1178,1
35,933,0
35,1548,0
35,222,0
35,986,0
35,957,0
36,554,1
36,321,0
36,1653,0
36,110,0
36,1790,0
36,1626,0
37,1636,1
37,390,0
37,415,0
37,1488,0
37,247,0
37,1465,0
38,179,1
38,1221,0
38,1554,0
38,105,0
38,720,0
38,197,0
39,1960,1
39,147,0
39,1738,0
39,850,0
39,16,0
39,606,0
40,1895,1
40,526,0
40,674,0
40,156,0
40,1347,0
40,782,0
41,179,1
41,649,0
41,512,0
41,1363,0
41,856,0
41,1746,0
42,1146,1
42,1405,0
42,739,0
42,1923,0
42,1648,0
42,1009,0
43,1215,1
43,121,0
43,82,0
43,694,0
43,1680,0
43,1294,0
44,510,1
44,697,0
44,547,0
44,1548,0
44,1608,0
44,1633,0
45,1146,1
45,332,0
45,776,0
45,1283,0
45,360,0
45,1056,0
46,1352,1
46,1219,0
46,1648,0
46,565,0
46,60,0
46,800,0
47,510,1
47,1141,0
47,1326,0
47,327,0
47,752,0
47,1152,0
48,1738,1
48,887,0
48,184,0
48,221,0
48,526,0
48,945,0
49,119,1
49,82,0
49,1303,0
49,1175,0
49,1651,0
49,1867,0
50,1289,1
50,1842,0
50,1733,0
50,1400,0
50,562,0
50,1090,0
51,1960,1
51,1357,0
51,924,0
51,136,0
51,1052,0
51,803,0
52,1229,1
52,1599,0
52,435,0
52,378,0
52,1707,0
52,1165,0
53,68,1
53,1066,0
53,586,0
53,1326,0
53,17,0
53,1973,0
54,1738,1
54,1986,0
54,1294,0
54,1923,0
54,1936,0
54,1803,0
55,1878,1
55,586,0
55,509,0
55,1952,0
55,772,0
55,1502,0
56,1030,1
56,1437,0
56,586,0
56,1141,0
56,817,0
56,782,0
57,1701,1
57,991,0
57,628,0
57,554,0
57,255,0
57,1718,0
58,119,1
58,1710,0
58,1895,0
58,1434,0
58,412,0
58,264,0
59,953,1
59,1178,0
59,57,0
59,1138,0
59,1021,0
59,1979,0
60,554,1
60,1239,0
60,1110,0
60,1331,0
60,1847,0
60,1568,0
61,102,1
61,156,0
61,1525,0
61,602,0
61,943,0
61,862,0
62,1289,1
62,1064,0
62,1924,0
62,999,0
62,1512,0
62,1978,0
63,554,1
63,1764,0
63,776,0
63,1461,0
63,1673,0
63,341,0
64,1175,1
64,1377,0
64,156,0
64,1747,0
64,1109,0
64,369,0
65,1474,1
65,1844,0
65,842,0
65,1878,0
65,1756,0
65,266,0
66,554,1
66,110,0
66,184,0
66,1664,0
66,706,0
66,1753,0
67,1895,1
67,1511,0
67,1749,0
67,1488,0
67,1714,0
67,1281,0
68,1474,1
68,1437,0
68,1733,0
68,139,0
68,1349,0
68,1002,0
69,1220,1
69,1146,0
69,961,0
69,1110,0
69,1520,0
69,938,0
70,102,1
70,805,0
70,1918,0
70,620,0
70,1828,0
70,350,0
71,886,1
71,1514,0
71,183,0
71,56,0
71,656,0
71,1322,0
72,147,1
72,654,0
72,1727,0
72,1646,0
72,156,0
72,1433,0
73,970,1
73,304,0
73,1821,0
73,119,0
73,147,0
73,1088,0
74,437,1
74,20,0
74,1204,0
74,326,0
74,1608,0
74,1603,0
75,1146,1
75,659,0
75,665,0
75,1849,0
75,1718,0
75,1765,0
76,489,1
76,822,0
76,1215,0
76,563,0
76,957,0
76,1253,0
77,734,1
77,1315,0
77,353,0
77,657,0
77,274,0
77,1011,0
78,1960,1
78,765,0
78,1912,0
78,1653,0
78,1706,0
78,952,0
79,1175,1
79,972,0
79,1878,0
79,676,0
79,1088,0
79,718,0
80,1474,1
80,1878,0
80,620,0
80,808,0
80,967,0
80,683,0
81,1738,1
81,36,0
81,998,0
81,628,0
81,164,0
81,673,0
82,1229,1
82,711,0
82,8,0
82,1451,0
82,1855,0
82,957,0
83,1474,1
83,882,0
83,586,0
83,1844,0
83,1524,0
83,1717,0
84,62,1
84,263,0
84,1147,0
84,1738,0
84,1089,0
84,1074,0
85,1175,1
85,620,0
85,213,0
85,695,0
85,375,0
85,60,0
86,1177,1
86,30,0
86,370,0
86,435,0
86,1647,0
86,1015,0
87,184,1
87,1320,0
87,654,0
87,1394,0
87,1568,0
87,1759,0
88,102,1
88,1229,0
88,1155,0
88,1525,0
88,1411,0
88,240,0
89,1289,1
89,660,0
89,1989,0
89,777,0
89,303,0
89,151,0
90,62,1
90,1357,0
90,591,0
90,184,0
90,902,0
90,1007,0
91,437,1
91,970,0
91,361,0
91,1710,0
91,58,0
91,630,0
92,179,1
92,1178,0
92,1326,0
92,1992,0
92,1337,0
92,1150,0
93,1701,1
93,802,0
93,961,0
93,1220,0
93,1821,0
93,232,0
94,102,1
94,1155,0
94,82,0
94,510,0
94,856,0
94,1152,0
95,179,1
95,1992,0
95,703,0
95,658,0
95,1855,0
95,671,0
96,554,1
96,1109,0
96,110,0
96,295,0
96,124,0
96,248,0
97,267,1
97,600,0
97,526,0
97,785,0
97,1417,0
97,1105,0
98,179,1
98,806,0
98,102,0
98,990,0
98,1349,0
98,1820,0
99,62,1
99,1320,0
99,1035,0
99,1738,0
99,1930,0
99,75,0
100,1636,1
100,822,0
100,8,0
100,711,0
100,943,0
100,994,0
101,179,1
101,452,0
101,1918,0
101,526,0
101,900,0
101,1532,0
102,1738,1
102,1146,0
102,925,0
102,1479,0
102,77,0
102,378,0
103,1175,1
103,1673,0
103,999,0
103,1694,0
103,314,0
103,1788,0
104,1474,1
104,999,0
104,1361,0
104,1250,0
104,44,0
104,884,0
105,1146,1
105,1590,0
105,1690,0
105,802,0
105,600,0
105,12,0
106,1175,1
106,933,0
106,1673,0
106,1525,0
106,735,0
106,1919,0
107,734,1
107,548,0
107,622,0
107,1323,0
107,542,0
107,781,0
108,110,1
108,406,0
108,813,0
108,876,0
108,1311,0
108,1877,0
109,674,1
109,464,0
109,1451,0
109,526,0
109,1294,0
109,171,0
110,1289,1
110,1252,0
110,288,0
110,324,0
110,646,0
110,609,0
111,99,1
111,1590,0
111,887,0
111,395,0
111,431,0
111,309,0
112,1969,1
112,1178,0
112,102,0
112,390,0
112,1051,0
112,745,0
113,771,1
113,660,0
113,390,0
113,1067,0
113,1851,0
113,755,0
114,591,1
114,295,0
114,850,0
114,1442,0
114,1943,0
114,349,0
115,102,1
115,1266,0
115,1918,0
115,472,0
115,1956,0
115,1098,0
116,1474,1
116,1361,0
116,842,0
116,1102,0
116,1411,0
116,1391,0
117,1738,1
117,1850,0
117,399,0
117,1812,0
117,1414,0
117,1746,0
118,378,1
118,156,0
118,1858,0
118,1352,0
118,152,0
118,1974,0
119,1326,1
119,1582,0
119,1813,0
119,437,0
119,1283,0
119,870,0
120,1220,1
120,321,0
120,1701,0
120,1394,0
120,1821,0
120,996,0
121,102,1
121,267,0
121,933,0
121,859,0
121,227,0
121,52,0
122,1289,1
122,626,0
122,777,0
122,316,0
122,866,0
122,1495,0
123,1294,1
123,782,0
123,1195,0
123,332,0
123,1352,0
123,71,0
124,1229,1
124,464,0
124,8,0
124,1562,0
124,543,0
124,225,0
125,1474,1
125,1289,0
125,1841,0
125,1694,0
125,1043,0
125,99,0
126,517,1
126,327,0
126,547,0
126,1295,0
126,1889,0
126,928,0
127,1414,1
127,1659,0
127,1382,0
127,785,0
127,969,0
127,22,0
128,1474,1
128,1178,0
128,1397,0
128,1399,0
128,1199,0
128,1904,0
129,62,1
129,1110,0
129,1061,0
129,1653,0
129,1013,0
129,230,0
130,1695,1
130,806,0
130,1673,0
130,1730,0
130,100,0
130,32,0
131,1178,1
131,1141,0
131,1952,0
131,94,0
131,1598,0
131,1374,0
132,258,1
132,961,0
132,887,0
132,1553,0
132,508,0
132,262,0
133,1215,1
133,1673,0
133,600,0
133,953,0
133,1923,0
133,365,0
134,1954,1
134,437,0
134,844,0
134,770,0
134,1164,0
134,1011,0
135,1590,1
135,1146,0
135,258,0
135,728,0
135,849,0
135,1820,0
136,119,1
136,1118,0
136,600,0
136,45,0
136,745,0
136,1429,0
137,1474,1
137,999,0
137,475,0
137,1517,0
137,747,0
137,826,0
138,1960,1
138,1368,0
138,1220,0
138,25,0
138,1198,0
138,1478,0
139,1562,1
139,1636,0
139,748,0
139,1340,0
139,724,0
139,1720,0
140,771,1
140,1548,0
140,586,0
140,139,0
140,829,0
140,1825,0
141,554,1
141,1757,0
141,1498,0
141,270,0
141,1449,0
141,627,0
142,1175,1
142,859,0
142,1991,0
142,785,0
142,554,0
142,714,0
143,179,1
143,1326,0
143,363,0
143,361,0
143,1569,0
143,233,0
144,554,1
144,1331,0
144,1220,0
144,1923,0
144,1376,0
144,1860,0
145,1175,1
145,1007,0
145,1266,0
145,45,0
145,950,0
145,439,0
146,179,1
146,919,0
146,1810,0
146,991,0
146,1631,0
146,381,0
147,554,1
147,961,0
147,1997,0
147,1109,0
147,229,0
147,1779,0
148,1451,1
148,8,0
148,1562,0
148,102,0
148,1405,0
148,550,0
149,1289,1
149,1656,0
149,28,0
149,66,0
149,706,0
149,1233,0
150,62,1
150,910,0
150,1054,0
150,321,0
150,1802,0
150,515,0
151,1175,1
151,1400,0
151,1833,0
151,1786,0
151,203,0
151,1646,0
152,1289,1
152,68,0
152,1722,0
152,1400,0
152,743,0
152,91,0
153,1220,1
153,406,0
153,1886,0
153,1479,0
153,303,0
153,1533,0
154,45,1
154,1229,0
154,674,0
154,822,0
154,1744,0
154,52,0
155,1178,1
155,842,0
155,475,0
155,1102,0
155,91,0
155,1421,0
156,62,1
156,103,0
156,25,0
156,99,0
156,778,0
156,1778,0
157,119,1
157,1991,0
157,1747,0
157,563,0
157,1596,0
157,1697,0
158,1918,1
158,1657,0
158,1030,0
158,364,0
158,186,0
158,5,0
159,1701,1
159,332,0
159,580,0
159,1294,0
159,1303,0
159,1833,0
160,415,1
160,1178,0
160,1229,0
160,748,0
160,1904,0
160,1222,0
161,834,1
161,501,0
161,1289,0
161,993,0
161,1559,0
161,1344,0
162,258,1
162,1405,0
162,321,0
162,432,0
162,1524,0
162,293,0
163,1229,1
163,1192,0
163,65,0
163,1093,0
163,755,0
163,985,0
164,1474,1
164,1295,0
164,473,0
164,1141,0
164,607,0
164,81,0
165,1738,1
165,961,0
165,739,0
165,1553,0
165,537,0
165,482,0
166,970,1
166,102,0
166,1722,0
166,1545,0
166,1874,0
166,429,0
167,882,1
167,1696,0
167,179,0
167,1880,0
167,1174,0
167,160,0
168,554,1
168,258,0
168,480,0
168,110,0
168,80,0
168,1191,0
169,102,1
169,933,0
169,1044,0
169,1932,0
169,356,0
169,1084,0
170,1289,1
170,324,0
170,1918,0
170,953,0
170,17,0
170,1275,0
171,1738,1
171,839,0
171,1664,0
171,1542,0
171,590,0
171,309,0
172,119,1
172,1175,0
172,785,0
172,1858,0
172,1098,0
172,1609,0
173,1178,1
173,1250,0
173,105,0
173,919,0
173,274,0
173,644,0
174,481,1
174,1220,0
174,1065,0
174,1054,0
174,944,0
174,1274,0
175,1451,1
175,1249,0
175,390,0
175,748,0
175,486,0
175,1115,0
176,475,1
176,1992,0
176,1326,0
176,1289,0
176,1113,0
176,1927,0
177,184,1
177,1912,0
177,987,0
177,1394,0
177,1340,0
177,935,0
178,970,1
178,8,0
178,1303,0
178,1451,0
178,1273,0
178,1865,0
179,1648,1
179,326,0
179,1177,0
179,938,0
179,1542,0
179,192,0
180,1553,1
180,1405,0
180,1812,0
180,1997,0
180,1006,0
180,1940,0
181,489,1
181,1340,0
181,982,0
181,1414,0
181,1855,0
181,523,0
182,94,1
182,420,0
182,1722,0
182,316,0
182,593,0
182,1076,0
183,110,1
183,1887,0
183,924,0
183,739,0
183,784,0
183,1291,0
184,1229,1
184,102,0
184,1007,0
184,230,0
184,825,0
184,1676,0
185,1474,1
185,1554,0
185,1397,0
185,1234,0
185,61,0
185,957,0
186,1553,1
186,203,0
186,274,0
186,36,0
186,43,0
186,723,0
187,711,1
187,156,0
187,1673,0
187,990,0
187,1865,0
187,95,0
188,1030,1
188,253,0
188,216,0
188,623,0
188,698,0
188,1855,0
189,110,1
189,776,0
189,1368,0
189,554,0
189,323,0
189,1333,0
190,1695,1
190,1436,0
190,1214,0
190,1552,0
190,755,0
190,1788,0
191,57,1
191,526,0
191,1086,0
191,272,0
191,1041,0
191,792,0
192,1960,1
192,776,0
192,406,0
192,1035,0
192,1920,0
192,329,0
193,119,1
193,1747,0
193,1155,0
193,694,0
193,942,0
193,1438,0
194,1178,1
194,1437,0
194,185,0
194,753,0
194,1090,0
194,496,0
195,1461,1
195,277,0
195,1276,0
195,122,0
195,1641,0
195,1118,0
196,119,1
196,1340,0
196,1747,0
196,1969,0
196,1327,0
196,233,0
197,1474,1
197,142,0
197,1733,0
197,390,0
197,1532,0
197,1719,0
198,1960,1
198,987,0
198,628,0
198,295,0
198,565,0
198,909,0
199,119,1
199,1303,0
199,1178,0
199,1266,0
199,91,0
199,1697,0
200,771,1
200,731,0
200,697,0
200,94,0
200,1154,0
200,1016,0
201,554,1
201,1368,0
201,439,0
201,1405,0
201,865,0
201,1470,0
202,1932,1
202,1599,0
202,8,0
202,1710,0
202,5,0
202,1257,0
203,1326,1
203,768,0
203,31,0
203,353,0
203,1074,0
203,1672,0
204,1738,1
204,839,0
204,1394,0
204,1294,0
204,565,0
204,1056,0
205,1175,1
205,1747,0
205,253,0
205,1525,0
205,129,0
205,667,0
206,575,1
206,1289,0
206,1214,0
206,1500,0
206,348,0
206,291,0
207,258,1
207,654,0
207,1054,0
207,765,0
207,602,0
207,553,0
208,119,1
208,1414,0
208,1636,0
208,341,0
208,869,0
208,987,0
209,1030,1
209,771,0
209,1141,0
209,364,0
209,1679,0
209,588,0
210,1109,1
210,980,0
210,1442,0
210,147,0
210,631,0
210,279,0
211,982,1
211,139,0
211,1250,0
211,1472,0
211,782,0
211,449,0
212,1104,1
212,364,0
212,327,0
212,105,0
212,1270,0
212,429,0
213,1590,1
213,1172,0
213,443,0
213,1949,0
213,1666,0
213,1594,0
214,1695,1
214,1895,0
214,489,0
214,1710,0
214,1660,0
214,948,0
215,179,1
215,26,0
215,1752,0
215,1234,0
215,183,0
215,1209,0
216,554,1
216,987,0
216,1331,0
216,813,0
216,114,0
216,969,0
217,575,1
217,734,0
217,1870,0
217,1414,0
217,764,0
217,476,0
218,1585,1
218,390,0
218,740,0
218,287,0
218,10,0
218,1828,0
219,517,1
219,37,0
219,332,0
219,0,0
219,170,0
219,1081,0
220,102,1
220,970,0
220,1878,0
220,1340,0
220,628,0
220,1616,0
221,1918,1
221,1796,0
221,31,0
221,1813,0
221,118,0
221,863,0
222,221,1
222,887,0
222,1986,0
222,987,0
222,1922,0
222,1490,0
223,1155,1
223,1562,0
223,1969,0
223,378,0
223,381,0
223,1313,0
224,1030,1
224,1992,0
224,658,0
224,1733,0
224,1372,0
224,1566,0
225,554,1
225,332,0
225,1442,0
225,1986,0
225,1089,0
225,1274,0
226,1636,1
226,1784,0
226,896,0
226,1599,0
226,1724,0
226,23,0
227,179,1
227,457,0
227,738,0
227,441,0
227,167,0
227,923,0
228,554,1
228,617,0
228,665,0
228,1394,0
228,229,0
228,1661,0
229,119,1
229,1710,0
229,859,0
229,1266,0
229,1417,0
229,151,0
230,1474,1
230,407,0
230,148,0
230,1175,0
230,1596,0
230,974,0
231,1960,1
231,36,0
231,1912,0
231,1849,0
231,531,0
231,1285,0
232,1175,1
232,1636,0
232,1673,0
232,1562,0
232,1966,0
232,1892,0
233,1289,1
233,139,0
233,438,0
233,771,0
233,351,0
233,641,0
234,1590,1
234,99,0
234,1912,0
234,1949,0
234,1650,0
234,1888,0
235,834,1
235,28,0
235,1406,0
235,1693,0
235,1662,0
235,983,0
236,179,1
236,1582,0
236,991,0
236,1658,0
236,1334,0
236,1238,0
237,554,1
237,406,0
237,147,0
237,110,0
237,1759,0
237,1557,0
238,1214,1
238,193,0
238,734,0
238,1784,0
238,1855,0
238,1647,0
239,1289,1
239,1400,0
239,1067,0
239,623,0
239,1779,0
239,1631,0
240,554,1
240,1590,0
240,1072,0
240,1923,0
240,494,0
240,1906,0
241,119,1
241,1081,0
241,1636,0
241,748,0
241,270,0
241,1355,0
242,1030,1
242,1548,0
242,589,0
242,222,0
242,1635,0
242,1254,0
243,1146,1
243,1701,0
243,1479,0
243,1195,0
243,1963,0
243,1412,0
244,822,1
244,1932,0
244,1488,0
244,1511,0
244,936,0
244,449,0
245,94,1
245,1900,0
245,1252,0
245,660,0
245,266,0
245,414,0
246,1146,1
246,425,0
246,1294,0
246,924,0
246,613,0
246,711,0
247,415,1
247,1695,0
247,526,0
247,1266,0
247,1091,0
247,1912,0
248,771,1
248,1807,0
248,1582,0
248,105,0
248,521,0
248,1973,0
249,1553,1
249,1572,0
249,961,0
249,1923,0
249,489,0
249,783,0
250,970,1
250,1858,0
250,1451,0
250,1710,0
250,1236,0
250,147,0
251,103,1
251,621,0
251,1289,0
251,1622,0
251,225,0
251,1014,0
252,1960,1
252,1579,0
252,1738,0
252,1283,0
252,1243,0
252,1433,0
253,1229,1
253,1266,0
253,1192,0
253,1377,0
253,196,0
253,1942,0
254,771,1
254,586,0
254,28,0
254,880,0
254,1337,0
254,449,0
255,554,1
255,1498,0
255,1239,0
255,1128,0
255,1089,0
255,1755,0
256,1451,1
256,859,0
256,193,0
256,600,0
256,1078,0
256,691,0
257,771,1
257,956,0
257,1326,0
257,31,0
257,745,0
257,1354,0
258,1479,1
258,1368,0
258,517,0
258,1912,0
258,1048,0
258,565,0
259,1215,1
259,1118,0
259,28,0
259,193,0
259,1667,0
259,499,0
260,475,1
260,586,0
260,956,0
260,31,0
260,1265,0
260,1298,0
261,1738,1
261,702,0
261,961,0
261,1146,0
261,77,0
261,1710,0
262,1895,1
262,452,0
262,1340,0
262,1858,0
262,714,0
262,1890,0
263,1104,1
263,1177,0
263,473,0
263,216,0
263,937,0
263,1298,0
264,1590,1
264,332,0
264,321,0
264,702,0
264,1921,0
264,440,0
265,1215,1
265,1155,0
265,1030,0
265,489,0
265,1430,0
265,615,0
266,179,1
266,1833,0
266,1574,0
266,637,0
266,1347,0
266,1507,0
267,517,1
267,110,0
267,924,0
267,802,0
267,1816,0
267,303,0
268,1215,1
268,1414,0
268,1007,0
268,1044,0
268,1972,0
268,671,0
269,1474,1
269,111,0
269,740,0
269,660,0
269,299,0
269,350,0
270,1960,1
270,247,0
270,1442,0
270,850,0
270,77,0
270,1210,0
271,1214,1
271,583,0
271,1044,0
271,1842,0
271,873,0
271,1993,0
272,1474,1
272,68,0
272,142,0
272,842,0
272,233,0
272,671,0
273,1738,1
273,1109,0
273,1776,0
273,1813,0
273,1043,0
273,908,0
274,1695,1
274,1784,0
274,1525,0
274,1880,0
274,1565,0
274,1765,0
275,179,1
275,790,0
275,1435,0
275,1537,0
275,1236,0
275,910,0
276,554,1
276,36,0
276,1553,0
276,517,0
276,1274,0
276,1459,0
277,415,1
277,156,0
277,694,0
277,304,0
277,1808,0
277,1614,0
278,179,1
278,1066,0
278,31,0
278,990,0
278,1777,0
278,1372,0
279,1738,1
279,998,0
279,1627,0
279,147,0
279,1604,0
279,692,0
280,489,1
280,637,0
280,304,0
280,415,0
280,314,0
280,1300,0
281,1030,1
281,222,0
281,68,0
281,1474,0
281,593,0
281,1113,0
282,1220,1
282,1616,0
282,591,0
282,1257,0
282,329,0
282,719,0
283,415,1
283,676,0
283,861,0
283,1340,0
283,85,0
283,319,0
284,94,1
284,753,0
284,586,0
284,1952,0
284,1968,0
284,412,0
285,1960,1
285,247,0
285,591,0
285,1986,0
285,1698,0
285,939,0
286,637,1
286,1044,0
286,748,0
286,674,0
286,1384,0
286,1836,0
287,178,1
287,67,0
287,1656,0
287,1732,0
287,40,0
287,958,0
288,554,1
288,1653,0
288,628,0
288,1294,0
288,279,0
288,488,0
289,674,1
289,8,0
289,1562,0
289,1932,0
289,15,0
289,1209,0
290,1474,1
290,991,0
290,1844,0
290,407,0
290,1899,0
290,815,0
291,1553,1
291,1757,0
291,1165,0
291,92,0
291,1256,0
291,1792,0
292,119,1
292,526,0
292,1858,0
292,1229,0
292,1347,0
292,651,0
293,510,1
293,1252,0
293,697,0
293,620,0
293,116,0
293,1201,0
294,887,1
294,1473,0
294,1516,0
294,1842,0
294,1291,0
294,1747,0
295,1636,1
295,711,0
295,1178,0
295,8,0
295,218,0
295,166,0
296,179,1
296,1175,0
296,771,0
296,1658,0
296,323,0
296,1987,0
297,1590,1
297,247,0
297,591,0
297,321,0
297,606,0
297,1617,0
298,489,1
298,1636,0
298,1215,0
298,771,0
298,1133,0
298,184,0
299,1474,1
299,660,0
299,1548,0
299,999,0
299,192,0
299,715,0
300,554,1
300,258,0
300,173,0
300,321,0
300,1425,0
300,175,0
301,1878,1
301,464,0
301,509,0
301,1599,0
301,1431,0
301,15,0
302,1659,1
302,454,0
302,823,0
302,71,0
302,1291,0
302,1744,0
303,110,1
303,1923,0
303,1479,0
303,295,0
303,1710,0
303,1937,0
304,1451,1
304,489,0
304,711,0
304,694,0
304,788,0
304,1098,0
305,510,1
305,620,0
305,586,0
305,771,0
305,1830,0
305,581,0
306,517,1
306,776,0
306,443,0
306,617,0
306,257,0
306,1742,0
307,1878,1
307,1434,0
307,119,0
307,1451,0
307,1485,0
307,792,0
308,1474,1
308,1178,0
308,512,0
308,1249,0
308,1117,0
308,1450,0
309,1812,1
309,517,0
309,221,0
309,36,0
309,1087,0
309,90,0
310,1895,1
310,1192,0
310,1511,0
310,1673,0
310,1993,0
310,914,0
311,1474,1
311,1326,0
311,361,0
311,68,0
311,449,0
311,202,0
312,554,1
312,1701,0
312,876,0
312,776,0
312,970,0
312,1137,0
313,119,1
313,1895,0
313,1784,0
313,341,0
313,1142,0
313,661,0
314,1530,1
314,87,0
314,14,0
314,918,0
314,442,0
314,1270,0
315,887,1
315,1072,0
315,147,0
315,913,0
315,1837,0
315,1809,0
316,970,1
316,933,0
316,637,0
316,1229,0
316,536,0
316,17,0
317,475,1
317,287,0
317,1250,0
317,1289,0
317,323,0
317,234,0
318,184,1
318,1394,0
318,332,0
318,1764,0
318,248,0
318,931,0
319,1155,1
319,711,0
319,1969,0
319,435,0
319,558,0
319,1633,0
320,510,1
320,1067,0
320,555,0
320,694,0
320,1623,0
320,519,0
321,1590,1
321,1787,0
321,728,0
321,654,0
321,890,0
321,1388,0
322,1895,1
322,1215,0
322,1786,0
322,1784,0
322,678,0
322,270,0
323,1289,1
323,1989,0
323,1474,0
323,623,0
323,905,0
323,1,0
324,1553,1
324,573,0
324,1368,0
324,1646,0
324,380,0
324,561,0
325,119,1
325,1340,0
325,600,0
325,896,0
325,1216,0
325,905,0
326,1918,1
326,1474,0
326,1437,0
326,555,0
326,375,0
326,1709,0
327,1109,1
327,73,0
327,1395,0
327,1479,0
327,1742,0
327,495,0
328,102,1
328,526,0
328,390,0
328,1044,0
328,533,0
328,1349,0
329,1326,1
329,105,0
329,383,0
329,990,0
329,1238,0
329,1491,0
330,1479,1
330,1886,0
330,284,0
330,1590,0
330,1056,0
330,1533,0
331,1659,1
331,1379,0
331,1414,0
331,880,0
331,766,0
331,1247,0
332,1474,1
332,1102,0
332,1992,0
332,364,0
332,86,0
332,1011,0
333,258,1
333,99,0
333,1949,0
333,480,0
333,1810,0
333,164,0
334,1991,1
334,1451,0
334,1804,0
334,526,0
334,729,0
334,137,0
335,679,1
335,697,0
335,1807,0
335,235,0
335,1851,0
335,129,0
336,110,1
336,406,0
336,654,0
336,1035,0
336,1943,0
336,198,0
337,1695,1
337,1833,0
337,1192,0
337,415,0
337,745,0
337,1882,0
338,1178,1
338,1574,0
338,1289,0
338,65,0
338,338,0
338,1273,0
339,1146,1
339,517,0
339,1542,0
339,1849,0
339,194,0
339,107,0
340,1695,1
340,415,0
340,733,0
340,1821,0
340,89,0
340,523,0
341,1030,1
341,808,0
341,1961,0
341,555,0
341,841,0
341,788,0
342,110,1
342,136,0
342,103,0
342,99,0
342,1810,0
342,1370,0
343,806,1
343,267,0
343,1730,0
343,230,0
343,134,0
343,923,0
344,771,1
344,216,0
344,68,0
344,473,0
344,1282,0
344,1862,0
345,110,1
345,887,0
345,480,0
345,1553,0
345,342,0
345,367,0
346,119,1
346,1175,0
346,45,0
346,563,0
346,681,0
346,689,0
347,1474,1
347,1303,0
347,1924,0
347,1067,0
347,1808,0
347,1914,0
348,1738,1
348,998,0
348,480,0
348,1664,0
348,1506,0
348,450,0
349,1895,1
349,1398,0
349,1636,0
349,1991,0
349,948,0
349,1862,0
350,1289,1
350,1989,0
350,1511,0
350,1067,0
350,449,0
350,338,0
351,1146,1
351,203,0
351,1368,0
351,628,0
351,156,0
351,969,0
352,341,1
352,1599,0
352,1673,0
352,378,0
352,1609,0
352,499,0
353,771,1
353,1104,0
353,695,0
353,1878,0
353,1788,0
353,1142,0
354,887,1
354,1986,0
354,591,0
354,1505,0
354,552,0
354,1610,0
355,649,1
355,1778,0
355,1451,0
355,1459,0
355,1819,0
355,541,0
356,1030,1
356,1204,0
356,1989,0
356,474,0
356,521,0
356,1559,0
357,1590,1
357,1035,0
357,554,0
357,876,0
357,1877,0
357,102,0
358,1414,1
358,316,0
358,526,0
358,1759,0
358,422,0
358,560,0
359,1289,1
359,623,0
359,555,0
359,1953,0
359,1862,0
359,1629,0
360,554,1
360,998,0
360,665,0
360,517,0
360,1042,0
360,1568,0
361,1695,1
361,1878,0
361,1858,0
361,253,0
361,876,0
361,624,0
362,538,1
362,34,0
362,1249,0
362,1715,0
362,1381,0
362,809,0
363,1146,1
363,517,0
363,1627,0
363,1997,0
363,497,0
363,706,0
364,1451,1
364,1175,0
364,193,0
364,1229,0
364,208,0
364,60,0
365,1474,1
365,697,0
365,814,0
365,1361,0
365,1904,0
365,1492,0
366,1738,1
366,321,0
366,1072,0
366,480,0
366,960,0
366,340,0
367,1562,1
367,1256,0
367,267,0
367,1685,0
367,1392,0
367,1637,0
368,179,1
368,697,0
368,1770,0
368,1102,0
368,1966,0
368,1483,0
369,1960,1
369,1035,0
369,1072,0
369,924,0
369,293,0
369,1636,0
370,822,1
370,435,0
370,1955,0
370,1044,0
370,374,0
370,24,0
371,1511,1
371,235,0
371,1527,0
371,1287,0
371,1365,0
371,1995,0
372,554,1
372,906,0
372,1664,0
372,1653,0
372,885,0
372,1537,0
373,1525,1
373,526,0
373,193,0
373,1821,0
373,1720,0
373,640,0
374,953,1
374,1989,0
374,1768,0
374,1739,0
374,1840,0
374,1226,0
375,110,1
375,1646,0
375,813,0
375,1109,0
375,14,0
375,156,0
376,674,1
376,1286,0
376,464,0
376,1870,0
376,950,0
376,1337,0
377,1289,1
377,919,0
377,592,0
377,1178,0
377,48,0
377,1956,0
378,517,1
378,554,0
378,1283,0
378,369,0
378,1277,0
378,642,0
379,1895,1
379,1229,0
379,1340,0
379,1552,0
379,1717,0
379,210,0
380,1178,1
380,999,0
380,919,0
380,1530,0
380,752,0
380,1956,0
381,1220,1
381,1949,0
381,1646,0
381,1347,0
381,14,0
381,1506,0
382,267,1
382,1784,0
382,1229,0
382,1858,0
382,422,0
382,1454,0
383,179,1
383,627,0
383,512,0
383,510,0
383,1755,0
383,86,0
384,1738,1
384,628,0
384,776,0
384,1183,0
384,1668,0
384,452,0
385,674,1
385,748,0
385,686,0
385,1722,0
385,507,0
385,203,0
386,390,1
386,293,0
386,1049,0
386,1743,0
386,1596,0
386,355,0
387,1586,1
387,425,0
387,196,0
387,1808,0
387,232,0
387,1773,0
388,1377,1
388,1525,0
388,711,0
388,1303,0
388,936,0
388,147,0
389,1178,1
389,407,0
389,1295,0
389,139,0
389,1528,0
389,373,0
390,1220,1
390,1505,0
390,1590,0
390,1109,0
390,824,0
390,144,0
391,119,1
391,102,0
391,1895,0
391,1878,0
391,1318,0
391,1429,0
392,179,1
392,1658,0
392,1844,0
392,473,0
392,934,0
392,1744,0
393,1479,1
393,147,0
393,221,0
393,247,0
393,1903,0
393,896,0
394,1895,1
394,600,0
394,1007,0
394,65,0
394,1688,0
394,610,0
395,438,1
395,178,0
395,1769,0
395,1548,0
395,662,0
395,262,0
396,554,1
396,1986,0
396,1960,0
396,906,0
396,1551,0
396,1943,0
397,156,1
397,1895,0
397,637,0
397,1858,0
397,1395,0
397,284,0
398,723,1
398,777,0
398,546,0
398,103,0
398,1862,0
398,1233,0
399,73,1
399,850,0
399,1442,0
399,1369,0
399,44,0
399,349,0
400,1695,1
400,526,0
400,1895,0
400,341,0
400,681,0
400,301,0
401,953,1
401,475,0
401,28,0
401,1030,0
401,418,0
401,1346,0
402,1553,1
402,1239,0
402,147,0
402,1646,0
402,44,0
402,323,0
403,378,1
403,1525,0
403,452,0
403,156,0
403,1960,0
403,1390,0
404,1474,1
404,1178,0
404,1102,0
404,407,0
404,1357,0
404,1697,0
405,1738,1
405,1394,0
405,1405,0
405,258,0
405,1371,0
405,1574,0
406,1870,1
406,701,0
406,516,0
406,1784,0
406,1921,0
406,1824,0
407,1030,1
407,1511,0
407,1250,0
407,919,0
407,570,0
407,1384,0
408,1146,1
408,1257,0
408,518,0
408,1886,0
408,1581,0
408,608,0
409,102,1
409,563,0
409,156,0
409,933,0
409,91,0
409,1984,0
410,179,1
410,781,0
410,1810,0
410,1231,0
410,385,0
410,387,0
411,1738,1
411,702,0
411,1257,0
411,295,0
411,600,0
411,2,0
412,1215,1
412,1229,0
412,1768,0
412,1821,0
412,36,0
412,1195,0
413,475,1
413,1776,0
413,1952,0
413,731,0
413,1936,0
413,947,0
414,1553,1
414,240,0
414,1516,0
414,610,0
414,1821,0
414,870,0
415,970,1
415,1821,0
415,437,0
415,1747,0
415,1983,0
415,1374,0
416,771,1
416,436,0
416,473,0
416,660,0
416,1679,0
416,166,0
417,887,1
417,1693,0
417,1990,0
417,1505,0
417,40,0
417,1297,0
418,489,1
418,82,0
418,1303,0
418,1636,0
418,1152,0
418,566,0
419,179,1
419,364,0
419,547,0
419,1435,0
419,1080,0
419,1277,0
420,1738,1
420,147,0
420,1331,0
420,1109,0
420,372,0
420,1296,0
421,119,1
421,1178,0
421,674,0
421,1044,0
421,11,0
421,691,0
422,179,1
422,879,0
422,814,0
422,740,0
422,1043,0
422,893,0
423,110,1
423,776,0
423,221,0
423,481,0
423,1729,0
423,1570,0
424,1451,1
424,489,0
424,694,0
424,1991,0
424,99,0
424,97,0
425,1918,1
425,1141,0
425,1841,0
425,473,0
425,1187,0
425,340,0
426,517,1
426,1479,0
426,210,0
426,1405,0
426,156,0
426,933,0
427,970,1
427,8,0
427,1636,0
427,1932,0
427,1867,0
427,1690,0
428,475,1
428,1221,0
428,623,0
428,473,0
428,1929,0
428,498,0
429,1738,1
429,961,0
429,258,0
429,1923,0
429,1439,0
429,904,0
430,102,1
430,1878,0
430,771,0
430,806,0
430,1497,0
430,1253,0
431,1289,1
431,1722,0
431,1961,0
431,777,0
431,883,0
431,1503,0
432,110,1
432,739,0
432,1653,0
432,1664,0
432,1422,0
432,421,0
433,415,1
433,600,0
433,1178,0
433,785,0
433,1623,0
433,603,0
434,179,1
434,1658,0
434,882,0
434,1907,0
434,1818,0
434,449,0
435,1701,1
435,1162,0
435,459,0
435,1257,0
435,378,0
435,61,0
436,489,1
436,1636,0
436,526,0
436,8,0
436,1559,0
436,728,0
437,510,1
437,808,0
437,1361,0
437,1813,0
437,942,0
437,1902,0
438,1738,1
438,258,0
438,332,0
438,1220,0
438,1533,0
438,191,0
439,1315,1
439,1932,0
439,304,0
439,57,0
439,1312,0
439,1024,0
440,475,1
440,1252,0
440,845,0
440,1361,0
440,1263,0
440,525,0
441,554,1
441,1912,0
441,536,0
441,332,0
441,978,0
441,821,0
442,1215,1
442,1286,0
442,1252,0
442,1138,0
442,1982,0
442,1210,0
443,363,1
443,1437,0
443,956,0
443,1361,0
443,1450,0
443,1853,0
444,1220,1
444,1394,0
444,1405,0
444,850,0
444,1496,0
444,275,0
445,1229,1
445,1093,0
445,1895,0
445,711,0
445,1096,0
445,496,0
446,1252,1
446,288,0
446,1696,0
446,363,0
446,197,0
446,1058,0
447,887,1
447,1842,0
447,591,0
447,1320,0
447,1299,0
447,146,0
448,1215,1
448,1155,0
448,1266,0
448,1991,0
448,607,0
448,365,0
449,1289,1
449,993,0
449,436,0
449,401,0
449,671,0
449,301,0
450,813,1
450,1146,0
450,221,0
450,1257,0
450,1414,0
450,1481,0
451,711,1
451,620,0
451,1044,0
451,970,0
451,782,0
451,1777,0
452,1030,1
452,1400,0
452,1924,0
452,623,0
452,607,0
452,1455,0
453,1553,1
453,1812,0
453,406,0
453,961,0
453,784,0
453,805,0
454,102,1
454,896,0
454,711,0
454,415,0
454,1963,0
454,462,0
455,1326,1
455,956,0
455,1907,0
455,1397,0
455,1076,0
455,317,0
456,1146,1
456,906,0
456,1368,0
456,739,0
456,231,0
456,639,0
457,102,1
457,1952,0
457,697,0
457,250,0
457,1421,0
457,587,0
458,1474,1
458,956,0
458,919,0
458,1435,0
458,1682,0
458,603,0
459,1220,1
459,776,0
459,136,0
459,1664,0
459,885,0
459,933,0
460,119,1
460,1175,0
460,1081,0
460,1784,0
460,134,0
460,644,0
461,1289,1
461,797,0
461,623,0
461,28,0
461,1307,0
461,1746,0
462,1220,1
462,1394,0
462,1405,0
462,1368,0
462,595,0
462,1530,0
463,1215,1
463,1611,0
463,1118,0
463,1759,0
463,1444,0
463,741,0
464,1289,1
464,1881,0
464,1992,0
464,777,0
464,455,0
464,1152,0
465,554,1
465,1960,0
465,295,0
465,1442,0
465,1153,0
465,562,0
466,637,1
466,489,0
466,1991,0
466,785,0
466,492,0
466,800,0
467,1030,1
467,1554,0
467,216,0
467,1924,0
467,1603,0
467,408,0
468,554,1
468,876,0
468,1664,0
468,1997,0
468,155,0
468,1745,0
469,267,1
469,1007,0
469,896,0
469,1229,0
469,356,0
469,957,0
470,1221,1
470,1881,0
470,1585,0
470,1104,0
470,1080,0
470,167,0
471,1831,1
471,1697,0
471,1919,0
471,240,0
471,1852,0
471,1988,0
472,102,1
472,1952,0
472,8,0
472,1710,0
472,1273,0
472,1851,0
473,510,1
473,1252,0
473,1841,0
473,1361,0
473,720,0
473,123,0
474,554,1
474,1479,0
474,221,0
474,73,0
474,40,0
474,410,0
475,102,1
475,250,0
475,1804,0
475,472,0
475,301,0
475,1320,0
476,731,1
476,1722,0
476,510,0
476,620,0
476,979,0
476,745,0
477,439,1
477,1061,0
477,1142,0
477,110,0
477,1137,0
477,1583,0
478,1249,1
478,990,0
478,142,0
478,538,0
478,478,0
478,1495,0
479,991,1
479,1585,0
479,253,0
479,407,0
479,338,0
479,1949,0
480,1738,1
480,480,0
480,1516,0
480,369,0
480,528,0
480,1729,0
481,1175,1
481,489,0
481,814,0
481,472,0
481,1078,0
481,1757,0
482,179,1
482,1583,0
482,473,0
482,538,0
482,1327,0
482,932,0
483,1146,1
483,178,0
483,1442,0
483,1110,0
483,359,0
483,904,0
484,119,1
484,1636,0
484,8,0
484,563,0
484,1592,0
484,1549,0
485,179,1
485,1554,0
485,1234,0
485,1770,0
485,1910,0
485,836,0
486,850,1
486,1183,0
486,1590,0
486,295,0
486,773,0
486,1700,0
487,1215,1
487,623,0
487,398,0
487,657,0
487,357,0
487,1909,0
488,510,1
488,142,0
488,1924,0
488,1582,0
488,239,0
488,558,0
489,1146,1
489,1769,0
489,1553,0
489,184,0
489,682,0
489,619,0
490,1932,1
490,1352,0
490,1858,0
490,378,0
490,1283,0
490,1059,0
491,1443,1
491,65,0
491,1656,0
491,67,0
491,1668,0
491,89,0
492,1960,1
492,1368,0
492,1653,0
492,1035,0
492,266,0
492,1647,0
493,1175,1
493,806,0
493,1562,0
493,694,0
493,208,0
493,1010,0
494,953,1
494,1215,0
494,1139,0
494,723,0
494,644,0
494,202,0
495,1147,1
495,1083,0
495,99,0
495,183,0
495,1055,0
495,14,0
496,119,1
496,1286,0
496,82,0
496,304,0
496,755,0
496,180,0
497,510,1
497,142,0
497,1252,0
497,102,0
497,1828,0
497,1592,0
498,1590,1
498,184,0
498,850,0
498,517,0
498,738,0
498,20,0
499,822,1
499,1895,0
499,316,0
499,526,0
499,1276,0
499,1827,0
500,1474,1
500,1844,0
500,1881,0
500,660,0
500,54,0
500,1339,0
501,62,1
501,702,0
501,906,0
501,1960,0
501,195,0
501,1308,0
502,401,1
502,1286,0
502,880,0
502,1488,0
502,60,0
502,1068,0
503,475,1
503,1916,0
503,1221,0
503,1844,0
503,1914,0
503,1492,0
504,554,1
504,1653,0
504,73,0
504,406,0
504,1496,0
504,568,0
505,933,1
505,637,0
505,674,0
505,1673,0
505,1162,0
505,1801,0
506,879,1
506,658,0
506,1361,0
506,1918,0
506,1670,0
506,1764,0
507,1701,1
507,1738,0
507,839,0
507,506,0
507,1932,0
507,1709,0
508,1895,1
508,65,0
508,1488,0
508,401,0
508,1244,0
508,1592,0
509,1289,1
509,0,0
509,919,0
509,1176,0
509,780,0
509,1504,0
510,258,1
510,1616,0
510,1035,0
510,332,0
510,1439,0
510,1611,0
511,881,1
511,1589,0
511,1303,0
511,1636,0
511,1947,0
511,1491,0
512,1289,1
512,1030,0
512,555,0
512,1252,0
512,1381,0
512,12,0
513,554,1
513,1646,0
513,813,0
513,1294,0
513,1266,0
513,154,0
514,378,1
514,1414,0
514,785,0
514,1192,0
514,1849,0
514,577,0
515,1289,1
515,1990,0
515,623,0
515,723,0
515,1253,0
515,1134,0
516,554,1
516,469,0
516,813,0
516,1764,0
516,858,0
516,1829,0
517,1215,1
517,993,0
517,723,0
517,267,0
517,459,0
517,1294,0
518,510,1
518,1066,0
518,1770,0
518,1696,0
518,1902,0
518,521,0
519,1146,1
519,1405,0
519,1283,0
519,184,0
519,384,0
519,1592,0
520,119,1
520,1599,0
520,1562,0
520,82,0
520,1158,0
520,980,0
521,1289,1
521,475,0
521,1887,0
521,436,0
521,1705,0
521,69,0
522,1109,1
522,1701,0
522,610,0
522,332,0
522,454,0
522,1729,0
523,102,1
523,390,0
523,1007,0
523,1175,0
523,987,0
523,1469,0
524,475,1
524,1435,0
524,105,0
524,363,0
524,165,0
524,345,0
525,554,1
525,295,0
525,1923,0
525,1172,0
525,686,0
525,857,0
526,1895,1
526,896,0
526,563,0
526,1007,0
526,284,0
526,1614,0
527,253,1
527,290,0
527,814,0
527,1295,0
527,1491,0
527,599,0
528,1146,1
528,665,0
528,1516,0
528,1616,0
528,275,0
528,1932,0
529,600,1
529,1562,0
529,711,0
529,102,0
529,128,0
529,1645,0
530,1178,1
530,808,0
530,420,0
530,660,0
530,536,0
530,1861,0
531,802,1
531,924,0
531,1405,0
531,369,0
531,1267,0
531,548,0
532,119,1
532,304,0
532,859,0
532,1303,0
532,410,0
532,134,0
533,1474,1
533,584,0
533,148,0
533,694,0
533,1566,0
533,706,0
534,554,1
534,1479,0
534,913,0
534,1886,0
534,1999,0
534,927,0
535,1215,1
535,916,0
535,1250,0
535,660,0
535,291,0
535,644,0
536,475,1
536,1696,0
536,1065,0
536,888,0
536,1717,0
536,1573,0
537,1738,1
537,1368,0
537,1331,0
537,1653,0
537,636,0
537,793,0
538,1215,1
538,623,0
538,176,0
538,1266,0
538,1179,0
538,1306,0
539,814,1
539,1067,0
539,1730,0
539,1924,0
539,651,0
539,81,0
540,1220,1
540,25,0
540,1812,0
540,665,0
540,423,0
540,1666,0
541,1451,1
541,526,0
541,1414,0
541,378,0
541,681,0
541,106,0
542,879,1
542,361,0
542,142,0
542,1696,0
542,471,0
542,599,0
543,1368,1
543,1183,0
543,665,0
543,776,0
543,366,0
543,242,0
544,45,1
544,1303,0
544,1991,0
544,341,0
544,1431,0
544,776,0
545,179,1
545,1583,0
545,879,0
545,1175,0
545,1763,0
545,755,0
546,1146,1
546,1172,0
546,36,0
546,1812,0
546,1933,0
546,1860,0
547,1562,1
547,1922,0
547,770,0
547,1044,0
547,226,0
547,729,0
548,1474,1
548,1252,0
548,919,0
548,512,0
548,227,0
548,994,0
549,1220,1
549,1146,0
549,406,0
549,1590,0
549,101,0
549,383,0
550,1215,1
550,785,0
550,341,0
550,1562,0
550,1577,0
550,1417,0
551,1474,1
551,1582,0
551,1250,0
551,1696,0
551,1152,0
551,1467,0
552,1146,1
552,665,0
552,1849,0
552,739,0
552,205,0
552,706,0
553,119,1
553,102,0
553,304,0
553,1599,0
553,893,0
553,809,0
554,179,1
554,1295,0
554,1397,0
554,1658,0
554,1358,0
554,1756,0
555,1461,1
555,1220,0
555,274,0
555,1202,0
555,409,0
555,1229,0
556,102,1
556,1747,0
556,933,0
556,771,0
556,1035,0
556,1421,0
557,1289,1
557,1953,0
557,1414,0
557,982,0
557,1143,0
557,1596,0
558,591,1
558,1738,0
558,110,0
558,1294,0
558,561,0
558,1686,0
559,1636,1
559,1599,0
559,1081,0
559,1175,0
559,1165,0
559,388,0
560,1289,1
560,1252,0
560,512,0
560,1073,0
560,967,0
560,745,0
561,554,1
561,258,0
561,406,0
561,1368,0
561,125,0
561,1500,0
562,119,1
562,1562,0
562,1525,0
562,970,0
562,614,0
562,651,0
563,1289,1
563,1739,0
563,1622,0
563,845,0
563,1973,0
563,1458,0
564,554,1
564,1110,0
564,369,0
564,432,0
564,101,0
564,378,0
565,1969,1
565,1340,0
565,896,0
565,563,0
565,92,0
565,237,0
566,771,1
566,1252,0
566,185,0
566,1807,0
566,1668,0
566,308,0
567,62,1
567,797,0
567,1727,0
567,1319,0
567,817,0
567,1293,0
568,1175,1
568,1229,0
568,1007,0
568,1178,0
568,1717,0
568,684,0
569,1030,1
569,65,0
569,1175,0
569,1474,0
569,1902,0
569,1676,0
570,554,1
570,776,0
570,813,0
570,1110,0
570,1385,0
570,1833,0
571,822,1
571,1007,0
571,1377,0
571,415,0
571,1276,0
571,1532,0
572,771,1
572,1437,0
572,494,0
572,1030,0
572,1016,0
572,1117,0
573,1960,1
573,1505,0
573,839,0
573,776,0
573,1045,0
573,1931,0
574,1019,1
574,1784,0
574,8,0
574,1695,0
574,231,0
574,755,0
575,549,1
575,1987,0
575,1177,0
575,161,0
575,1298,0
575,79,0
576,1146,1
576,332,0
576,369,0
576,221,0
576,1981,0
576,927,0
577,711,1
577,1525,0
577,1352,0
577,509,0
577,75,0
577,388,0
578,1030,1
578,1656,0
578,1064,0
578,185,0
578,377,0
578,815,0
579,62,1
579,1319,0
579,702,0
579,184,0
579,281,0
579,1661,0
580,119,1
580,489,0
580,1435,0
580,785,0
580,274,0
580,1602,0
581,510,1
581,1657,0
581,1104,0
581,1141,0
581,1941,0
581,932,0
582,554,1
582,1787,0
582,1061,0
582,136,0
582,1922,0
582,861,0
583,694,1
583,637,0
583,1952,0
583,1252,0
583,276,0
583,1579,0
584,771,1
584,1878,0
584,1733,0
584,1582,0
584,708,0
584,17,0
585,1220,1
585,1787,0
585,1912,0
585,1109,0
585,242,0
585,427,0
586,1175,1
586,142,0
586,586,0
586,253,0
586,1602,0
586,264,0
587,1918,1
587,427,0
587,213,0
587,142,0
587,1613,0
587,745,0
588,258,1
588,432,0
588,765,0
588,1320,0
588,1877,0
588,3,0
589,1215,1
589,1118,0
589,526,0
589,1878,0
589,809,0
589,63,0
590,1954,1
590,1363,0
590,1399,0
590,198,0
590,358,0
590,1137,0
591,1553,1
591,480,0
591,1997,0
591,839,0
591,1597,0
591,944,0
592,119,1
592,1695,0
592,600,0
592,1636,0
592,1799,0
592,765,0
593,1289,1
593,324,0
593,1067,0
593,1437,0
593,1495,0
593,264,0
594,425,1
594,1660,0
594,166,0
594,1868,0
594,359,0
594,520,0
595,694,1
595,179,0
595,415,0
595,1508,0
595,541,0
595,395,0
596,771,1
596,1992,0
596,1437,0
596,919,0
596,1084,0
596,641,0
597,1146,1
597,110,0
597,839,0
597,1590,0
597,1570,0
597,1069,0
598,1215,1
598,1511,0
598,575,0
598,797,0
598,459,0
598,469,0
599,918,1
599,1288,0
599,1880,0
599,1255,0
599,1565,0
599,1910,0
600,554,1
600,1801,0
600,702,0
600,813,0
600,941,0
600,1055,0
601,102,1
601,1747,0
601,1804,0
601,1252,0
601,540,0
601,1004,0
602,475,1
602,1694,0
602,1437,0
602,547,0
602,558,0
602,852,0
603,887,1
603,1072,0
603,1912,0
603,1653,0
603,1635,0
603,939,0
604,119,1
604,1286,0
604,1673,0
604,1710,0
604,924,0
604,126,0
605,771,1
605,510,0
605,494,0
605,660,0
605,815,0
605,477,0
606,887,1
606,913,0
606,987,0
606,818,0
606,503,0
606,1131,0
607,1175,1
607,748,0
607,658,0
607,526,0
607,1364,0
607,1337,0
608,771,1
608,1807,0
608,620,0
608,390,0
608,891,0
608,1495,0
609,62,1
609,1468,0
609,1727,0
609,136,0
609,372,0
609,1573,0
610,1695,1
610,600,0
610,1747,0
610,1007,0
610,957,0
610,1343,0
611,1954,1
611,1108,0
611,1251,0
611,1731,0
611,706,0
611,730,0
612,554,1
612,1109,0
612,73,0
612,221,0
612,427,0
612,1903,0
613,119,1
613,822,0
613,1192,0
613,1525,0
613,1209,0
613,1475,0
614,179,1
614,790,0
614,679,0
614,1362,0
614,671,0
614,1899,0
615,591,1
615,1220,0
615,1109,0
615,739,0
615,857,0
615,1420,0
616,674,1
616,1878,0
616,1932,0
616,415,0
616,18,0
616,684,0
617,1030,1
617,1295,0
617,1508,0
617,732,0
617,1598,0
617,1091,0
618,887,1
618,1035,0
618,147,0
618,221,0
618,1567,0
618,1914,0
619,1895,1
619,686,0
619,267,0
619,1340,0
619,1244,0
619,254,0
620,179,1
620,1715,0
620,473,0
620,400,0
620,720,0
620,1238,0
621,1590,1
621,987,0
621,1368,0
621,258,0
621,1478,0
621,1131,0
622,156,1
622,637,0
622,1155,0
622,1229,0
622,973,0
622,1609,0
623,179,1
623,102,0
623,695,0
623,1715,0
623,498,0
623,62,0
624,258,1
624,961,0
624,776,0
624,1146,0
624,1712,0
624,791,0
625,45,1
625,8,0
625,1991,0
625,620,0
625,1643,0
625,624,0
626,179,1
626,105,0
626,253,0
626,1694,0
626,1643,0
626,358,0
627,73,1
627,1479,0
627,1369,0
627,1553,0
627,1026,0
627,599,0
628,119,1
628,1081,0
628,1192,0
628,1007,0
628,1216,0
628,684,0
629,1030,1
629,658,0
629,50,0
629,1807,0
629,1349,0
629,1941,0
630,110,1
630,1812,0
630,370,0
630,185,0
630,417,0
630,281,0
631,1229,1
631,859,0
631,1747,0
631,1340,0
631,1430,0
631,32,0
632,771,1
632,68,0
632,436,0
632,1989,0
632,1210,0
632,995,0
633,665,1
633,1442,0
633,554,0
633,1653,0
633,124,0
633,415,0
634,1377,1
634,45,0
634,1081,0
634,1821,0
634,1133,0
634,726,0
635,1362,1
635,1029,0
635,991,0
635,844,0
635,1709,0
635,1497,0
636,554,1
636,1653,0
636,924,0
636,906,0
636,1305,0
636,27,0
637,970,1
637,785,0
637,1969,0
637,1488,0
637,1158,0
637,240,0
638,1289,1
638,586,0
638,880,0
638,94,0
638,1890,0
638,379,0
639,1553,1
639,277,0
639,1886,0
639,644,0
639,174,0
639,359,0
640,102,1
640,390,0
640,1918,0
640,156,0
640,52,0
640,930,0
641,1474,1
641,1102,0
641,1656,0
641,1249,0
641,1269,0
641,789,0
642,517,1
642,1146,0
642,1257,0
642,913,0
642,1260,0
642,294,0
643,1695,1
643,563,0
643,452,0
643,1471,0
643,187,0
643,1771,0
644,1474,1
644,1289,0
644,586,0
644,1361,0
644,1455,0
644,381,0
645,1960,1
645,406,0
645,1886,0
645,1616,0
645,975,0
645,1666,0
646,102,1
646,1695,0
646,771,0
646,600,0
646,496,0
646,1202,0
647,179,1
647,1952,0
647,538,0
647,697,0
647,1507,0
647,1039,0
648,110,1
648,1072,0
648,795,0
648,332,0
648,1190,0
648,599,0
649,45,1
649,1932,0
649,1155,0
649,8,0
649,1590,0
649,1754,0
650,1918,1
650,512,0
650,1585,0
650,31,0
650,1783,0
650,126,0
651,1960,1
651,876,0
651,987,0
651,1812,0
651,33,0
651,1409,0
652,119,1
652,8,0
652,748,0
652,304,0
652,114,0
652,1447,0
653,1474,1
653,364,0
653,1471,0
653,919,0
653,425,0
653,530,0
654,110,1
654,1622,0
654,1479,0
654,1590,0
654,1820,0
654,1210,0
655,881,1
655,770,0
655,1303,0
655,1362,0
655,615,0
655,1181,0
656,953,1
656,364,0
656,1918,0
656,805,0
656,937,0
656,1455,0
657,1146,1
657,73,0
657,1257,0
657,1109,0
657,1796,0
657,1856,0
658,674,1
658,1525,0
658,1932,0
658,1414,0
658,1645,0
658,924,0
659,1289,1
659,435,0
659,1622,0
659,216,0
659,348,0
659,1578,0
660,554,1
660,1553,0
660,776,0
660,1960,0
660,571,0
660,1618,0
661,119,1
661,193,0
661,933,0
661,341,0
661,728,0
661,1505,0
662,179,1
662,364,0
662,475,0
662,1141,0
662,27,0
662,1337,0
663,62,1
663,1347,0
663,618,0
663,321,0
663,460,0
663,871,0
664,8,1
664,102,0
664,1377,0
664,822,0
664,422,0
664,689,0
665,953,1
665,917,0
665,1693,0
665,805,0
665,1448,0
665,1097,0
666,1738,1
666,469,0
666,480,0
666,998,0
666,1407,0
666,262,0
667,102,1
667,1696,0
667,1508,0
667,771,0
667,1614,0
667,1196,0
668,771,1
668,660,0
668,697,0
668,1878,0
668,153,0
668,123,0
669,147,1
669,1976,0
669,1438,0
669,221,0
669,613,0
669,1747,0
670,1175,1
670,1583,0
670,179,0
670,676,0
670,836,0
670,92,0
671,179,1
671,703,0
671,1907,0
671,512,0
671,321,0
671,545,0
672,1553,1
672,1923,0
672,1997,0
672,147,0
672,1940,0
672,1422,0
673,711,1
673,452,0
673,933,0
673,230,0
673,681,0
673,543,0
674,549,1
674,30,0
674,797,0
674,805,0
674,449,0
674,1164,0
675,62,1
675,207,0
675,183,0
675,1235,0
675,87,0
675,1612,0
676,1215,1
676,1007,0
676,1932,0
676,1192,0
676,846,0
676,839,0
677,771,1
677,1437,0
677,1952,0
677,842,0
677,1199,0
677,1972,0
678,1479,1
678,295,0
678,961,0
678,1590,0
678,1154,0
678,625,0
679,119,1
679,1932,0
679,1562,0
679,711,0
679,126,0
679,1072,0
680,1474,1
680,740,0
680,703,0
680,179,0
680,1458,0
680,1487,0
681,1590,1
681,443,0
681,99,0
681,1394,0
681,746,0
681,1931,0
682,119,1
682,1007,0
682,267,0
682,1303,0
682,1697,0
682,1429,0
683,1842,1
683,1739,0
683,454,0
683,807,0
683,382,0
683,225,0
684,1479,1
684,1146,0
684,517,0
684,1653,0
684,1792,0
684,1488,0
685,1636,1
685,1695,0
685,1435,0
685,896,0
685,745,0
685,196,0
686,179,1
686,1543,0
686,1582,0
686,1537,0
686,218,0
686,486,0
687,1664,1
687,839,0
687,617,0
687,1590,0
687,1506,0
687,1587,0
688,119,1
688,674,0
688,45,0
688,785,0
688,677,0
688,1429,0
689,771,1
689,364,0
689,1204,0
689,1104,0
689,1039,0
689,61,0
690,554,1
690,258,0
690,813,0
690,1646,0
690,1274,0
690,1786,0
691,390,1
691,179,0
691,1451,0
691,510,0
691,1781,0
691,1105,0
692,1289,1
692,1400,0
692,623,0
692,1437,0
692,1671,0
692,149,0
693,1960,1
693,1923,0
693,906,0
693,1738,0
693,82,0
693,1302,0
694,694,1
694,1944,0
694,771,0
694,1952,0
694,1421,0
694,1798,0
695,975,1
695,1105,0
695,1626,0
695,1981,0
695,1375,0
695,571,0
696,554,1
696,887,0
696,1505,0
696,36,0
696,595,0
696,1248,0
697,102,1
697,1377,0
697,1175,0
697,510,0
697,1616,0
697,726,0
698,1474,1
698,1918,0
698,1435,0
698,1952,0
698,1910,0
698,1337,0
699,1812,1
699,1590,0
699,517,0
699,1220,0
699,1365,0
699,1265,0
700,119,1
700,1710,0
700,1081,0
700,1266,0
700,1216,0
700,758,0
701,1289,1
701,732,0
701,66,0
701,697,0
701,1788,0
701,883,0
702,554,1
702,36,0
702,703,0
702,258,0
702,820,0
702,656,0
703,102,1
703,711,0
703,156,0
703,806,0
703,328,0
703,1244,0
704,1474,1
704,1175,0
704,547,0
704,1247,0
704,239,0
704,86,0
705,1738,1
705,1331,0
705,36,0
705,1505,0
705,1481,0
705,648,0
706,452,1
706,1784,0
706,1204,0
706,1118,0
706,950,0
706,1929,0
707,575,1
707,589,0
707,1400,0
707,139,0
707,958,0
707,1947,0
708,1960,1
708,1986,0
708,1320,0
708,1283,0
708,1190,0
708,441,0
709,694,1
709,881,0
709,1104,0
709,1525,0
709,1014,0
709,1041,0
710,475,1
710,1212,0
710,880,0
710,436,0
710,212,0
710,1391,0
711,587,1
711,240,0
711,1512,0
711,846,0
711,1759,0
711,1952,0
712,119,1
712,711,0
712,1821,0
712,859,0
712,1238,0
712,691,0
713,1474,1
713,1067,0
713,1658,0
713,1582,0
713,1557,0
713,1867,0
714,1146,1
714,1220,0
714,277,0
714,628,0
714,1866,0
714,1153,0
715,193,1
715,1525,0
715,748,0
715,1515,0
715,579,0
715,1394,0
716,1030,1
716,1918,0
716,660,0
716,68,0
716,1677,0
716,1226,0
717,517,1
717,1405,0
717,1997,0
717,221,0
717,1483,0
717,76,0
718,1451,1
718,1229,0
718,1821,0
718,896,0
718,23,0
718,661,0
719,1326,1
719,288,0
719,1426,0
719,996,0
719,979,0
719,160,0
720,1738,1
720,480,0
720,776,0
720,36,0
720,534,0
720,632,0
721,1229,1
721,1175,0
721,1044,0
721,859,0
721,652,0
721,1017,0
722,1326,1
722,1332,0
722,703,0
722,1776,0
722,944,0
722,1643,0
723,1461,1
723,1646,0
723,1905,0
723,1146,0
723,774,0
723,378,0
724,1229,1
724,8,0
724,304,0
724,1636,0
724,1447,0
724,1411,0
725,1030,1
725,555,0
725,68,0
725,364,0
725,1635,0
725,49,0
726,147,1
726,1246,0
726,1347,0
726,1886,0
726,1229,0
726,312,0
727,748,1
727,563,0
727,1981,0
727,526,0
727,1558,0
727,1831,0
728,475,1
728,185,0
728,31,0
728,1696,0
728,1929,0
728,271,0
729,62,1
729,1072,0
729,432,0
729,1139,0
729,1388,0
729,1293,0
730,896,1
730,1673,0
730,1340,0
730,933,0
730,572,0
730,714,0
731,1474,1
731,1696,0
731,925,0
731,364,0
731,1125,0
731,52,0
732,554,1
732,295,0
732,1246,0
732,617,0
732,1636,0
732,730,0
733,711,1
733,1007,0
733,8,0
733,489,0
733,320,0
733,459,0
734,475,1
734,1989,0
734,1768,0
734,1221,0
734,607,0
734,496,0
735,887,1
735,1693,0
735,481,0
735,1989,0
735,854,0
735,1982,0
736,1215,1
736,1969,0
736,600,0
736,1511,0
736,1925,0
736,1929,0
737,1104,1
737,657,0
737,623,0
737,1733,0
737,1298,0
737,1666,0
738,887,1
738,221,0
738,1368,0
738,1036,0
738,1335,0
738,1388,0
739,1636,1
739,378,0
739,193,0
739,1599,0
739,1128,0
739,1602,0
740,510,1
740,879,0
740,362,0
740,364,0
740,1127,0
740,928,0
741,887,1
741,1764,0
741,1072,0
741,777,0
741,131,0
741,254,0
742,1636,1
742,156,0
742,1858,0
742,1488,0
742,276,0
742,535,0
743,1443,1
743,658,0
743,1049,0
743,1730,0
743,942,0
743,1235,0
744,1220,1
744,1738,0
744,247,0
744,924,0
744,463,0
744,1574,0
745,694,1
745,1747,0
745,933,0
745,378,0
745,1421,0
745,782,0
746,771,1
746,1326,0
746,1030,0
746,1250,0
746,1820,0
746,1127,0
747,1831,1
747,1771,0
747,104,0
747,1739,0
747,680,0
747,1007,0
748,674,1
748,464,0
748,1081,0
748,341,0
748,1754,0
748,1199,0
749,1989,1
749,436,0
749,696,0
749,1073,0
749,237,0
749,1002,0
750,1738,1
750,665,0
750,1220,0
750,1516,0
750,1814,0
750,1100,0
751,102,1
751,1377,0
751,105,0
751,1747,0
751,1623,0
751,1125,0
752,771,1
752,620,0
752,845,0
752,512,0
752,706,0
752,1689,0
753,1738,1
753,1442,0
753,1775,0
753,147,0
753,1668,0
753,26,0
754,464,1
754,526,0
754,1278,0
754,1636,0
754,1152,0
754,1923,0
755,1844,1
755,287,0
755,740,0
755,362,0
755,1483,0
755,1487,0
756,1960,1
756,406,0
756,332,0
756,1357,0
756,571,0
756,1482,0
757,119,1
757,1858,0
757,1377,0
757,933,0
757,765,0
757,698,0
758,771,1
758,956,0
758,472,0
758,1768,0
758,1571,0
758,299,0
759,62,1
759,549,0
759,1912,0
759,1678,0
759,534,0
759,303,0
760,119,1
760,1192,0
760,1377,0
760,1340,0
760,1236,0
760,980,0
761,771,1
761,623,0
761,1952,0
761,1400,0
761,1291,0
761,1097,0
762,1960,1
762,654,0
762,1738,0
762,99,0
762,1920,0
762,127,0
763,1599,1
763,600,0
763,119,0
763,785,0
763,17,0
763,1697,0
764,1474,1
764,510,0
764,1694,0
764,363,0
764,715,0
764,456,0
765,1146,1
765,1442,0
765,813,0
765,776,0
765,1006,0
765,242,0
766,489,1
766,1414,0
766,1175,0
766,1599,0
766,533,0
766,1623,0
767,797,1
767,723,0
767,1215,0
767,1258,0
767,90,0
767,229,0
768,554,1
768,1405,0
768,1442,0
768,1394,0
768,1396,0
768,885,0
769,489,1
769,1340,0
769,1747,0
769,970,0
769,906,0
769,202,0
770,1844,1
770,666,0
770,1952,0
770,703,0
770,1596,0
770,1727,0
771,703,1
771,1516,0
771,1553,0
771,1369,0
771,1100,0
771,1248,0
772,119,1
772,1175,0
772,102,0
772,341,0
772,1475,0
772,869,0
773,771,1
773,512,0
773,364,0
773,1696,0
773,932,0
773,525,0
774,610,1
774,476,0
774,36,0
774,270,0
774,1746,0
774,1773,0
775,1139,1
775,1897,0
775,43,0
775,343,0
775,1167,0
775,1021,0
776,1289,1
776,1622,0
776,555,0
776,1881,0
776,1372,0
776,77,0
777,1146,1
777,369,0
777,1812,0
777,1395,0
777,1039,0
777,1599,0
778,1229,1
778,1155,0
778,834,0
778,1511,0
778,1851,0
778,1993,0
779,179,1
779,1694,0
779,1102,0
779,1715,0
779,12,0
779,1595,0
780,1738,1
780,1479,0
780,443,0
780,1220,0
780,674,0
780,1631,0
781,1175,1
781,697,0
781,1895,0
781,806,0
781,1670,0
781,210,0
782,1659,1
782,1959,0
782,103,0
782,435,0
782,1055,0
782,418,0
783,1775,1
783,1320,0
783,1959,0
783,910,0
783,1821,0
783,879,0
784,102,1
784,1991,0
784,1878,0
784,1488,0
784,1072,0
784,328,0
785,94,1
785,1796,0
785,1241,0
785,1611,0
785,930,0
785,1043,0
786,554,1
786,998,0
786,906,0
786,1646,0
786,820,0
786,201,0
787,102,1
787,1377,0
787,326,0
787,1007,0
787,951,0
787,1828,0
788,1030,1
788,105,0
788,1064,0
788,1141,0
788,529,0
788,1692,0
789,1146,1
789,258,0
789,147,0
789,610,0
789,1940,0
789,1519,0
790,1895,1
790,1278,0
790,1636,0
790,1451,0
790,1719,0
790,1577,0
791,1178,1
791,390,0
791,697,0
791,1184,0
791,1855,0
791,1117,0
792,258,1
792,1764,0
792,406,0
792,1072,0
792,1778,0
792,908,0
793,119,1
793,1229,0
793,600,0
793,1007,0
793,755,0
793,163,0
794,1104,1
794,364,0
794,1733,0
794,1622,0
794,39,0
794,336,0
795,887,1
795,1887,0
795,1479,0
795,1289,0
795,1385,0
795,1439,0
796,119,1
796,1175,0
796,1878,0
796,970,0
796,171,0
796,792,0
797,1474,1
797,1399,0
797,512,0
797,1295,0
797,854,0
797,355,0
798,1146,1
798,1516,0
798,591,0
798,1405,0
798,20,0
798,353,0
799,1081,1
799,1969,0
799,1932,0
799,193,0
799,869,0
799,1929,0
800,1030,1
800,222,0
800,1175,0
800,1656,0
800,607,0
800,718,0
801,554,1
801,1405,0
801,1172,0
801,258,0
801,1459,0
801,1821,0
802,1215,1
802,1807,0
802,1400,0
802,1895,0
802,1713,0
802,1892,0
803,179,1
803,1918,0
803,1537,0
803,431,0
803,1135,0
803,1495,0
804,1220,1
804,876,0
804,765,0
804,906,0
804,532,0
804,1796,0
805,1215,1
805,437,0
805,1287,0
805,1545,0
805,566,0
805,943,0
806,179,1
806,1952,0
806,1695,0
806,1844,0
806,1222,0
806,1495,0
807,554,1
807,1368,0
807,1091,0
807,106,0
807,700,0
807,1977,0
808,119,1
808,1340,0
808,1710,0
808,1878,0
808,728,0
808,1276,0
809,510,1
809,1435,0
809,1881,0
809,740,0
809,482,0
809,1483,0
810,887,1
810,1616,0
810,358,0
810,147,0
810,1644,0
810,1789,0
811,102,1
811,1747,0
811,600,0
811,1266,0
811,1549,0
811,1310,0
812,771,1
812,288,0
812,105,0
812,148,0
812,1754,0
812,188,0
813,1109,1
813,92,0
813,980,0
813,1956,0
813,612,0
813,693,0
814,822,1
814,45,0
814,1229,0
814,657,0
814,573,0
814,1335,0
815,1289,1
815,1003,0
815,1215,0
815,1659,0
815,298,0
815,1115,0
816,1812,1
816,1368,0
816,321,0
816,258,0
816,1782,0
816,1422,0
817,1377,1
817,1969,0
817,896,0
817,600,0
817,1831,0
817,1022,0
818,1474,1
818,142,0
818,475,0
818,1178,0
818,742,0
818,1598,0
819,62,1
819,1955,0
819,1842,0
819,1659,0
819,1685,0
819,1445,0
820,1878,1
820,1215,0
820,771,0
820,1377,0
820,85,0
820,1481,0
821,1289,1
821,1659,0
821,1400,0
821,475,0
821,523,0
821,463,0
822,554,1
822,1701,0
822,369,0
822,998,0
822,45,0
822,306,0
823,806,1
823,293,0
823,1435,0
823,267,0
823,819,0
823,1923,0
824,771,1
824,1916,0
824,732,0
824,139,0
824,412,0
824,1421,0
825,1553,1
825,1875,0
825,506,0
825,1849,0
825,1450,0
825,1278,0
826,1215,1
826,1969,0
826,859,0
826,1722,0
826,985,0
826,873,0
827,390,1
827,771,0
827,1574,0
827,879,0
827,1364,0
827,1939,0
828,258,1
828,1183,0
828,1257,0
828,1479,0
828,793,0
828,21,0
829,102,1
829,1102,0
829,879,0
829,156,0
829,1923,0
829,560,0
830,549,1
830,454,0
830,263,0
830,1003,0
830,1668,0
830,1945,0
831,1960,1
831,1558,0
831,1394,0
831,1775,0
831,1055,0
831,885,0
832,119,1
832,1215,0
832,8,0
832,1377,0
832,433,0
832,1720,0
833,510,1
833,1437,0
833,364,0
833,808,0
833,1726,0
833,1703,0
834,554,1
834,1775,0
834,332,0
834,1072,0
834,164,0
834,1856,0
835,1303,1
835,1673,0
835,1435,0
835,1102,0
835,1571,0
835,1135,0
836,179,1
836,364,0
836,695,0
836,703,0
836,858,0
836,907,0
837,1146,1
837,1849,0
837,839,0
837,591,0
837,1507,0
837,1334,0
838,1215,1
838,1821,0
838,94,0
838,933,0
838,75,0
838,792,0
839,390,1
839,1696,0
839,1249,0
839,1493,0
839,1609,0
839,1939,0
840,554,1
840,1912,0
840,1960,0
840,321,0
840,1644,0
840,526,0
841,1636,1
841,1710,0
841,1192,0
841,341,0
841,735,0
841,1263,0
842,808,1
842,1286,0
842,1215,0
842,1065,0
842,1814,0
842,77,0
843,1220,1
843,1405,0
843,876,0
843,106,0
843,1644,0
843,1278,0
844,119,1
844,1673,0
844,1044,0
844,859,0
844,1727,0
844,190,0
845,549,1
845,657,0
845,731,0
845,993,0
845,499,0
845,313,0
846,73,1
846,1405,0
846,295,0
846,1738,0
846,612,0
846,1161,0
847,1895,1
847,563,0
847,600,0
847,464,0
847,459,0
847,1643,0
848,771,1
848,1989,0
848,287,0
848,1437,0
848,1122,0
848,826,0
849,1146,1
849,480,0
849,1479,0
849,1220,0
849,1301,0
849,612,0
850,834,1
850,10,0
850,1990,0
850,1278,0
850,240,0
850,1617,0
851,510,1
851,1437,0
851,1332,0
851,1841,0
851,419,0
851,160,0
852,1220,1
852,1653,0
852,321,0
852,480,0
852,158,0
852,415,0
853,1175,1
853,933,0
853,637,0
853,1599,0
853,1128,0
853,1085,0
854,1474,1
854,1657,0
854,1361,0
854,512,0
854,199,0
854,1529,0
855,1146,1
855,739,0
855,1257,0
855,1479,0
855,1174,0
855,750,0
856,230,1
856,1414,0
856,452,0
856,304,0
856,476,0
856,385,0
857,1474,1
857,50,0
857,1030,0
857,1471,0
857,671,0
857,1783,0
858,258,1
858,1491,0
858,765,0
858,1726,0
858,267,0
858,594,0
859,694,1
859,1435,0
859,105,0
859,805,0
859,533,0
859,1904,0
860,771,1
860,1326,0
860,1437,0
860,919,0
860,1196,0
860,1677,0
861,554,1
861,1616,0
861,1368,0
861,839,0
861,1092,0
861,378,0
862,1266,1
862,1932,0
862,1833,0
862,933,0
862,52,0
862,1337,0
863,475,1
863,105,0
863,771,0
863,1252,0
863,1524,0
863,447,0
864,554,1
864,295,0
864,1442,0
864,1331,0
864,119,0
864,935,0
865,119,1
865,1821,0
865,452,0
865,1178,0
865,1598,0
865,410,0
866,1289,1
866,1178,0
866,435,0
866,1176,0
866,1236,0
866,1000,0
867,147,1
867,1146,0
867,887,0
867,1479,0
867,1827,0
867,415,0
868,489,1
868,970,0
868,563,0
868,1007,0
868,69,0
868,1838,0
869,1474,1
869,1437,0
869,364,0
869,1141,0
869,891,0
869,1571,0
870,1146,1
870,924,0
870,184,0
870,1986,0
870,1136,0
870,458,0
871,1695,1
871,1266,0
871,733,0
871,1510,0
871,1232,0
871,15,0
872,771,1
872,1656,0
872,1841,0
872,1582,0
872,410,0
872,634,0
873,62,1
873,1616,0
873,1542,0
873,1764,0
873,1056,0
873,1684,0
874,834,1
874,183,0
874,1759,0
874,1842,0
874,89,0
874,1294,0
875,1474,1
875,363,0
875,1924,0
875,142,0
875,308,0
875,1618,0
876,554,1
876,739,0
876,1257,0
876,184,0
876,1211,0
876,248,0
877,119,1
877,1278,0
877,785,0
877,1932,0
877,1273,0
877,1645,0
878,771,1
878,1073,0
878,1918,0
878,586,0
878,1078,0
878,1867,0
879,1195,1
879,1583,0
879,983,0
879,1257,0
879,1597,0
879,259,0
880,119,1
880,1710,0
880,304,0
880,674,0
880,913,0
880,433,0
881,1437,1
881,771,0
881,1776,0
881,1992,0
881,81,0
881,419,0
882,1590,1
882,136,0
882,1727,0
882,1738,0
882,1422,0
882,135,0
883,602,1
883,933,0
883,861,0
883,1015,0
883,543,0
883,850,0
884,1289,1
884,586,0
884,880,0
884,103,0
884,55,0
884,385,0
885,554,1
885,1849,0
885,1110,0
885,573,0
885,861,0
885,730,0
886,415,1
886,806,0
886,479,0
886,82,0
886,1845,0
886,1956,0
887,1399,1
887,57,0
887,1585,0
887,1389,0
887,1163,0
887,625,0
888,1220,1
888,332,0
888,998,0
888,1368,0
888,63,0
888,1015,0
889,822,1
889,933,0
889,452,0
889,82,0
889,1209,0
889,1670,0
890,1030,1
890,1287,0
890,845,0
890,1400,0
890,1550,0
890,829,0
891,1764,1
891,1535,0
891,52,0
891,1912,0
891,1049,0
891,1988,0
892,1562,1
892,600,0
892,1922,0
892,1636,0
892,758,0
892,1728,0
893,1554,1
893,1769,0
893,518,0
893,1399,0
893,249,0
893,831,0
894,1960,1
894,1183,0
894,136,0
894,765,0
894,1612,0
894,1069,0
895,1215,1
895,1759,0
895,785,0
895,1287,0
895,210,0
895,652,0
896,1030,1
896,993,0
896,216,0
896,1324,0
896,1276,0
896,1809,0
897,554,1
897,728,0
897,1812,0
897,913,0
897,1297,0
897,608,0
898,415,1
898,1952,0
898,896,0
898,771,0
898,1061,0
898,986,0
899,179,1
899,766,0
899,26,0
899,441,0
899,1152,0
899,1061,0
900,1812,1
900,1616,0
900,73,0
900,1775,0
900,1903,0
900,945,0
901,1636,1
901,896,0
901,304,0
901,8,0
901,1783,0
901,702,0
902,1989,1
902,66,0
902,435,0
902,1141,0
902,225,0
902,1150,0
903,110,1
903,887,0
903,103,0
903,1553,0
903,1449,0
903,1562,0
904,119,1
904,341,0
904,526,0
904,1599,0
904,1072,0
904,270,0
905,953,1
905,475,0
905,575,0
905,993,0
905,1263,0
905,1228,0
906,554,1
906,1442,0
906,1331,0
906,295,0
906,156,0
906,1561,0
907,1895,1
907,896,0
907,1287,0
907,452,0
907,928,0
907,493,0
908,510,1
908,185,0
908,808,0
908,695,0
908,375,0
908,218,0
909,1738,1
909,1109,0
909,1849,0
909,591,0
909,590,0
909,497,0
910,230,1
910,1340,0
910,82,0
910,1784,0
910,801,0
910,580,0
911,1443,1
911,145,0
911,723,0
911,1641,0
911,883,0
911,1643,0
912,1220,1
912,924,0
912,480,0
912,295,0
912,1692,0
912,1932,0
913,1636,1
913,881,0
913,694,0
913,637,0
913,1867,0
913,1244,0
914,1289,1
914,1073,0
914,953,0
914,697,0
914,291,0
914,1631,0
915,1109,1
915,920,0
915,1801,0
915,1331,0
915,549,0
915,1452,0
916,637,1
916,156,0
916,881,0
916,489,0
916,134,0
916,1603,0
917,1030,1
917,178,0
917,50,0
917,1067,0
917,1683,0
917,1947,0
918,1738,1
918,221,0
918,1405,0
918,480,0
918,1556,0
918,817,0
919,156,1
919,1414,0
919,1352,0
919,1229,0
919,802,0
919,344,0
920,179,1
920,1841,0
920,1067,0
920,1554,0
920,190,0
920,449,0
921,1590,1
921,850,0
921,702,0
921,1986,0
921,1631,0
921,262,0
922,119,1
922,1673,0
922,1599,0
922,1656,0
922,1781,0
922,581,0
923,919,1
923,67,0
923,999,0
923,1961,0
923,1929,0
923,1714,0
924,147,1
924,1949,0
924,765,0
924,1653,0
924,526,0
924,1389,0
925,1175,1
925,472,0
925,694,0
925,982,0
925,1448,0
925,264,0
926,179,1
926,111,0
926,991,0
926,882,0
926,831,0
926,1592,0
927,307,1
927,439,0
927,1347,0
927,425,0
927,1174,0
927,479,0
928,1175,1
928,1488,0
928,637,0
928,806,0
928,1535,0
928,1084,0
929,1474,1
929,1175,0
929,842,0
929,475,0
929,207,0
929,233,0
930,110,1
930,30,0
930,924,0
930,1061,0
930,1482,0
930,779,0
931,464,1
931,8,0
931,637,0
931,1833,0
931,1608,0
931,424,0
932,771,1
932,142,0
932,31,0
932,1361,0
932,27,0
932,854,0
933,1220,1
933,813,0
933,1368,0
933,1405,0
933,1877,0
933,266,0
934,464,1
934,156,0
934,734,0
934,982,0
934,1109,0
934,210,0
935,703,1
935,1221,0
935,1435,0
935,1437,0
935,1640,0
935,690,0
936,1146,1
936,221,0
936,665,0
936,1960,0
936,945,0
936,470,0
937,711,1
937,304,0
937,1673,0
937,1303,0
937,614,0
937,1273,0
938,1030,1
938,1102,0
938,1472,0
938,1250,0
938,654,0
938,582,0
939,961,1
939,1997,0
939,1183,0
939,850,0
939,1083,0
939,497,0
940,230,1
940,1303,0
940,1710,0
940,1340,0
940,1458,0
940,1993,0
941,1178,1
941,1250,0
941,1992,0
941,50,0
941,684,0
941,1105,0
942,1146,1
942,802,0
942,221,0
942,1442,0
942,409,0
942,127,0
943,230,1
943,1784,0
943,526,0
943,1821,0
943,1898,0
943,1078,0
944,771,1
944,364,0
944,658,0
944,1844,0
944,17,0
944,940,0
945,1220,1
945,1616,0
945,1912,0
945,1738,0
945,520,0
945,859,0
946,1636,1
946,304,0
946,341,0
946,674,0
946,1220,0
946,334,0
947,1289,1
947,501,0
947,880,0
947,1067,0
947,237,0
947,1282,0
948,554,1
948,73,0
948,665,0
948,839,0
948,1265,0
948,1311,0
949,119,1
949,156,0
949,674,0
949,1747,0
949,829,0
949,1024,0
950,1918,1
950,364,0
950,612,0
950,473,0
950,1803,0
950,1618,0
951,73,1
951,776,0
951,850,0
951,1886,0
951,1476,0
951,1560,0
952,1969,1
952,1340,0
952,1303,0
952,102,0
952,1357,0
952,321,0
953,1289,1
953,1916,0
953,586,0
953,1437,0
953,698,0
953,1964,0
954,1960,1
954,1442,0
954,1405,0
954,1209,0
954,463,0
954,164,0
955,1895,1
955,1155,0
955,1229,0
955,464,0
955,1002,0
955,1781,0
956,1289,1
956,592,0
956,888,0
956,68,0
956,903,0
956,1816,0
957,147,1
957,876,0
957,906,0
957,654,0
957,131,0
957,1416,0
958,102,1
958,1081,0
958,8,0
958,806,0
958,1347,0
958,1041,0
959,94,1
959,1271,0
959,494,0
959,242,0
959,1542,0
959,1566,0
960,1220,1
960,110,0
960,1553,0
960,1701,0
960,996,0
960,1544,0
961,1215,1
961,156,0
961,1821,0
961,489,0
961,1460,0
961,332,0
962,1443,1
962,1175,0
962,139,0
962,1621,0
962,123,0
962,1707,0
963,1738,1
963,813,0
963,1394,0
963,1997,0
963,663,0
963,275,0
964,119,1
964,1340,0
964,452,0
964,1488,0
964,1668,0
964,153,0
965,771,1
965,723,0
965,1807,0
965,68,0
965,912,0
965,1097,0
966,1831,1
966,307,0
966,25,0
966,1787,0
966,445,0
966,1445,0
967,1229,1
967,1673,0
967,1007,0
967,156,0
967,1257,0
967,496,0
968,1289,1
968,510,0
968,436,0
968,474,0
968,609,0
968,1448,0
969,1146,1
969,998,0
969,1442,0
969,406,0
969,1531,0
969,1200,0
970,1178,1
970,119,0
970,731,0
970,933,0
970,614,0
970,449,0
971,161,1
971,1382,0
971,1887,0
971,1519,0
971,79,0
971,751,0
972,110,1
972,99,0
972,1986,0
972,1035,0
972,706,0
972,397,0
973,119,1
973,526,0
973,1562,0
973,1175,0
973,1216,0
973,1127,0
974,179,1
974,695,0
974,1796,0
974,1252,0
974,801,0
974,1598,0
975,517,1
975,913,0
975,813,0
975,1024,0
975,1848,0
975,371,0
976,1229,1
976,1636,0
976,82,0
976,731,0
976,1216,0
976,1021,0
977,1178,1
977,1249,0
977,1278,0
977,1287,0
977,846,0
977,936,0
978,1553,1
978,1401,0
978,1220,0
978,1738,0
978,1396,0
978,1988,0
979,1858,1
979,119,0
979,1340,0
979,452,0
979,412,0
979,1202,0
980,510,1
980,1881,0
980,1844,0
980,586,0
980,560,0
980,382,0
981,110,1
981,432,0
981,1986,0
981,1394,0
981,1129,0
981,1148,0
982,341,1
982,933,0
982,1266,0
982,711,0
982,772,0
982,385,0
983,179,1
983,538,0
983,1954,0
983,327,0
983,683,0
983,1501,0
984,1960,1
984,1923,0
984,321,0
984,1405,0
984,1827,0
984,1412,0
985,822,1
985,723,0
985,45,0
985,1007,0
985,1549,0
985,496,0
986,723,1
986,679,0
986,797,0
986,731,0
986,1216,0
986,1374,0
987,554,1
987,1701,0
987,1960,0
987,1664,0
987,249,0
987,756,0
988,970,1
988,1599,0
988,1747,0
988,805,0
988,772,0
988,1201,0
989,734,1
989,1278,0
989,205,0
989,548,0
989,114,0
989,567,0
990,1960,1
990,1690,0
990,554,0
990,850,0
990,716,0
990,191,0
991,1303,1
991,179,0
991,489,0
991,997,0
991,1343,0
991,422,0
992,1289,1
992,1252,0
992,845,0
992,880,0
992,1707,0
992,1433,0
993,110,1
993,1590,0
993,438,0
993,1257,0
993,1451,0
993,791,0
994,119,1
994,1340,0
994,230,0
994,563,0
994,541,0
994,402,0
995,1443,1
995,1071,0
995,1287,0
995,474,0
995,1744,0
995,551,0
996,1960,1
996,481,0
996,1072,0
996,1986,0
996,969,0
996,1982,0
997,267,1
997,1599,0
997,1932,0
997,787,0
997,62,0
997,153,0
998,1474,1
998,842,0
998,1249,0
998,1585,0
998,930,0
998,1372,0
999,1146,1
999,110,0
999,998,0
999,369,0
999,487,0
999,787,0
