code,symbol,name,market,asset_type,date,open,high,low,close,preclose,volume,amount,pct_chg,turnover,trade_status,is_st,adjust,provider,source_function
002029,SZSE.002029,,SZ,A股-深交所,2025-12-01,10.95,11.25,10.79,10.81,10.95,72291982,795374409.1,-1.2785,10.8643,1,0,none,baostock,query_history_k_data_plus
002029,SZSE.002029,,SZ,A股-深交所,2025-12-02,10.6,10.86,10.24,10.64,10.81,65812027,693161543.46,-1.5726,9.8905,1,0,none,baostock,query_history_k_data_plus
002029,SZSE.002029,,SZ,A股-深交所,2025-12-03,10.74,10.74,10.08,10.08,10.64,51737711,531073977.48,-5.2632,7.7754,1,0,none,baostock,query_history_k_data_plus
002029,SZSE.002029,,SZ,A股-深交所,2025-12-04,10.15,11.09,10.15,10.49,10.08,79739598,845721673.26,4.0675,11.9836,1,0,none,baostock,query_history_k_data_plus
002029,SZSE.002029,,SZ,A股-深交所,2025-12-05,10.34,10.87,10.01,10.69,10.49,71642251,749615623.79,1.9066,10.7667,1,0,none,baostock,query_history_k_data_plus
002029,SZSE.002029,,SZ,A股-深交所,2025-12-08,10.93,11.76,10.91,11.76,10.69,76067442,863133069.42,10.0094,11.4317,1,0,none,baostock,query_history_k_data_plus
002029,SZSE.002029,,SZ,A股-深交所,2025-12-09,12.12,12.66,11.51,11.63,11.76,143643388,1711149228.53,-1.1054,21.5873,1,0,none,baostock,query_history_k_data_plus
002029,SZSE.002029,,SZ,A股-深交所,2025-12-10,11.86,12.38,11.6,12.02,11.63,101774872,1218159249.73,3.3534,15.2952,1,0,none,baostock,query_history_k_data_plus
002029,SZSE.002029,,SZ,A股-深交所,2025-12-11,11.7,11.95,11.34,11.4,12.02,77958938,901700566.5,-5.1581,11.716,1,0,none,baostock,query_history_k_data_plus
002029,SZSE.002029,,SZ,A股-深交所,2025-12-12,11.5,11.97,11.28,11.76,11.4,72083259,846502062.07,3.1579,10.833,1,0,none,baostock,query_history_k_data_plus
002029,SZSE.002029,,SZ,A股-深交所,2025-12-15,11.5,11.67,11.14,11.4,11.76,55817756,635623066.85,-3.0612,8.3885,1,0,none,baostock,query_history_k_data_plus
002029,SZSE.002029,,SZ,A股-深交所,2025-12-16,11.59,11.87,11.15,11.46,11.4,64845399,752200627.22,0.5263,9.7452,1,0,none,baostock,query_history_k_data_plus
002029,SZSE.002029,,SZ,A股-深交所,2025-12-17,11.11,11.13,10.56,10.98,11.46,57188858,619623319.68,-4.1885,8.5946,1,0,none,baostock,query_history_k_data_plus
002029,SZSE.002029,,SZ,A股-深交所,2025-12-18,10.96,11.49,10.87,11.26,10.98,47664615,535499927.45,2.5501,7.1632,1,0,none,baostock,query_history_k_data_plus
002029,SZSE.002029,,SZ,A股-深交所,2025-12-19,11.4,11.96,11.4,11.78,11.26,65667298,773473322.65,4.6181,9.8688,1,0,none,baostock,query_history_k_data_plus
002029,SZSE.002029,,SZ,A股-深交所,2025-12-22,11.76,11.8,11.26,11.27,11.78,57007786,655476466.78,-4.3294,8.5674,1,0,none,baostock,query_history_k_data_plus
002029,SZSE.002029,,SZ,A股-深交所,2025-12-23,11.28,11.49,11.08,11.14,11.27,35564508,400895107.9,-1.1535,5.3448,1,0,none,baostock,query_history_k_data_plus
002029,SZSE.002029,,SZ,A股-深交所,2025-12-24,11.02,11.26,11.02,11.14,11.14,25772175,287093862.58,0.0,3.8732,1,0,none,baostock,query_history_k_data_plus
002029,SZSE.002029,,SZ,A股-深交所,2025-12-25,11.16,11.59,10.87,11.46,11.14,48149026,542198732.11,2.8725,7.236,1,0,none,baostock,query_history_k_data_plus
002029,SZSE.002029,,SZ,A股-深交所,2025-12-26,11.4,11.53,11.07,11.1,11.46,40668944,457103018.15,-3.1414,6.1119,1,0,none,baostock,query_history_k_data_plus
002029,SZSE.002029,,SZ,A股-深交所,2025-12-29,11.12,11.24,10.72,11.0,11.1,42673453,467275053.13,-0.9009,6.4131,1,0,none,baostock,query_history_k_data_plus
002029,SZSE.002029,,SZ,A股-深交所,2025-12-30,10.95,11.8,10.61,11.44,11.0,64995537,732233175.63,4.0,9.7678,1,0,none,baostock,query_history_k_data_plus
002029,SZSE.002029,,SZ,A股-深交所,2025-12-31,11.44,11.47,11.0,11.03,11.44,43897769,488970423.68,-3.5839,6.5971,1,0,none,baostock,query_history_k_data_plus
002029,SZSE.002029,,SZ,A股-深交所,2026-01-05,11.0,11.36,10.86,11.03,11.03,32606869,361105312.3,0.0,4.9003,1,0,none,baostock,query_history_k_data_plus
002029,SZSE.002029,,SZ,A股-深交所,2026-01-06,11.1,12.12,11.05,11.77,11.03,76720770,898489676.67,6.709,11.5299,1,0,none,baostock,query_history_k_data_plus
002029,SZSE.002029,,SZ,A股-深交所,2026-01-07,11.88,12.4,11.73,12.2,11.77,59492445,720621869.65,3.6534,8.9408,1,0,none,baostock,query_history_k_data_plus
002029,SZSE.002029,,SZ,A股-深交所,2026-01-08,12.5,13.4,12.38,12.76,12.2,66746905,863283112.04,4.5902,10.031,1,0,none,baostock,query_history_k_data_plus
002029,SZSE.002029,,SZ,A股-深交所,2026-01-09,12.76,14.04,12.44,14.04,12.76,64103093,841976261.38,10.0313,9.6337,1,0,none,baostock,query_history_k_data_plus
002029,SZSE.002029,,SZ,A股-深交所,2026-01-12,14.63,14.63,13.57,13.85,14.04,93375180,1306133074.31,-1.3533,14.0328,1,0,none,baostock,query_history_k_data_plus
002029,SZSE.002029,,SZ,A股-深交所,2026-01-13,14.04,14.85,13.55,14.16,13.85,84386262,1194818607.65,2.2383,12.6819,1,0,none,baostock,query_history_k_data_plus
002029,SZSE.002029,,SZ,A股-深交所,2026-01-14,13.9,14.3,13.51,13.74,14.16,65624972,916319932.6,-2.9661,9.8624,1,0,none,baostock,query_history_k_data_plus
002029,SZSE.002029,,SZ,A股-深交所,2026-01-15,13.56,13.65,12.68,12.83,13.74,49281400,641428863.05,-6.623,7.4062,1,0,none,baostock,query_history_k_data_plus
002029,SZSE.002029,,SZ,A股-深交所,2026-01-16,12.9,13.06,12.46,12.47,12.83,29143050,369610717.02,-2.8059,4.3797,1,0,none,baostock,query_history_k_data_plus
002029,SZSE.002029,,SZ,A股-深交所,2026-01-19,12.51,12.85,12.36,12.69,12.47,28997106,365643051.59,1.7642,4.3578,1,0,none,baostock,query_history_k_data_plus
002029,SZSE.002029,,SZ,A股-深交所,2026-01-20,12.7,12.93,12.39,12.45,12.69,29633491,373715395.2,-1.8913,4.4534,1,0,none,baostock,query_history_k_data_plus
002029,SZSE.002029,,SZ,A股-深交所,2026-01-21,12.46,12.63,12.27,12.46,12.45,19067720,237165254.27,0.0803,2.8656,1,0,none,baostock,query_history_k_data_plus
002029,SZSE.002029,,SZ,A股-深交所,2026-01-22,12.54,12.75,12.46,12.7,12.46,21286056,268984993.48,1.9262,3.199,1,0,none,baostock,query_history_k_data_plus
002029,SZSE.002029,,SZ,A股-深交所,2026-01-23,12.9,12.92,12.65,12.88,12.7,22727251,290758482.19,1.4173,3.4155,1,0,none,baostock,query_history_k_data_plus
002029,SZSE.002029,,SZ,A股-深交所,2026-01-26,12.79,12.86,12.2,12.31,12.88,27923162,348939504.15,-4.4255,4.1964,1,0,none,baostock,query_history_k_data_plus
002029,SZSE.002029,,SZ,A股-深交所,2026-01-27,12.31,12.48,12.08,12.43,12.31,21399891,262831894.4,0.9748,3.2161,1,0,none,baostock,query_history_k_data_plus
002029,SZSE.002029,,SZ,A股-深交所,2026-01-28,12.38,12.44,12.01,12.09,12.43,20684620,252211080.7,-2.7353,3.1086,1,0,none,baostock,query_history_k_data_plus
002029,SZSE.002029,,SZ,A股-深交所,2026-01-29,12.06,12.21,11.74,11.77,12.09,24814292,296487169.97,-2.6468,3.7292,1,0,none,baostock,query_history_k_data_plus
002029,SZSE.002029,,SZ,A股-深交所,2026-01-30,11.73,11.96,11.71,11.85,11.77,16510005,195459295.88,0.6797,2.4812,1,0,none,baostock,query_history_k_data_plus
002029,SZSE.002029,,SZ,A股-深交所,2026-02-02,11.75,12.03,11.65,11.65,11.85,15315986,181578573.04,-1.6878,2.3018,1,0,none,baostock,query_history_k_data_plus
002029,SZSE.002029,,SZ,A股-深交所,2026-02-03,11.79,11.91,11.7,11.9,11.65,12239594,144678447.14,2.1459,1.8394,1,0,none,baostock,query_history_k_data_plus
002029,SZSE.002029,,SZ,A股-深交所,2026-02-04,11.9,12.03,11.78,11.95,11.9,11192808,133034660.36,0.4202,1.6821,1,0,none,baostock,query_history_k_data_plus
002029,SZSE.002029,,SZ,A股-深交所,2026-02-05,11.96,12.5,11.89,12.49,11.95,30575946,378059868.01,4.5188,4.5951,1,0,none,baostock,query_history_k_data_plus
002029,SZSE.002029,,SZ,A股-深交所,2026-02-06,12.3,12.4,12.2,12.25,12.49,17154512,210869989.35,-1.9215,2.5781,1,0,none,baostock,query_history_k_data_plus
002029,SZSE.002029,,SZ,A股-深交所,2026-02-09,12.36,12.42,12.18,12.23,12.25,15042319,184728626.74,-0.1633,2.2606,1,0,none,baostock,query_history_k_data_plus
002029,SZSE.002029,,SZ,A股-深交所,2026-02-10,12.16,12.27,11.78,11.81,12.23,23373756,278525841.22,-3.4342,3.5127,1,0,none,baostock,query_history_k_data_plus
002029,SZSE.002029,,SZ,A股-深交所,2026-02-11,11.74,11.86,11.67,11.75,11.81,12831703,150935052.87,-0.508,1.9284,1,0,none,baostock,query_history_k_data_plus
002029,SZSE.002029,,SZ,A股-深交所,2026-02-12,11.71,11.77,11.28,11.29,11.75,22772493,259612226.46,-3.9149,3.4223,1,0,none,baostock,query_history_k_data_plus
002029,SZSE.002029,,SZ,A股-深交所,2026-02-13,11.33,11.4,11.07,11.17,11.29,16911937,189964348.3,-1.0629,2.5416,1,0,none,baostock,query_history_k_data_plus
002029,SZSE.002029,,SZ,A股-深交所,2026-02-24,11.21,11.37,11.11,11.31,11.17,10704627,120884006.1,1.2534,1.6087,1,0,none,baostock,query_history_k_data_plus
002029,SZSE.002029,,SZ,A股-深交所,2026-02-25,11.32,11.46,11.28,11.39,11.31,9852200,112195495.0,0.7073,1.4806,1,0,none,baostock,query_history_k_data_plus
002029,SZSE.002029,,SZ,A股-深交所,2026-02-26,11.35,11.4,11.21,11.26,11.39,10024848,113131795.93,-1.1414,1.5066,1,0,none,baostock,query_history_k_data_plus
002029,SZSE.002029,,SZ,A股-深交所,2026-02-27,11.29,11.49,11.2,11.43,11.26,12898180,146934058.05,1.5098,1.9384,1,0,none,baostock,query_history_k_data_plus
002029,SZSE.002029,,SZ,A股-深交所,2026-03-02,11.18,11.31,10.94,11.02,11.43,15952530,176651018.44,-3.5871,2.3974,1,0,none,baostock,query_history_k_data_plus
002029,SZSE.002029,,SZ,A股-深交所,2026-03-03,11.02,11.1,10.51,10.55,11.02,21777276,234708701.53,-4.265,3.2728,1,0,none,baostock,query_history_k_data_plus
002029,SZSE.002029,,SZ,A股-深交所,2026-03-04,10.38,10.61,10.34,10.48,10.55,13419804,140765694.56,-0.6635,2.0168,1,0,none,baostock,query_history_k_data_plus
002029,SZSE.002029,,SZ,A股-深交所,2026-03-05,10.68,10.77,10.59,10.63,10.48,10358700,110611921.49,1.4313,1.5567,1,0,none,baostock,query_history_k_data_plus
002029,SZSE.002029,,SZ,A股-深交所,2026-03-06,10.58,10.77,10.58,10.67,10.63,9224079,98724005.51,0.3763,1.3862,1,0,none,baostock,query_history_k_data_plus
002029,SZSE.002029,,SZ,A股-深交所,2026-03-09,10.48,10.53,10.31,10.49,10.67,13676342,142386546.96,-1.687,2.0553,1,0,none,baostock,query_history_k_data_plus
002029,SZSE.002029,,SZ,A股-深交所,2026-03-10,10.61,10.73,10.61,10.7,10.49,8891653,95011796.75,2.0019,1.3363,1,0,none,baostock,query_history_k_data_plus
002029,SZSE.002029,,SZ,A股-深交所,2026-03-11,10.69,10.73,10.54,10.6,10.7,9753420,103451821.4,-0.9346,1.4658,1,0,none,baostock,query_history_k_data_plus
002029,SZSE.002029,,SZ,A股-深交所,2026-03-12,10.61,10.65,10.29,10.38,10.6,10956401,114193939.35,-2.0755,1.6466,1,0,none,baostock,query_history_k_data_plus
002029,SZSE.002029,,SZ,A股-深交所,2026-03-13,10.31,10.46,10.28,10.3,10.38,10602881,109993807.03,-0.7707,1.5934,1,0,none,baostock,query_history_k_data_plus
002029,SZSE.002029,,SZ,A股-深交所,2026-03-16,10.25,10.36,10.14,10.25,10.3,10955130,112106295.0,-0.4854,1.6464,1,0,none,baostock,query_history_k_data_plus
002029,SZSE.002029,,SZ,A股-深交所,2026-03-17,10.32,10.44,10.2,10.2,10.25,8679900,89522228.0,-0.4878,1.3045,1,0,none,baostock,query_history_k_data_plus
002029,SZSE.002029,,SZ,A股-深交所,2026-03-18,10.22,10.39,10.15,10.37,10.2,9428018,97103047.29,1.6667,1.4169,1,0,none,baostock,query_history_k_data_plus
002029,SZSE.002029,,SZ,A股-深交所,2026-03-19,10.29,10.35,10.05,10.12,10.37,10993566,111882071.68,-2.4108,1.6522,1,0,none,baostock,query_history_k_data_plus
002029,SZSE.002029,,SZ,A股-深交所,2026-03-20,10.1,10.28,9.98,9.98,10.12,11199000,113335923.0,-1.3834,1.683,1,0,none,baostock,query_history_k_data_plus
002029,SZSE.002029,,SZ,A股-深交所,2026-03-23,9.83,9.95,9.38,9.47,9.98,15274685,147448859.01,-5.1102,2.2955,1,0,none,baostock,query_history_k_data_plus
002029,SZSE.002029,,SZ,A股-深交所,2026-03-24,9.77,9.81,9.46,9.8,9.47,13637001,131414276.13,3.4847,2.0494,1,0,none,baostock,query_history_k_data_plus
002029,SZSE.002029,,SZ,A股-深交所,2026-03-25,9.94,10.15,9.85,10.12,9.8,12864225,129436336.63,3.2653,1.9333,1,0,none,baostock,query_history_k_data_plus
002029,SZSE.002029,,SZ,A股-深交所,2026-03-26,10.12,10.18,9.9,9.93,10.12,8736437,87473916.96,-1.8775,1.3129,1,0,none,baostock,query_history_k_data_plus
002029,SZSE.002029,,SZ,A股-深交所,2026-03-27,9.83,10.39,9.8,10.36,9.93,15829011,161213879.08,4.3303,2.3789,1,0,none,baostock,query_history_k_data_plus
002029,SZSE.002029,,SZ,A股-深交所,2026-03-30,10.25,10.48,10.15,10.46,10.36,14528300,150713065.0,0.9653,2.1834,1,0,none,baostock,query_history_k_data_plus
002029,SZSE.002029,,SZ,A股-深交所,2026-03-31,10.58,10.72,10.34,10.37,10.46,14442215,152332382.97,-0.8604,2.1704,1,0,none,baostock,query_history_k_data_plus
002029,SZSE.002029,,SZ,A股-深交所,2026-04-01,10.59,10.79,10.48,10.65,10.37,20589824,219322978.89,2.7001,3.0943,1,0,none,baostock,query_history_k_data_plus
002029,SZSE.002029,,SZ,A股-深交所,2026-04-02,10.77,10.77,10.36,10.41,10.65,15259915,159772480.31,-2.2535,2.2933,1,0,none,baostock,query_history_k_data_plus
002029,SZSE.002029,,SZ,A股-深交所,2026-04-03,10.32,10.38,9.4,9.43,10.41,28139550,273677070.62,-9.414,4.2289,1,0,none,baostock,query_history_k_data_plus
002029,SZSE.002029,,SZ,A股-深交所,2026-04-07,9.48,9.62,9.28,9.61,9.43,16777179,159347411.5,1.9088,2.5213,1,0,none,baostock,query_history_k_data_plus
002029,SZSE.002029,,SZ,A股-深交所,2026-04-08,9.9,10.29,9.9,10.27,9.61,21078090,214110401.2,6.8678,3.1677,1,0,none,baostock,query_history_k_data_plus
002029,SZSE.002029,,SZ,A股-深交所,2026-04-09,10.19,10.22,9.95,10.01,10.27,14926821,150217971.0,-2.5316,2.2433,1,0,none,baostock,query_history_k_data_plus
002029,SZSE.002029,,SZ,A股-深交所,2026-04-10,10.18,10.35,10.11,10.12,10.01,12920717,132243797.86,1.0989,1.9418,1,0,none,baostock,query_history_k_data_plus
002029,SZSE.002029,,SZ,A股-深交所,2026-04-13,10.16,10.22,9.96,10.04,10.12,10616200,106855333.0,-0.7905,1.5954,1,0,none,baostock,query_history_k_data_plus
002029,SZSE.002029,,SZ,A股-深交所,2026-04-14,10.22,10.32,9.91,10.03,10.04,13551554,136292652.88,-0.0996,2.0366,1,0,none,baostock,query_history_k_data_plus
002029,SZSE.002029,,SZ,A股-深交所,2026-04-15,10.05,10.07,9.78,9.8,10.03,12435062,123123692.8,-2.2931,1.8688,1,0,none,baostock,query_history_k_data_plus
002029,SZSE.002029,,SZ,A股-深交所,2026-04-16,9.81,9.85,9.64,9.68,9.8,13640413,132202721.21,-1.2245,2.0499,1,0,none,baostock,query_history_k_data_plus
002029,SZSE.002029,,SZ,A股-深交所,2026-04-17,9.62,9.98,9.48,9.8,9.68,23410200,227627891.73,1.2397,3.5182,1,0,none,baostock,query_history_k_data_plus
