product_id,product_name,symbol,name,side,price,qty,amount,trade_time,trade_date
HS300_综合_v10,,159920.XSHE,恒生ETF,BUY,1.096,14400.0,15782.4,2023-01-03 09:34:00,2023-01-03
HS300_综合_v10,,159985.XSHE,豆粕ETF,BUY,2.003,7900.0,15823.7,2023-01-03 09:34:00,2023-01-03
HS300_综合_v10,,159981.XSHE,能源化工ETF,BUY,1.509,10500.0,15844.5,2023-01-03 09:34:00,2023-01-03
HS300_综合_v10,,000977.XSHE,浪潮信息,BUY,22.68,400.0,9072.0,2023-01-04 09:34:00,2023-01-04
HS300_综合_v10,,300595.XSHE,欧普康视,BUY,34.97,200.0,6994.0,2023-01-04 09:34:00,2023-01-04
HS300_综合_v10,,300529.XSHE,健帆生物,BUY,31.63,300.0,9489.0,2023-01-04 09:34:00,2023-01-04
HS300_综合_v10,,603882.XSHG,金域医学,BUY,75.31,100.0,7531.0,2023-01-04 09:34:00,2023-01-04
HS300_综合_v10,,000301.XSHE,东方盛虹,BUY,14.49,600.0,8694.0,2023-01-11 09:34:00,2023-01-11
HS300_综合_v10,,159985.XSHE,豆粕ETF,SELL,2.009,7900.0,-15871.1,2023-01-18 09:34:00,2023-01-18
HS300_综合_v10,,518880.XSHG,黄金ETF,BUY,4.076,4000.0,16304.0,2023-01-18 09:34:00,2023-01-18
HS300_综合_v10,,518880.XSHG,黄金ETF,SELL,4.102,4000.0,-16408.0,2023-01-20 09:34:00,2023-01-20
HS300_综合_v10,,159915.XSHE,创业板ETF,BUY,2.51,6600.0,16566.0,2023-01-20 09:34:00,2023-01-20
HS300_综合_v10,,603882.XSHG,金域医学,SELL,84.59,100.0,-8459.0,2023-01-31 14:00:00,2023-01-31
HS300_综合_v10,,159981.XSHE,能源化工ETF,SELL,1.566,10500.0,-16443.0,2023-02-01 09:34:00,2023-02-01
HS300_综合_v10,,510300.XSHG,300ETF,BUY,4.176,3900.0,16286.4,2023-02-01 09:34:00,2023-02-01
HS300_综合_v10,,000157.XSHE,中联重科,BUY,5.84,1700.0,9928.0,2023-02-01 09:34:00,2023-02-01
HS300_综合_v10,,159920.XSHE,恒生ETF,SELL,1.162,14400.0,-16732.8,2023-02-06 09:34:00,2023-02-06
HS300_综合_v10,,513030.XSHG,德国ETF,BUY,1.125,14300.0,16087.5,2023-02-06 09:34:00,2023-02-06
HS300_综合_v10,,510300.XSHG,300ETF,SELL,4.092,3900.0,-15958.8,2023-02-08 09:34:00,2023-02-08
HS300_综合_v10,,510500.XSHG,500ETF,BUY,6.345,2500.0,15862.5,2023-02-08 09:34:00,2023-02-08
HS300_综合_v10,,300595.XSHE,欧普康视,SELL,36.22,200.0,-7244.0,2023-02-08 09:34:00,2023-02-08
HS300_综合_v10,,300529.XSHE,健帆生物,SELL,33.5,300.0,-10050.0,2023-02-08 09:34:00,2023-02-08
HS300_综合_v10,,000301.XSHE,东方盛虹,SELL,15.41,600.0,-9246.0,2023-02-08 09:34:00,2023-02-08
HS300_综合_v10,,000157.XSHE,中联重科,SELL,5.75,1700.0,-9775.0,2023-02-08 09:34:00,2023-02-08
HS300_综合_v10,,510500.XSHG,500ETF,SELL,6.339,2500.0,-15847.5,2023-02-13 09:34:00,2023-02-13
HS300_综合_v10,,159941.XSHE,纳指ETF,BUY,0.645,24900.0,16060.5,2023-02-13 09:34:00,2023-02-13
HS300_综合_v10,,159915.XSHE,创业板ETF,SELL,2.493,6600.0,-16453.8,2023-02-15 09:34:00,2023-02-15
HS300_综合_v10,,510500.XSHG,500ETF,BUY,6.429,2500.0,16072.5,2023-02-15 09:34:00,2023-02-15
HS300_综合_v10,,510500.XSHG,500ETF,SELL,6.231,2500.0,-15577.5,2023-02-20 09:34:00,2023-02-20
HS300_综合_v10,,513500.XSHG,标普500,BUY,1.32,12200.0,16104.0,2023-02-20 09:34:00,2023-02-20
HS300_综合_v10,,000723.XSHE,美锦能源,BUY,9.73,1000.0,9730.0,2023-02-21 09:34:00,2023-02-21
HS300_综合_v10,,000157.XSHE,中联重科,BUY,6.93,1400.0,9702.0,2023-02-21 09:34:00,2023-02-21
HS300_综合_v10,,000786.XSHE,北新建材,BUY,31.3,300.0,9390.0,2023-02-21 09:34:00,2023-02-21
HS300_综合_v10,,000800.XSHE,一汽解放,BUY,8.56,1100.0,9416.0,2023-02-21 09:34:00,2023-02-21
HS300_综合_v10,,000977.XSHE,浪潮信息,SELL,38.61,400.0,-15444.0,2023-02-21 09:40:00,2023-02-21
HS300_综合_v10,,000876.XSHE,新希望,BUY,13.43,800.0,10744.0,2023-02-22 09:34:00,2023-02-22
HS300_综合_v10,,513030.XSHG,德国ETF,SELL,1.122,14300.0,-16044.6,2023-02-23 09:34:00,2023-02-23
HS300_综合_v10,,510500.XSHG,500ETF,BUY,6.406,2400.0,15374.4,2023-02-23 09:34:00,2023-02-23
HS300_综合_v10,,000723.XSHE,美锦能源,SELL,9.54,1000.0,-9540.0,2023-02-27 09:34:00,2023-02-27
HS300_综合_v10,,000157.XSHE,中联重科,SELL,6.69,1400.0,-9366.0,2023-02-27 09:34:00,2023-02-27
HS300_综合_v10,,000786.XSHE,北新建材,SELL,30.22,300.0,-9066.0,2023-02-27 09:34:00,2023-02-27
HS300_综合_v10,,000800.XSHE,一汽解放,SELL,8.56,1100.0,-9416.0,2023-02-28 09:34:00,2023-02-28
HS300_综合_v10,,000876.XSHE,新希望,SELL,13.17,800.0,-10536.0,2023-02-28 09:34:00,2023-02-28
HS300_综合_v10,,601216.XSHG,君正集团,BUY,4.44,2400.0,10656.0,2023-03-02 09:34:00,2023-03-02
HS300_综合_v10,,601966.XSHG,玲珑轮胎,BUY,22.88,400.0,9152.0,2023-03-02 09:34:00,2023-03-02
HS300_综合_v10,,002414.XSHE,高德红外,BUY,12.13,800.0,9704.0,2023-03-02 09:34:00,2023-03-02
HS300_综合_v10,,002600.XSHE,领益智造,BUY,5.84,1800.0,10512.0,2023-03-02 09:34:00,2023-03-02
HS300_综合_v10,,000800.XSHE,一汽解放,BUY,8.65,1200.0,10380.0,2023-03-02 09:34:00,2023-03-02
HS300_综合_v10,,513500.XSHG,标普500,SELL,1.288,12200.0,-15713.6,2023-03-03 09:34:00,2023-03-03
HS300_综合_v10,,513030.XSHG,德国ETF,BUY,1.121,14100.0,15806.1,2023-03-03 09:34:00,2023-03-03
HS300_综合_v10,,601966.XSHG,玲珑轮胎,SELL,21.09,400.0,-8436.0,2023-03-07 14:00:00,2023-03-07
HS300_综合_v10,,159941.XSHE,纳指ETF,SELL,0.65,24900.0,-16185.0,2023-03-08 09:34:00,2023-03-08
HS300_综合_v10,,513500.XSHG,标普500,BUY,1.31,12100.0,15851.0,2023-03-08 09:34:00,2023-03-08
HS300_综合_v10,,000157.XSHE,中联重科,BUY,6.65,1500.0,9975.0,2023-03-08 09:34:00,2023-03-08
HS300_综合_v10,,002414.XSHE,高德红外,SELL,12.09,800.0,-9672.0,2023-03-09 09:34:00,2023-03-09
HS300_综合_v10,,002600.XSHE,领益智造,SELL,5.77,1800.0,-10386.0,2023-03-09 09:34:00,2023-03-09
HS300_综合_v10,,000157.XSHE,中联重科,SELL,6.6,1500.0,-9900.0,2023-03-09 09:34:00,2023-03-09
HS300_综合_v10,,513500.XSHG,标普500,SELL,1.278,12100.0,-15463.8,2023-03-10 09:34:00,2023-03-10
HS300_综合_v10,,159941.XSHE,纳指ETF,BUY,0.641,24600.0,15768.6,2023-03-10 09:34:00,2023-03-10
HS300_综合_v10,,601216.XSHG,君正集团,SELL,4.42,2400.0,-10608.0,2023-03-10 09:34:00,2023-03-10
HS300_综合_v10,,159941.XSHE,纳指ETF,SELL,0.634,24600.0,-15596.4,2023-03-13 09:34:00,2023-03-13
HS300_综合_v10,,510500.XSHG,500ETF,SELL,6.22,2400.0,-14928.0,2023-03-13 09:34:00,2023-03-13
HS300_综合_v10,,513520.XSHG,日经ETF,BUY,1.064,14700.0,15640.8,2023-03-13 09:34:00,2023-03-13
HS300_综合_v10,,159981.XSHE,能源化工ETF,BUY,1.532,10200.0,15626.4,2023-03-13 09:34:00,2023-03-13
HS300_综合_v10,,000800.XSHE,一汽解放,SELL,8.29,1200.0,-9948.0,2023-03-13 09:34:00,2023-03-13
HS300_综合_v10,,513520.XSHG,日经ETF,SELL,1.054,14700.0,-15493.8,2023-03-15 09:34:00,2023-03-15
HS300_综合_v10,,518880.XSHG,黄金ETF,BUY,4.141,3700.0,15321.7,2023-03-15 09:34:00,2023-03-15
HS300_综合_v10,,513030.XSHG,德国ETF,SELL,1.085,14100.0,-15298.5,2023-03-20 09:34:00,2023-03-20
HS300_综合_v10,,513520.XSHG,日经ETF,BUY,1.059,14700.0,15567.3,2023-03-20 09:34:00,2023-03-20
HS300_综合_v10,,002120.XSHE,韵达股份,BUY,12.02,800.0,9616.0,2023-03-23 09:34:00,2023-03-23
HS300_综合_v10,,002602.XSHE,世纪华通,BUY,4.92,2100.0,10332.0,2023-03-23 09:34:00,2023-03-23
HS300_综合_v10,,601216.XSHG,君正集团,BUY,4.35,2400.0,10440.0,2023-03-23 09:34:00,2023-03-23
HS300_综合_v10,,002756.XSHE,永兴材料,BUY,87.18,100.0,8718.0,2023-03-23 09:34:00,2023-03-23
HS300_综合_v10,,300529.XSHE,健帆生物,BUY,30.63,300.0,9189.0,2023-03-23 09:34:00,2023-03-23
HS300_综合_v10,,513520.XSHG,日经ETF,SELL,1.068,14700.0,-15699.6,2023-03-24 09:34:00,2023-03-24
HS300_综合_v10,,588180.XSHG,科创50基,BUY,0.682,22800.0,15549.6,2023-03-24 09:34:00,2023-03-24
HS300_综合_v10,,002602.XSHE,世纪华通,SELL,5.08,2100.0,-10668.0,2023-03-24 09:40:00,2023-03-24
HS300_综合_v10,,000166.XSHE,申万宏源,BUY,4.24,2500.0,10600.0,2023-03-27 09:34:00,2023-03-27
HS300_综合_v10,,159981.XSHE,能源化工ETF,SELL,1.578,10200.0,-16095.6,2023-03-30 09:34:00,2023-03-30
HS300_综合_v10,,159941.XSHE,纳指ETF,BUY,0.683,22900.0,15640.7,2023-03-30 09:34:00,2023-03-30
HS300_综合_v10,,002756.XSHE,永兴材料,SELL,92.59,100.0,-9259.0,2023-04-17 09:40:00,2023-04-17
HS300_综合_v10,,000877.XSHE,天山股份,BUY,9.16,1100.0,10076.0,2023-04-18 09:34:00,2023-04-18
HS300_综合_v10,,518880.XSHG,黄金ETF,SELL,4.3,3700.0,-15910.0,2023-04-20 09:34:00,2023-04-20
HS300_综合_v10,,513030.XSHG,德国ETF,BUY,1.196,13500.0,16146.0,2023-04-20 09:34:00,2023-04-20
HS300_综合_v10,,159941.XSHE,纳指ETF,SELL,0.685,22900.0,-15686.5,2023-04-21 09:34:00,2023-04-21
HS300_综合_v10,,513500.XSHG,标普500,BUY,1.337,12100.0,16177.7,2023-04-21 09:34:00,2023-04-21
HS300_综合_v10,,002120.XSHE,韵达股份,SELL,11.65,800.0,-9320.0,2023-04-25 09:34:00,2023-04-25
HS300_综合_v10,,601216.XSHG,君正集团,SELL,4.28,2400.0,-10272.0,2023-04-25 09:34:00,2023-04-25
HS300_综合_v10,,300529.XSHE,健帆生物,SELL,29.79,300.0,-8937.0,2023-04-25 09:34:00,2023-04-25
HS300_综合_v10,,000166.XSHE,申万宏源,SELL,4.35,2500.0,-10875.0,2023-04-25 09:34:00,2023-04-25
HS300_综合_v10,,000877.XSHE,天山股份,SELL,8.14,1100.0,-8954.0,2023-04-25 09:34:00,2023-04-25
HS300_综合_v10,,588180.XSHG,科创50基,SELL,0.684,22800.0,-15595.2,2023-04-28 09:34:00,2023-04-28
HS300_综合_v10,,513520.XSHG,日经ETF,BUY,1.118,14100.0,15763.8,2023-04-28 09:34:00,2023-04-28
HS300_综合_v10,,002120.XSHE,韵达股份,BUY,12.18,800.0,9744.0,2023-05-05 09:34:00,2023-05-05
HS300_综合_v10,,601216.XSHG,君正集团,BUY,4.4,2300.0,10120.0,2023-05-05 09:34:00,2023-05-05
HS300_综合_v10,,601966.XSHG,玲珑轮胎,BUY,21.84,400.0,8736.0,2023-05-05 09:34:00,2023-05-05
HS300_综合_v10,,002064.XSHE,华峰化学,BUY,7.15,1400.0,10010.0,2023-05-05 09:34:00,2023-05-05
HS300_综合_v10,,002756.XSHE,永兴材料,BUY,62.75,100.0,6275.0,2023-05-05 09:34:00,2023-05-05
HS300_综合_v10,,513500.XSHG,标普500,SELL,1.35,12100.0,-16335.0,2023-05-11 09:34:00,2023-05-11
HS300_综合_v10,,518880.XSHG,黄金ETF,BUY,4.41,3600.0,15876.0,2023-05-11 09:34:00,2023-05-11
HS300_综合_v10,,601216.XSHG,君正集团,SELL,4.34,2300.0,-9982.0,2023-05-15 09:34:00,2023-05-15
HS300_综合_v10,,601966.XSHG,玲珑轮胎,SELL,20.79,400.0,-8316.0,2023-05-15 09:34:00,2023-05-15
HS300_综合_v10,,518880.XSHG,黄金ETF,SELL,4.345,3600.0,-15642.0,2023-05-17 09:34:00,2023-05-17
HS300_综合_v10,,159941.XSHE,纳指ETF,BUY,0.72,22200.0,15984.0,2023-05-17 09:34:00,2023-05-17
HS300_综合_v10,,002064.XSHE,华峰化学,SELL,7.04,1400.0,-9856.0,2023-05-18 09:34:00,2023-05-18
HS300_综合_v10,,002120.XSHE,韵达股份,SELL,11.7,800.0,-9360.0,2023-05-19 09:34:00,2023-05-19
HS300_综合_v10,,002756.XSHE,永兴材料,SELL,70.57,100.0,-7057.0,2023-05-22 09:34:00,2023-05-22
HS300_综合_v10,,513030.XSHG,德国ETF,SELL,1.222,13500.0,-16497.0,2023-05-23 09:34:00,2023-05-23
HS300_综合_v10,,513500.XSHG,标普500,BUY,1.398,12000.0,16776.0,2023-05-23 09:34:00,2023-05-23
HS300_综合_v10,,300207.XSHE,欣旺达,BUY,15.8,600.0,9480.0,2023-05-31 09:34:00,2023-05-31
HS300_综合_v10,,601966.XSHG,玲珑轮胎,BUY,21.28,400.0,8512.0,2023-05-31 09:34:00,2023-05-31
HS300_综合_v10,,300529.XSHE,健帆生物,BUY,28.36,300.0,8508.0,2023-05-31 09:34:00,2023-05-31
HS300_综合_v10,,300207.XSHE,欣旺达,SELL,15.82,600.0,-9492.0,2023-06-01 09:34:00,2023-06-01
HS300_综合_v10,,601966.XSHG,玲珑轮胎,SELL,21.13,400.0,-8452.0,2023-06-01 09:34:00,2023-06-01
HS300_综合_v10,,300529.XSHE,健帆生物,SELL,26.86,300.0,-8058.0,2023-06-01 09:34:00,2023-06-01
HS300_综合_v10,,300207.XSHE,欣旺达,BUY,16.49,600.0,9894.0,2023-06-05 09:34:00,2023-06-05
HS300_综合_v10,,601966.XSHG,玲珑轮胎,BUY,21.84,400.0,8736.0,2023-06-05 09:34:00,2023-06-05
HS300_综合_v10,,300529.XSHE,健帆生物,BUY,28.09,300.0,8427.0,2023-06-05 09:34:00,2023-06-05
HS300_综合_v10,,000157.XSHE,中联重科,BUY,6.46,1500.0,9690.0,2023-06-06 09:34:00,2023-06-06
HS300_综合_v10,,000408.XSHE,藏格矿业,BUY,23.85,400.0,9540.0,2023-06-06 09:34:00,2023-06-06
HS300_综合_v10,,300207.XSHE,欣旺达,SELL,15.73,600.0,-9438.0,2023-06-08 09:34:00,2023-06-08
HS300_综合_v10,,601966.XSHG,玲珑轮胎,SELL,20.97,400.0,-8388.0,2023-06-08 09:34:00,2023-06-08
HS300_综合_v10,,000157.XSHE,中联重科,SELL,6.32,1500.0,-9480.0,2023-06-08 09:34:00,2023-06-08
HS300_综合_v10,,300529.XSHE,健帆生物,SELL,26.55,300.0,-7965.0,2023-06-09 09:34:00,2023-06-09
HS300_综合_v10,,000408.XSHE,藏格矿业,SELL,23.97,400.0,-9588.0,2023-06-09 09:34:00,2023-06-09
HS300_综合_v10,,601216.XSHG,君正集团,BUY,4.1,2400.0,9840.0,2023-06-12 09:34:00,2023-06-12
HS300_综合_v10,,601155.XSHG,新城控股,BUY,14.45,600.0,8670.0,2023-06-12 09:34:00,2023-06-12
HS300_综合_v10,,002064.XSHE,华峰化学,BUY,6.86,1400.0,9604.0,2023-06-12 09:34:00,2023-06-12
HS300_综合_v10,,600383.XSHG,金地集团,BUY,7.57,1300.0,9841.0,2023-06-12 09:34:00,2023-06-12
HS300_综合_v10,,000157.XSHE,中联重科,BUY,6.45,1500.0,9675.0,2023-06-13 09:34:00,2023-06-13
HS300_综合_v10,,513520.XSHG,日经ETF,SELL,1.26,14100.0,-17766.0,2023-06-26 09:34:00,2023-06-26
HS300_综合_v10,,159980.XSHE,有色ETF,BUY,1.518,11500.0,17457.0,2023-06-26 09:34:00,2023-06-26
HS300_综合_v10,,159980.XSHE,有色ETF,SELL,1.505,11500.0,-17307.5,2023-06-27 09:34:00,2023-06-27
HS300_综合_v10,,159985.XSHE,豆粕ETF,BUY,1.896,9100.0,17253.6,2023-06-27 09:34:00,2023-06-27
HS300_综合_v10,,601155.XSHG,新城控股,SELL,13.36,600.0,-8016.0,2023-06-27 09:40:00,2023-06-27
HS300_综合_v10,,000157.XSHE,中联重科,SELL,6.63,1500.0,-9945.0,2023-06-28 09:34:00,2023-06-28
HS300_综合_v10,,601216.XSHG,君正集团,SELL,4.09,2400.0,-9816.0,2023-06-30 09:34:00,2023-06-30
HS300_综合_v10,,600383.XSHG,金地集团,SELL,7.24,1300.0,-9412.0,2023-06-30 09:34:00,2023-06-30
HS300_综合_v10,,000723.XSHE,美锦能源,BUY,7.63,1200.0,9156.0,2023-07-05 09:34:00,2023-07-05
HS300_综合_v10,,000157.XSHE,中联重科,BUY,6.68,1400.0,9352.0,2023-07-05 09:34:00,2023-07-05
HS300_综合_v10,,000733.XSHE,振华科技,BUY,96.0,100.0,9600.0,2023-07-05 09:34:00,2023-07-05
HS300_综合_v10,,000408.XSHE,藏格矿业,BUY,23.0,400.0,9200.0,2023-07-10 09:34:00,2023-07-10
HS300_综合_v10,,000723.XSHE,美锦能源,SELL,7.54,1200.0,-9048.0,2023-07-11 09:34:00,2023-07-11
HS300_综合_v10,,000157.XSHE,中联重科,SELL,6.65,1400.0,-9310.0,2023-07-11 09:34:00,2023-07-11
HS300_综合_v10,,000733.XSHE,振华科技,SELL,92.9,100.0,-9290.0,2023-07-11 09:34:00,2023-07-11
HS300_综合_v10,,000723.XSHE,美锦能源,BUY,7.58,1200.0,9096.0,2023-07-12 09:34:00,2023-07-12
HS300_综合_v10,,000157.XSHE,中联重科,BUY,6.73,1400.0,9422.0,2023-07-12 09:34:00,2023-07-12
HS300_综合_v10,,513500.XSHG,标普500,SELL,1.514,12000.0,-18168.0,2023-07-17 09:34:00,2023-07-17
HS300_综合_v10,,159981.XSHE,能源化工ETF,BUY,1.544,11800.0,18219.2,2023-07-17 09:34:00,2023-07-17
HS300_综合_v10,,002064.XSHE,华峰化学,SELL,7.42,1400.0,-10388.0,2023-07-21 09:34:00,2023-07-21
HS300_综合_v10,,000723.XSHE,美锦能源,SELL,7.63,1200.0,-9156.0,2023-07-21 09:34:00,2023-07-21
HS300_综合_v10,,000157.XSHE,中联重科,SELL,6.62,1400.0,-9268.0,2023-07-24 09:34:00,2023-07-24
HS300_综合_v10,,000408.XSHE,藏格矿业,SELL,24.24,400.0,-9696.0,2023-07-25 09:34:00,2023-07-25
HS300_综合_v10,,002120.XSHE,韵达股份,BUY,10.01,900.0,9009.0,2023-07-26 09:34:00,2023-07-26
HS300_综合_v10,,002414.XSHE,高德红外,BUY,8.29,1200.0,9948.0,2023-07-26 09:34:00,2023-07-26
HS300_综合_v10,,300601.XSHE,康泰生物,BUY,29.31,300.0,8793.0,2023-07-26 09:34:00,2023-07-26
HS300_综合_v10,,601236.XSHG,红塔证券,BUY,7.74,1200.0,9288.0,2023-07-26 09:34:00,2023-07-26
HS300_综合_v10,,000157.XSHE,中联重科,BUY,6.81,1400.0,9534.0,2023-07-27 09:34:00,2023-07-27
HS300_综合_v10,,159941.XSHE,纳指ETF,SELL,0.845,22200.0,-18759.0,2023-08-03 09:34:00,2023-08-03
HS300_综合_v10,,159980.XSHE,有色ETF,BUY,1.579,11800.0,18632.2,2023-08-03 09:34:00,2023-08-03
HS300_综合_v10,,601236.XSHG,红塔证券,SELL,8.55,1200.0,-10260.0,2023-08-08 09:40:00,2023-08-08
HS300_综合_v10,,000301.XSHE,东方盛虹,BUY,12.67,800.0,10136.0,2023-08-09 09:34:00,2023-08-09
HS300_综合_v10,,159980.XSHE,有色ETF,SELL,1.555,11800.0,-18349.0,2023-08-10 09:34:00,2023-08-10
HS300_综合_v10,,510300.XSHG,300ETF,BUY,4.052,4500.0,18234.0,2023-08-10 09:34:00,2023-08-10
HS300_综合_v10,,002120.XSHE,韵达股份,SELL,10.4,900.0,-9360.0,2023-08-14 09:34:00,2023-08-14
HS300_综合_v10,,002414.XSHE,高德红外,SELL,7.7,1200.0,-9240.0,2023-08-14 09:34:00,2023-08-14
HS300_综合_v10,,000157.XSHE,中联重科,SELL,6.42,1400.0,-8988.0,2023-08-14 09:34:00,2023-08-14
HS300_综合_v10,,000301.XSHE,东方盛虹,SELL,12.12,800.0,-9696.0,2023-08-14 09:34:00,2023-08-14
HS300_综合_v10,,300601.XSHE,康泰生物,SELL,28.81,300.0,-8643.0,2023-08-16 09:34:00,2023-08-16
HS300_综合_v10,,510300.XSHG,300ETF,SELL,3.814,4500.0,-17163.0,2023-08-22 09:34:00,2023-08-22
HS300_综合_v10,,518880.XSHG,黄金ETF,BUY,4.432,4100.0,18171.2,2023-08-22 09:34:00,2023-08-22
HS300_综合_v10,,601216.XSHG,君正集团,BUY,4.35,2200.0,9570.0,2023-08-29 09:34:00,2023-08-29
HS300_综合_v10,,000408.XSHE,藏格矿业,BUY,22.36,400.0,8944.0,2023-08-29 09:34:00,2023-08-29
HS300_综合_v10,,600219.XSHG,南山铝业,BUY,3.18,3100.0,9858.0,2023-08-29 09:34:00,2023-08-29
HS300_综合_v10,,002064.XSHE,华峰化学,BUY,6.98,1400.0,9772.0,2023-08-29 09:34:00,2023-08-29
HS300_综合_v10,,600383.XSHG,金地集团,BUY,7.62,1200.0,9144.0,2023-08-29 09:34:00,2023-08-29
HS300_综合_v10,,600383.XSHG,金地集团,SELL,7.29,1200.0,-8748.0,2023-08-31 14:00:00,2023-08-31
HS300_综合_v10,,000157.XSHE,中联重科,BUY,6.82,1400.0,9548.0,2023-09-04 09:34:00,2023-09-04
HS300_综合_v10,,000408.XSHE,藏格矿业,SELL,23.41,400.0,-9364.0,2023-09-12 09:34:00,2023-09-12
HS300_综合_v10,,600219.XSHG,南山铝业,SELL,3.24,3100.0,-10044.0,2023-09-12 09:34:00,2023-09-12
HS300_综合_v10,,002064.XSHE,华峰化学,SELL,7.3,1400.0,-10220.0,2023-09-12 09:34:00,2023-09-12
HS300_综合_v10,,000157.XSHE,中联重科,SELL,6.92,1400.0,-9688.0,2023-09-12 09:34:00,2023-09-12
HS300_综合_v10,,601216.XSHG,君正集团,SELL,4.21,2200.0,-9262.0,2023-09-15 09:34:00,2023-09-15
HS300_综合_v10,,159985.XSHE,豆粕ETF,SELL,2.26,9100.0,-20566.0,2023-09-19 09:34:00,2023-09-19
HS300_综合_v10,,159980.XSHE,有色ETF,BUY,1.587,12100.0,19202.7,2023-09-19 09:34:00,2023-09-19
HS300_综合_v10,,601216.XSHG,君正集团,BUY,4.18,2300.0,9614.0,2023-09-25 09:34:00,2023-09-25
HS300_综合_v10,,300763.XSHE,锦浪科技,BUY,72.68,100.0,7268.0,2023-09-25 09:34:00,2023-09-25
HS300_综合_v10,,300601.XSHE,康泰生物,BUY,28.7,300.0,8610.0,2023-09-25 09:34:00,2023-09-25
HS300_综合_v10,,600183.XSHG,生益科技,BUY,15.37,600.0,9222.0,2023-09-25 09:34:00,2023-09-25
HS300_综合_v10,,300223.XSHE,北京君正,BUY,75.69,100.0,7569.0,2023-09-25 09:34:00,2023-09-25
HS300_综合_v10,,159980.XSHE,有色ETF,SELL,1.529,12100.0,-18500.9,2023-10-11 09:34:00,2023-10-11
HS300_综合_v10,,510500.XSHG,500ETF,BUY,5.754,3100.0,17837.4,2023-10-11 09:34:00,2023-10-11
HS300_综合_v10,,601216.XSHG,君正集团,SELL,4.04,2300.0,-9292.0,2023-10-11 09:34:00,2023-10-11
HS300_综合_v10,,300763.XSHE,锦浪科技,SELL,76.93,100.0,-7693.0,2023-10-11 09:34:00,2023-10-11
HS300_综合_v10,,000800.XSHE,一汽解放,BUY,9.02,1100.0,9922.0,2023-10-13 09:34:00,2023-10-13
HS300_综合_v10,,510500.XSHG,500ETF,SELL,5.711,3100.0,-17704.1,2023-10-16 09:34:00,2023-10-16
HS300_综合_v10,,159941.XSHE,纳指ETF,BUY,0.839,21800.0,18290.2,2023-10-16 09:34:00,2023-10-16
HS300_综合_v10,,000723.XSHE,美锦能源,BUY,7.04,1400.0,9856.0,2023-10-16 09:34:00,2023-10-16
HS300_综合_v10,,300223.XSHE,北京君正,SELL,68.19,100.0,-6819.0,2023-10-16 14:00:00,2023-10-16
HS300_综合_v10,,159981.XSHE,能源化工ETF,SELL,1.585,11800.0,-18703.0,2023-10-18 09:34:00,2023-10-18
HS300_综合_v10,,510500.XSHG,500ETF,BUY,5.681,3200.0,18179.2,2023-10-18 09:34:00,2023-10-18
HS300_综合_v10,,300601.XSHE,康泰生物,SELL,29.41,300.0,-8823.0,2023-10-18 09:34:00,2023-10-18
HS300_综合_v10,,510500.XSHG,500ETF,SELL,5.605,3200.0,-17936.0,2023-10-19 09:34:00,2023-10-19
HS300_综合_v10,,159920.XSHE,恒生ETF,BUY,1.057,17200.0,18180.4,2023-10-19 09:34:00,2023-10-19
HS300_综合_v10,,000800.XSHE,一汽解放,SELL,8.86,1100.0,-9746.0,2023-10-19 09:34:00,2023-10-19
HS300_综合_v10,,000723.XSHE,美锦能源,SELL,6.81,1400.0,-9534.0,2023-10-19 09:34:00,2023-10-19
HS300_综合_v10,,159920.XSHE,恒生ETF,SELL,1.038,17200.0,-17853.6,2023-10-20 09:34:00,2023-10-20
HS300_综合_v10,,588180.XSHG,科创50基,BUY,0.563,32200.0,18128.6,2023-10-20 09:34:00,2023-10-20
HS300_综合_v10,,600183.XSHG,生益科技,SELL,16.35,600.0,-9810.0,2023-10-20 09:34:00,2023-10-20
HS300_综合_v10,,159920.XSHE,恒生ETF,BUY,1.096,14400.0,15782.4,2023-01-03 09:34:00,2023-01-03
HS300_综合_v10,,159985.XSHE,豆粕ETF,BUY,2.003,7900.0,15823.7,2023-01-03 09:34:00,2023-01-03
HS300_综合_v10,,159981.XSHE,能源化工ETF,BUY,1.509,10500.0,15844.5,2023-01-03 09:34:00,2023-01-03
HS300_综合_v10,,000977.XSHE,浪潮信息,BUY,22.68,400.0,9072.0,2023-01-04 09:34:00,2023-01-04
HS300_综合_v10,,300595.XSHE,欧普康视,BUY,34.97,200.0,6994.0,2023-01-04 09:34:00,2023-01-04
HS300_综合_v10,,300529.XSHE,健帆生物,BUY,31.63,300.0,9489.0,2023-01-04 09:34:00,2023-01-04
HS300_综合_v10,,603882.XSHG,金域医学,BUY,75.31,100.0,7531.0,2023-01-04 09:34:00,2023-01-04
HS300_综合_v10,,000301.XSHE,东方盛虹,BUY,14.49,600.0,8694.0,2023-01-11 09:34:00,2023-01-11
HS300_综合_v10,,159985.XSHE,豆粕ETF,SELL,2.009,7900.0,-15871.1,2023-01-18 09:34:00,2023-01-18
HS300_综合_v10,,518880.XSHG,黄金ETF,BUY,4.076,4000.0,16304.0,2023-01-18 09:34:00,2023-01-18
HS300_综合_v10,,518880.XSHG,黄金ETF,SELL,4.102,4000.0,-16408.0,2023-01-20 09:34:00,2023-01-20
HS300_综合_v10,,159915.XSHE,创业板ETF,BUY,2.51,6600.0,16566.0,2023-01-20 09:34:00,2023-01-20
HS300_综合_v10,,603882.XSHG,金域医学,SELL,84.59,100.0,-8459.0,2023-01-31 14:00:00,2023-01-31
HS300_综合_v10,,159981.XSHE,能源化工ETF,SELL,1.566,10500.0,-16443.0,2023-02-01 09:34:00,2023-02-01
HS300_综合_v10,,510300.XSHG,300ETF,BUY,4.176,3900.0,16286.4,2023-02-01 09:34:00,2023-02-01
HS300_综合_v10,,000157.XSHE,中联重科,BUY,5.84,1700.0,9928.0,2023-02-01 09:34:00,2023-02-01
HS300_综合_v10,,159920.XSHE,恒生ETF,SELL,1.162,14400.0,-16732.8,2023-02-06 09:34:00,2023-02-06
HS300_综合_v10,,513030.XSHG,德国ETF,BUY,1.125,14300.0,16087.5,2023-02-06 09:34:00,2023-02-06
HS300_综合_v10,,510300.XSHG,300ETF,SELL,4.092,3900.0,-15958.8,2023-02-08 09:34:00,2023-02-08
HS300_综合_v10,,510500.XSHG,500ETF,BUY,6.345,2500.0,15862.5,2023-02-08 09:34:00,2023-02-08
HS300_综合_v10,,300595.XSHE,欧普康视,SELL,36.22,200.0,-7244.0,2023-02-08 09:34:00,2023-02-08
HS300_综合_v10,,300529.XSHE,健帆生物,SELL,33.5,300.0,-10050.0,2023-02-08 09:34:00,2023-02-08
HS300_综合_v10,,000301.XSHE,东方盛虹,SELL,15.41,600.0,-9246.0,2023-02-08 09:34:00,2023-02-08
HS300_综合_v10,,000157.XSHE,中联重科,SELL,5.75,1700.0,-9775.0,2023-02-08 09:34:00,2023-02-08
HS300_综合_v10,,510500.XSHG,500ETF,SELL,6.339,2500.0,-15847.5,2023-02-13 09:34:00,2023-02-13
HS300_综合_v10,,159941.XSHE,纳指ETF,BUY,0.645,24900.0,16060.5,2023-02-13 09:34:00,2023-02-13
HS300_综合_v10,,159915.XSHE,创业板ETF,SELL,2.493,6600.0,-16453.8,2023-02-15 09:34:00,2023-02-15
HS300_综合_v10,,510500.XSHG,500ETF,BUY,6.429,2500.0,16072.5,2023-02-15 09:34:00,2023-02-15
HS300_综合_v10,,510500.XSHG,500ETF,SELL,6.231,2500.0,-15577.5,2023-02-20 09:34:00,2023-02-20
HS300_综合_v10,,513500.XSHG,标普500,BUY,1.32,12200.0,16104.0,2023-02-20 09:34:00,2023-02-20
HS300_综合_v10,,000723.XSHE,美锦能源,BUY,9.73,1000.0,9730.0,2023-02-21 09:34:00,2023-02-21
HS300_综合_v10,,000157.XSHE,中联重科,BUY,6.93,1400.0,9702.0,2023-02-21 09:34:00,2023-02-21
HS300_综合_v10,,000786.XSHE,北新建材,BUY,31.3,300.0,9390.0,2023-02-21 09:34:00,2023-02-21
HS300_综合_v10,,000800.XSHE,一汽解放,BUY,8.56,1100.0,9416.0,2023-02-21 09:34:00,2023-02-21
HS300_综合_v10,,000977.XSHE,浪潮信息,SELL,38.61,400.0,-15444.0,2023-02-21 09:40:00,2023-02-21
HS300_综合_v10,,000876.XSHE,新希望,BUY,13.43,800.0,10744.0,2023-02-22 09:34:00,2023-02-22
HS300_综合_v10,,513030.XSHG,德国ETF,SELL,1.122,14300.0,-16044.6,2023-02-23 09:34:00,2023-02-23
HS300_综合_v10,,510500.XSHG,500ETF,BUY,6.406,2400.0,15374.4,2023-02-23 09:34:00,2023-02-23
HS300_综合_v10,,000723.XSHE,美锦能源,SELL,9.54,1000.0,-9540.0,2023-02-27 09:34:00,2023-02-27
HS300_综合_v10,,000157.XSHE,中联重科,SELL,6.69,1400.0,-9366.0,2023-02-27 09:34:00,2023-02-27
HS300_综合_v10,,000786.XSHE,北新建材,SELL,30.22,300.0,-9066.0,2023-02-27 09:34:00,2023-02-27
HS300_综合_v10,,000800.XSHE,一汽解放,SELL,8.56,1100.0,-9416.0,2023-02-28 09:34:00,2023-02-28
HS300_综合_v10,,000876.XSHE,新希望,SELL,13.17,800.0,-10536.0,2023-02-28 09:34:00,2023-02-28
HS300_综合_v10,,601216.XSHG,君正集团,BUY,4.44,2400.0,10656.0,2023-03-02 09:34:00,2023-03-02
HS300_综合_v10,,601966.XSHG,玲珑轮胎,BUY,22.88,400.0,9152.0,2023-03-02 09:34:00,2023-03-02
HS300_综合_v10,,002414.XSHE,高德红外,BUY,12.13,800.0,9704.0,2023-03-02 09:34:00,2023-03-02
HS300_综合_v10,,002600.XSHE,领益智造,BUY,5.84,1800.0,10512.0,2023-03-02 09:34:00,2023-03-02
HS300_综合_v10,,000800.XSHE,一汽解放,BUY,8.65,1200.0,10380.0,2023-03-02 09:34:00,2023-03-02
HS300_综合_v10,,513500.XSHG,标普500,SELL,1.288,12200.0,-15713.6,2023-03-03 09:34:00,2023-03-03
HS300_综合_v10,,513030.XSHG,德国ETF,BUY,1.121,14100.0,15806.1,2023-03-03 09:34:00,2023-03-03
HS300_综合_v10,,601966.XSHG,玲珑轮胎,SELL,21.09,400.0,-8436.0,2023-03-07 14:00:00,2023-03-07
HS300_综合_v10,,159941.XSHE,纳指ETF,SELL,0.65,24900.0,-16185.0,2023-03-08 09:34:00,2023-03-08
HS300_综合_v10,,513500.XSHG,标普500,BUY,1.31,12100.0,15851.0,2023-03-08 09:34:00,2023-03-08
HS300_综合_v10,,000157.XSHE,中联重科,BUY,6.65,1500.0,9975.0,2023-03-08 09:34:00,2023-03-08
HS300_综合_v10,,002414.XSHE,高德红外,SELL,12.09,800.0,-9672.0,2023-03-09 09:34:00,2023-03-09
HS300_综合_v10,,002600.XSHE,领益智造,SELL,5.77,1800.0,-10386.0,2023-03-09 09:34:00,2023-03-09
HS300_综合_v10,,000157.XSHE,中联重科,SELL,6.6,1500.0,-9900.0,2023-03-09 09:34:00,2023-03-09
HS300_综合_v10,,513500.XSHG,标普500,SELL,1.278,12100.0,-15463.8,2023-03-10 09:34:00,2023-03-10
HS300_综合_v10,,159941.XSHE,纳指ETF,BUY,0.641,24600.0,15768.6,2023-03-10 09:34:00,2023-03-10
HS300_综合_v10,,601216.XSHG,君正集团,SELL,4.42,2400.0,-10608.0,2023-03-10 09:34:00,2023-03-10
HS300_综合_v10,,159941.XSHE,纳指ETF,SELL,0.634,24600.0,-15596.4,2023-03-13 09:34:00,2023-03-13
HS300_综合_v10,,510500.XSHG,500ETF,SELL,6.22,2400.0,-14928.0,2023-03-13 09:34:00,2023-03-13
HS300_综合_v10,,513520.XSHG,日经ETF,BUY,1.064,14700.0,15640.8,2023-03-13 09:34:00,2023-03-13
HS300_综合_v10,,159981.XSHE,能源化工ETF,BUY,1.532,10200.0,15626.4,2023-03-13 09:34:00,2023-03-13
HS300_综合_v10,,000800.XSHE,一汽解放,SELL,8.29,1200.0,-9948.0,2023-03-13 09:34:00,2023-03-13
HS300_综合_v10,,513520.XSHG,日经ETF,SELL,1.054,14700.0,-15493.8,2023-03-15 09:34:00,2023-03-15
HS300_综合_v10,,518880.XSHG,黄金ETF,BUY,4.141,3700.0,15321.7,2023-03-15 09:34:00,2023-03-15
HS300_综合_v10,,513030.XSHG,德国ETF,SELL,1.085,14100.0,-15298.5,2023-03-20 09:34:00,2023-03-20
HS300_综合_v10,,513520.XSHG,日经ETF,BUY,1.059,14700.0,15567.3,2023-03-20 09:34:00,2023-03-20
HS300_综合_v10,,002120.XSHE,韵达股份,BUY,12.02,800.0,9616.0,2023-03-23 09:34:00,2023-03-23
HS300_综合_v10,,002602.XSHE,世纪华通,BUY,4.92,2100.0,10332.0,2023-03-23 09:34:00,2023-03-23
HS300_综合_v10,,601216.XSHG,君正集团,BUY,4.35,2400.0,10440.0,2023-03-23 09:34:00,2023-03-23
HS300_综合_v10,,002756.XSHE,永兴材料,BUY,87.18,100.0,8718.0,2023-03-23 09:34:00,2023-03-23
HS300_综合_v10,,300529.XSHE,健帆生物,BUY,30.63,300.0,9189.0,2023-03-23 09:34:00,2023-03-23
HS300_综合_v10,,513520.XSHG,日经ETF,SELL,1.068,14700.0,-15699.6,2023-03-24 09:34:00,2023-03-24
HS300_综合_v10,,588180.XSHG,科创50基,BUY,0.682,22800.0,15549.6,2023-03-24 09:34:00,2023-03-24
HS300_综合_v10,,002602.XSHE,世纪华通,SELL,5.08,2100.0,-10668.0,2023-03-24 09:40:00,2023-03-24
HS300_综合_v10,,000166.XSHE,申万宏源,BUY,4.24,2500.0,10600.0,2023-03-27 09:34:00,2023-03-27
HS300_综合_v10,,159981.XSHE,能源化工ETF,SELL,1.578,10200.0,-16095.6,2023-03-30 09:34:00,2023-03-30
HS300_综合_v10,,159941.XSHE,纳指ETF,BUY,0.683,22900.0,15640.7,2023-03-30 09:34:00,2023-03-30
HS300_综合_v10,,002756.XSHE,永兴材料,SELL,92.59,100.0,-9259.0,2023-04-17 09:40:00,2023-04-17
HS300_综合_v10,,000877.XSHE,天山股份,BUY,9.16,1100.0,10076.0,2023-04-18 09:34:00,2023-04-18
HS300_综合_v10,,518880.XSHG,黄金ETF,SELL,4.3,3700.0,-15910.0,2023-04-20 09:34:00,2023-04-20
HS300_综合_v10,,513030.XSHG,德国ETF,BUY,1.196,13500.0,16146.0,2023-04-20 09:34:00,2023-04-20
HS300_综合_v10,,159941.XSHE,纳指ETF,SELL,0.685,22900.0,-15686.5,2023-04-21 09:34:00,2023-04-21
HS300_综合_v10,,513500.XSHG,标普500,BUY,1.337,12100.0,16177.7,2023-04-21 09:34:00,2023-04-21
HS300_综合_v10,,002120.XSHE,韵达股份,SELL,11.65,800.0,-9320.0,2023-04-25 09:34:00,2023-04-25
HS300_综合_v10,,601216.XSHG,君正集团,SELL,4.28,2400.0,-10272.0,2023-04-25 09:34:00,2023-04-25
HS300_综合_v10,,300529.XSHE,健帆生物,SELL,29.79,300.0,-8937.0,2023-04-25 09:34:00,2023-04-25
HS300_综合_v10,,000166.XSHE,申万宏源,SELL,4.35,2500.0,-10875.0,2023-04-25 09:34:00,2023-04-25
HS300_综合_v10,,000877.XSHE,天山股份,SELL,8.14,1100.0,-8954.0,2023-04-25 09:34:00,2023-04-25
HS300_综合_v10,,588180.XSHG,科创50基,SELL,0.684,22800.0,-15595.2,2023-04-28 09:34:00,2023-04-28
HS300_综合_v10,,513520.XSHG,日经ETF,BUY,1.118,14100.0,15763.8,2023-04-28 09:34:00,2023-04-28
HS300_综合_v10,,002120.XSHE,韵达股份,BUY,12.18,800.0,9744.0,2023-05-05 09:34:00,2023-05-05
HS300_综合_v10,,601216.XSHG,君正集团,BUY,4.4,2300.0,10120.0,2023-05-05 09:34:00,2023-05-05
HS300_综合_v10,,601966.XSHG,玲珑轮胎,BUY,21.84,400.0,8736.0,2023-05-05 09:34:00,2023-05-05
HS300_综合_v10,,002064.XSHE,华峰化学,BUY,7.15,1400.0,10010.0,2023-05-05 09:34:00,2023-05-05
HS300_综合_v10,,002756.XSHE,永兴材料,BUY,62.75,100.0,6275.0,2023-05-05 09:34:00,2023-05-05
HS300_综合_v10,,513500.XSHG,标普500,SELL,1.35,12100.0,-16335.0,2023-05-11 09:34:00,2023-05-11
HS300_综合_v10,,518880.XSHG,黄金ETF,BUY,4.41,3600.0,15876.0,2023-05-11 09:34:00,2023-05-11
HS300_综合_v10,,601216.XSHG,君正集团,SELL,4.34,2300.0,-9982.0,2023-05-15 09:34:00,2023-05-15
HS300_综合_v10,,601966.XSHG,玲珑轮胎,SELL,20.79,400.0,-8316.0,2023-05-15 09:34:00,2023-05-15
HS300_综合_v10,,518880.XSHG,黄金ETF,SELL,4.345,3600.0,-15642.0,2023-05-17 09:34:00,2023-05-17
HS300_综合_v10,,159941.XSHE,纳指ETF,BUY,0.72,22200.0,15984.0,2023-05-17 09:34:00,2023-05-17
HS300_综合_v10,,002064.XSHE,华峰化学,SELL,7.04,1400.0,-9856.0,2023-05-18 09:34:00,2023-05-18
HS300_综合_v10,,002120.XSHE,韵达股份,SELL,11.7,800.0,-9360.0,2023-05-19 09:34:00,2023-05-19
HS300_综合_v10,,002756.XSHE,永兴材料,SELL,70.57,100.0,-7057.0,2023-05-22 09:34:00,2023-05-22
HS300_综合_v10,,513030.XSHG,德国ETF,SELL,1.222,13500.0,-16497.0,2023-05-23 09:34:00,2023-05-23
HS300_综合_v10,,513500.XSHG,标普500,BUY,1.398,12000.0,16776.0,2023-05-23 09:34:00,2023-05-23
HS300_综合_v10,,300207.XSHE,欣旺达,BUY,15.8,600.0,9480.0,2023-05-31 09:34:00,2023-05-31
HS300_综合_v10,,601966.XSHG,玲珑轮胎,BUY,21.28,400.0,8512.0,2023-05-31 09:34:00,2023-05-31
HS300_综合_v10,,300529.XSHE,健帆生物,BUY,28.36,300.0,8508.0,2023-05-31 09:34:00,2023-05-31
HS300_综合_v10,,300207.XSHE,欣旺达,SELL,15.82,600.0,-9492.0,2023-06-01 09:34:00,2023-06-01
HS300_综合_v10,,601966.XSHG,玲珑轮胎,SELL,21.13,400.0,-8452.0,2023-06-01 09:34:00,2023-06-01
HS300_综合_v10,,300529.XSHE,健帆生物,SELL,26.86,300.0,-8058.0,2023-06-01 09:34:00,2023-06-01
HS300_综合_v10,,300207.XSHE,欣旺达,BUY,16.49,600.0,9894.0,2023-06-05 09:34:00,2023-06-05
HS300_综合_v10,,601966.XSHG,玲珑轮胎,BUY,21.84,400.0,8736.0,2023-06-05 09:34:00,2023-06-05
HS300_综合_v10,,300529.XSHE,健帆生物,BUY,28.09,300.0,8427.0,2023-06-05 09:34:00,2023-06-05
HS300_综合_v10,,000157.XSHE,中联重科,BUY,6.46,1500.0,9690.0,2023-06-06 09:34:00,2023-06-06
HS300_综合_v10,,000408.XSHE,藏格矿业,BUY,23.85,400.0,9540.0,2023-06-06 09:34:00,2023-06-06
HS300_综合_v10,,300207.XSHE,欣旺达,SELL,15.73,600.0,-9438.0,2023-06-08 09:34:00,2023-06-08
HS300_综合_v10,,601966.XSHG,玲珑轮胎,SELL,20.97,400.0,-8388.0,2023-06-08 09:34:00,2023-06-08
HS300_综合_v10,,000157.XSHE,中联重科,SELL,6.32,1500.0,-9480.0,2023-06-08 09:34:00,2023-06-08
HS300_综合_v10,,300529.XSHE,健帆生物,SELL,26.55,300.0,-7965.0,2023-06-09 09:34:00,2023-06-09
HS300_综合_v10,,000408.XSHE,藏格矿业,SELL,23.97,400.0,-9588.0,2023-06-09 09:34:00,2023-06-09
HS300_综合_v10,,601216.XSHG,君正集团,BUY,4.1,2400.0,9840.0,2023-06-12 09:34:00,2023-06-12
HS300_综合_v10,,601155.XSHG,新城控股,BUY,14.45,600.0,8670.0,2023-06-12 09:34:00,2023-06-12
HS300_综合_v10,,002064.XSHE,华峰化学,BUY,6.86,1400.0,9604.0,2023-06-12 09:34:00,2023-06-12
HS300_综合_v10,,600383.XSHG,金地集团,BUY,7.57,1300.0,9841.0,2023-06-12 09:34:00,2023-06-12
HS300_综合_v10,,000157.XSHE,中联重科,BUY,6.45,1500.0,9675.0,2023-06-13 09:34:00,2023-06-13
HS300_综合_v10,,513520.XSHG,日经ETF,SELL,1.26,14100.0,-17766.0,2023-06-26 09:34:00,2023-06-26
HS300_综合_v10,,159980.XSHE,有色ETF,BUY,1.518,11500.0,17457.0,2023-06-26 09:34:00,2023-06-26
HS300_综合_v10,,159980.XSHE,有色ETF,SELL,1.505,11500.0,-17307.5,2023-06-27 09:34:00,2023-06-27
HS300_综合_v10,,159985.XSHE,豆粕ETF,BUY,1.896,9100.0,17253.6,2023-06-27 09:34:00,2023-06-27
HS300_综合_v10,,601155.XSHG,新城控股,SELL,13.36,600.0,-8016.0,2023-06-27 09:40:00,2023-06-27
HS300_综合_v10,,000157.XSHE,中联重科,SELL,6.63,1500.0,-9945.0,2023-06-28 09:34:00,2023-06-28
HS300_综合_v10,,601216.XSHG,君正集团,SELL,4.09,2400.0,-9816.0,2023-06-30 09:34:00,2023-06-30
HS300_综合_v10,,600383.XSHG,金地集团,SELL,7.24,1300.0,-9412.0,2023-06-30 09:34:00,2023-06-30
HS300_综合_v10,,000723.XSHE,美锦能源,BUY,7.63,1200.0,9156.0,2023-07-05 09:34:00,2023-07-05
HS300_综合_v10,,000157.XSHE,中联重科,BUY,6.68,1400.0,9352.0,2023-07-05 09:34:00,2023-07-05
HS300_综合_v10,,000733.XSHE,振华科技,BUY,96.0,100.0,9600.0,2023-07-05 09:34:00,2023-07-05
HS300_综合_v10,,000408.XSHE,藏格矿业,BUY,23.0,400.0,9200.0,2023-07-10 09:34:00,2023-07-10
HS300_综合_v10,,000723.XSHE,美锦能源,SELL,7.54,1200.0,-9048.0,2023-07-11 09:34:00,2023-07-11
HS300_综合_v10,,000157.XSHE,中联重科,SELL,6.65,1400.0,-9310.0,2023-07-11 09:34:00,2023-07-11
HS300_综合_v10,,000733.XSHE,振华科技,SELL,92.9,100.0,-9290.0,2023-07-11 09:34:00,2023-07-11
HS300_综合_v10,,000723.XSHE,美锦能源,BUY,7.58,1200.0,9096.0,2023-07-12 09:34:00,2023-07-12
HS300_综合_v10,,000157.XSHE,中联重科,BUY,6.73,1400.0,9422.0,2023-07-12 09:34:00,2023-07-12
HS300_综合_v10,,513500.XSHG,标普500,SELL,1.514,12000.0,-18168.0,2023-07-17 09:34:00,2023-07-17
HS300_综合_v10,,159981.XSHE,能源化工ETF,BUY,1.544,11800.0,18219.2,2023-07-17 09:34:00,2023-07-17
HS300_综合_v10,,002064.XSHE,华峰化学,SELL,7.42,1400.0,-10388.0,2023-07-21 09:34:00,2023-07-21
HS300_综合_v10,,000723.XSHE,美锦能源,SELL,7.63,1200.0,-9156.0,2023-07-21 09:34:00,2023-07-21
HS300_综合_v10,,000157.XSHE,中联重科,SELL,6.62,1400.0,-9268.0,2023-07-24 09:34:00,2023-07-24
HS300_综合_v10,,000408.XSHE,藏格矿业,SELL,24.24,400.0,-9696.0,2023-07-25 09:34:00,2023-07-25
HS300_综合_v10,,002120.XSHE,韵达股份,BUY,10.01,900.0,9009.0,2023-07-26 09:34:00,2023-07-26
HS300_综合_v10,,002414.XSHE,高德红外,BUY,8.29,1200.0,9948.0,2023-07-26 09:34:00,2023-07-26
HS300_综合_v10,,300601.XSHE,康泰生物,BUY,29.31,300.0,8793.0,2023-07-26 09:34:00,2023-07-26
HS300_综合_v10,,601236.XSHG,红塔证券,BUY,7.74,1200.0,9288.0,2023-07-26 09:34:00,2023-07-26
HS300_综合_v10,,000157.XSHE,中联重科,BUY,6.81,1400.0,9534.0,2023-07-27 09:34:00,2023-07-27
HS300_综合_v10,,159941.XSHE,纳指ETF,SELL,0.845,22200.0,-18759.0,2023-08-03 09:34:00,2023-08-03
HS300_综合_v10,,159980.XSHE,有色ETF,BUY,1.579,11800.0,18632.2,2023-08-03 09:34:00,2023-08-03
HS300_综合_v10,,601236.XSHG,红塔证券,SELL,8.55,1200.0,-10260.0,2023-08-08 09:40:00,2023-08-08
HS300_综合_v10,,000301.XSHE,东方盛虹,BUY,12.67,800.0,10136.0,2023-08-09 09:34:00,2023-08-09
HS300_综合_v10,,159980.XSHE,有色ETF,SELL,1.555,11800.0,-18349.0,2023-08-10 09:34:00,2023-08-10
HS300_综合_v10,,510300.XSHG,300ETF,BUY,4.052,4500.0,18234.0,2023-08-10 09:34:00,2023-08-10
HS300_综合_v10,,002120.XSHE,韵达股份,SELL,10.4,900.0,-9360.0,2023-08-14 09:34:00,2023-08-14
HS300_综合_v10,,002414.XSHE,高德红外,SELL,7.7,1200.0,-9240.0,2023-08-14 09:34:00,2023-08-14
HS300_综合_v10,,000157.XSHE,中联重科,SELL,6.42,1400.0,-8988.0,2023-08-14 09:34:00,2023-08-14
HS300_综合_v10,,000301.XSHE,东方盛虹,SELL,12.12,800.0,-9696.0,2023-08-14 09:34:00,2023-08-14
HS300_综合_v10,,300601.XSHE,康泰生物,SELL,28.81,300.0,-8643.0,2023-08-16 09:34:00,2023-08-16
HS300_综合_v10,,510300.XSHG,300ETF,SELL,3.814,4500.0,-17163.0,2023-08-22 09:34:00,2023-08-22
HS300_综合_v10,,518880.XSHG,黄金ETF,BUY,4.432,4100.0,18171.2,2023-08-22 09:34:00,2023-08-22
HS300_综合_v10,,601216.XSHG,君正集团,BUY,4.35,2200.0,9570.0,2023-08-29 09:34:00,2023-08-29
HS300_综合_v10,,000408.XSHE,藏格矿业,BUY,22.36,400.0,8944.0,2023-08-29 09:34:00,2023-08-29
HS300_综合_v10,,600219.XSHG,南山铝业,BUY,3.18,3100.0,9858.0,2023-08-29 09:34:00,2023-08-29
HS300_综合_v10,,002064.XSHE,华峰化学,BUY,6.98,1400.0,9772.0,2023-08-29 09:34:00,2023-08-29
HS300_综合_v10,,600383.XSHG,金地集团,BUY,7.62,1200.0,9144.0,2023-08-29 09:34:00,2023-08-29
HS300_综合_v10,,600383.XSHG,金地集团,SELL,7.29,1200.0,-8748.0,2023-08-31 14:00:00,2023-08-31
HS300_综合_v10,,000157.XSHE,中联重科,BUY,6.82,1400.0,9548.0,2023-09-04 09:34:00,2023-09-04
HS300_综合_v10,,000408.XSHE,藏格矿业,SELL,23.41,400.0,-9364.0,2023-09-12 09:34:00,2023-09-12
HS300_综合_v10,,600219.XSHG,南山铝业,SELL,3.24,3100.0,-10044.0,2023-09-12 09:34:00,2023-09-12
HS300_综合_v10,,002064.XSHE,华峰化学,SELL,7.3,1400.0,-10220.0,2023-09-12 09:34:00,2023-09-12
HS300_综合_v10,,000157.XSHE,中联重科,SELL,6.92,1400.0,-9688.0,2023-09-12 09:34:00,2023-09-12
HS300_综合_v10,,601216.XSHG,君正集团,SELL,4.21,2200.0,-9262.0,2023-09-15 09:34:00,2023-09-15
HS300_综合_v10,,159985.XSHE,豆粕ETF,SELL,2.26,9100.0,-20566.0,2023-09-19 09:34:00,2023-09-19
HS300_综合_v10,,159980.XSHE,有色ETF,BUY,1.587,12100.0,19202.7,2023-09-19 09:34:00,2023-09-19
HS300_综合_v10,,601216.XSHG,君正集团,BUY,4.18,2300.0,9614.0,2023-09-25 09:34:00,2023-09-25
HS300_综合_v10,,300763.XSHE,锦浪科技,BUY,72.68,100.0,7268.0,2023-09-25 09:34:00,2023-09-25
HS300_综合_v10,,300601.XSHE,康泰生物,BUY,28.7,300.0,8610.0,2023-09-25 09:34:00,2023-09-25
HS300_综合_v10,,600183.XSHG,生益科技,BUY,15.37,600.0,9222.0,2023-09-25 09:34:00,2023-09-25
HS300_综合_v10,,300223.XSHE,北京君正,BUY,75.69,100.0,7569.0,2023-09-25 09:34:00,2023-09-25
HS300_综合_v10,,159980.XSHE,有色ETF,SELL,1.529,12100.0,-18500.9,2023-10-11 09:34:00,2023-10-11
HS300_综合_v10,,510500.XSHG,500ETF,BUY,5.754,3100.0,17837.4,2023-10-11 09:34:00,2023-10-11
HS300_综合_v10,,601216.XSHG,君正集团,SELL,4.04,2300.0,-9292.0,2023-10-11 09:34:00,2023-10-11
HS300_综合_v10,,300763.XSHE,锦浪科技,SELL,76.93,100.0,-7693.0,2023-10-11 09:34:00,2023-10-11
HS300_综合_v10,,000800.XSHE,一汽解放,BUY,9.02,1100.0,9922.0,2023-10-13 09:34:00,2023-10-13
HS300_综合_v10,,510500.XSHG,500ETF,SELL,5.711,3100.0,-17704.1,2023-10-16 09:34:00,2023-10-16
HS300_综合_v10,,159941.XSHE,纳指ETF,BUY,0.839,21800.0,18290.2,2023-10-16 09:34:00,2023-10-16
HS300_综合_v10,,000723.XSHE,美锦能源,BUY,7.04,1400.0,9856.0,2023-10-16 09:34:00,2023-10-16
HS300_综合_v10,,300223.XSHE,北京君正,SELL,68.19,100.0,-6819.0,2023-10-16 14:00:00,2023-10-16
HS300_综合_v10,,159981.XSHE,能源化工ETF,SELL,1.585,11800.0,-18703.0,2023-10-18 09:34:00,2023-10-18
HS300_综合_v10,,510500.XSHG,500ETF,BUY,5.681,3200.0,18179.2,2023-10-18 09:34:00,2023-10-18
HS300_综合_v10,,300601.XSHE,康泰生物,SELL,29.41,300.0,-8823.0,2023-10-18 09:34:00,2023-10-18
HS300_综合_v10,,510500.XSHG,500ETF,SELL,5.605,3200.0,-17936.0,2023-10-19 09:34:00,2023-10-19
HS300_综合_v10,,159920.XSHE,恒生ETF,BUY,1.057,17200.0,18180.4,2023-10-19 09:34:00,2023-10-19
HS300_综合_v10,,000800.XSHE,一汽解放,SELL,8.86,1100.0,-9746.0,2023-10-19 09:34:00,2023-10-19
HS300_综合_v10,,000723.XSHE,美锦能源,SELL,6.81,1400.0,-9534.0,2023-10-19 09:34:00,2023-10-19
HS300_综合_v10,,159920.XSHE,恒生ETF,SELL,1.038,17200.0,-17853.6,2023-10-20 09:34:00,2023-10-20
HS300_综合_v10,,588180.XSHG,科创50基,BUY,0.563,32200.0,18128.6,2023-10-20 09:34:00,2023-10-20
HS300_综合_v10,,600183.XSHG,生益科技,SELL,16.35,600.0,-9810.0,2023-10-20 09:34:00,2023-10-20
HS300_综合_v10,,000723.XSHE,美锦能源,BUY,6.82,1400.0,9548.0,2023-10-26 09:34:00,2023-10-26
HS300_综合_v10,,600884.XSHG,杉杉股份,BUY,13.87,700.0,9709.0,2023-10-26 09:34:00,2023-10-26
HS300_综合_v10,,002414.XSHE,高德红外,BUY,7.37,1300.0,9581.0,2023-10-26 09:34:00,2023-10-26
HS300_综合_v10,,002756.XSHE,永兴材料,BUY,47.03,200.0,9406.0,2023-10-26 09:34:00,2023-10-26
HS300_综合_v10,,300769.XSHE,德方纳米,BUY,70.48,100.0,7048.0,2023-10-26 09:34:00,2023-10-26
HS300_综合_v10,,159941.XSHE,纳指ETF,SELL,0.794,21800.0,-17309.2,2023-10-30 09:34:00,2023-10-30
HS300_综合_v10,,159985.XSHE,豆粕ETF,BUY,2.285,7800.0,17823.0,2023-10-30 09:34:00,2023-10-30
HS300_综合_v10,,588180.XSHG,科创50基,SELL,0.573,32200.0,-18450.6,2023-11-10 09:34:00,2023-11-10
HS300_综合_v10,,159941.XSHE,纳指ETF,BUY,0.844,21400.0,18061.6,2023-11-10 09:34:00,2023-11-10
HS300_综合_v10,,159941.XSHE,纳指ETF,SELL,0.859,21400.0,-18382.6,2023-11-13 09:34:00,2023-11-13
HS300_综合_v10,,588180.XSHG,科创50基,BUY,0.579,31300.0,18122.7,2023-11-13 09:34:00,2023-11-13
HS300_综合_v10,,588180.XSHG,科创50基,SELL,0.581,31300.0,-18185.3,2023-11-14 09:34:00,2023-11-14
HS300_综合_v10,,159941.XSHE,纳指ETF,BUY,0.862,21200.0,18274.4,2023-11-14 09:34:00,2023-11-14
HS300_综合_v10,,000723.XSHE,美锦能源,SELL,7.16,1400.0,-10024.0,2023-11-15 09:34:00,2023-11-15
HS300_综合_v10,,600884.XSHG,杉杉股份,SELL,14.25,700.0,-9975.0,2023-11-15 09:34:00,2023-11-15
HS300_综合_v10,,002756.XSHE,永兴材料,SELL,48.1,200.0,-9620.0,2023-11-15 09:34:00,2023-11-15
HS300_综合_v10,,300769.XSHE,德方纳米,SELL,80.01,100.0,-8001.0,2023-11-15 09:34:00,2023-11-15
HS300_综合_v10,,159941.XSHE,纳指ETF,SELL,0.873,21200.0,-18507.6,2023-11-16 09:34:00,2023-11-16
HS300_综合_v10,,159915.XSHE,创业板ETF,BUY,1.959,9300.0,18218.7,2023-11-16 09:34:00,2023-11-16
HS300_综合_v10,,000723.XSHE,美锦能源,BUY,7.16,1400.0,10024.0,2023-11-16 09:34:00,2023-11-16
HS300_综合_v10,,000733.XSHE,振华科技,BUY,70.57,100.0,7057.0,2023-11-16 09:34:00,2023-11-16
HS300_综合_v10,,000408.XSHE,藏格矿业,BUY,24.53,400.0,9812.0,2023-11-16 09:34:00,2023-11-16
HS300_综合_v10,,000977.XSHE,浪潮信息,BUY,34.44,300.0,10332.0,2023-11-16 09:34:00,2023-11-16
HS300_综合_v10,,159915.XSHE,创业板ETF,SELL,1.925,9300.0,-17902.5,2023-11-17 09:34:00,2023-11-17
HS300_综合_v10,,159981.XSHE,能源化工ETF,BUY,1.644,11000.0,18084.0,2023-11-17 09:34:00,2023-11-17
HS300_综合_v10,,000723.XSHE,美锦能源,SELL,7.1,1400.0,-9940.0,2023-11-17 09:34:00,2023-11-17
HS300_综合_v10,,002414.XSHE,高德红外,SELL,8.0,1300.0,-10400.0,2023-11-20 09:34:00,2023-11-20
HS300_综合_v10,,518880.XSHG,黄金ETF,SELL,4.506,4100.0,-18474.6,2023-11-21 09:34:00,2023-11-21
HS300_综合_v10,,513030.XSHG,德国ETF,BUY,1.218,14800.0,18026.4,2023-11-21 09:34:00,2023-11-21
HS300_综合_v10,,000733.XSHE,振华科技,SELL,70.27,100.0,-7027.0,2023-11-21 09:34:00,2023-11-21
HS300_综合_v10,,159981.XSHE,能源化工ETF,SELL,1.579,11000.0,-17369.0,2023-11-23 09:34:00,2023-11-23
HS300_综合_v10,,159941.XSHE,纳指ETF,BUY,0.873,20300.0,17721.9,2023-11-23 09:34:00,2023-11-23
HS300_综合_v10,,000408.XSHE,藏格矿业,SELL,24.02,400.0,-9608.0,2023-11-23 09:34:00,2023-11-23
HS300_综合_v10,,159985.XSHE,豆粕ETF,SELL,2.268,7800.0,-17690.4,2023-11-24 09:34:00,2023-11-24
HS300_综合_v10,,513520.XSHG,日经ETF,BUY,1.229,14400.0,17697.6,2023-11-24 09:34:00,2023-11-24
HS300_综合_v10,,000977.XSHE,浪潮信息,SELL,35.99,300.0,-10797.0,2023-11-27 09:34:00,2023-11-27
HS300_综合_v10,,159941.XSHE,纳指ETF,SELL,0.87,20300.0,-17661.0,2023-12-08 09:34:00,2023-12-08
HS300_综合_v10,,513500.XSHG,标普500,BUY,1.546,11600.0,17933.6,2023-12-08 09:34:00,2023-12-08
HS300_综合_v10,,002841.XSHE,视源股份,BUY,45.86,200.0,9172.0,2023-12-12 09:34:00,2023-12-12
HS300_综合_v10,,603899.XSHG,晨光股份,BUY,37.86,200.0,7572.0,2023-12-12 09:34:00,2023-12-12
HS300_综合_v10,,300223.XSHE,北京君正,BUY,68.01,100.0,6801.0,2023-12-12 09:34:00,2023-12-12
HS300_综合_v10,,600754.XSHG,锦江酒店,BUY,31.66,300.0,9498.0,2023-12-12 09:34:00,2023-12-12
HS300_综合_v10,,000157.XSHE,中联重科,BUY,6.35,1600.0,10160.0,2023-12-13 09:34:00,2023-12-13
HS300_综合_v10,,002841.XSHE,视源股份,SELL,44.55,200.0,-8910.0,2023-12-15 09:34:00,2023-12-15
HS300_综合_v10,,603899.XSHG,晨光股份,SELL,37.15,200.0,-7430.0,2023-12-15 09:34:00,2023-12-15
HS300_综合_v10,,600754.XSHG,锦江酒店,SELL,30.6,300.0,-9180.0,2023-12-15 09:34:00,2023-12-15
HS300_综合_v10,,000157.XSHE,中联重科,SELL,6.31,1600.0,-10096.0,2023-12-15 09:34:00,2023-12-15
HS300_综合_v10,,300223.XSHE,北京君正,SELL,66.1,100.0,-6610.0,2023-12-18 09:34:00,2023-12-18
HS300_综合_v10,,605117.XSHG,德业股份,BUY,68.76,100.0,6876.0,2023-12-22 09:34:00,2023-12-22
HS300_综合_v10,,002841.XSHE,视源股份,BUY,43.53,200.0,8706.0,2023-12-22 09:34:00,2023-12-22
HS300_综合_v10,,601155.XSHG,新城控股,BUY,11.66,800.0,9328.0,2023-12-22 09:34:00,2023-12-22
HS300_综合_v10,,300223.XSHE,北京君正,BUY,64.83,100.0,6483.0,2023-12-22 09:34:00,2023-12-22
HS300_综合_v10,,000157.XSHE,中联重科,BUY,6.47,1500.0,9705.0,2023-12-25 09:34:00,2023-12-25
HS300_综合_v10,,605117.XSHG,德业股份,SELL,79.05,100.0,-7905.0,2024-01-02 14:00:00,2024-01-02
HS300_综合_v10,,513500.XSHG,标普500,SELL,1.595,11600.0,-18502.0,2024-01-03 09:34:00,2024-01-03
HS300_综合_v10,,159941.XSHE,纳指ETF,BUY,0.898,20600.0,18498.8,2024-01-03 09:34:00,2024-01-03
HS300_综合_v10,,000301.XSHE,东方盛虹,BUY,9.62,1000.0,9620.0,2024-01-03 09:34:00,2024-01-03
HS300_综合_v10,,513030.XSHG,德国ETF,SELL,1.253,14800.0,-18544.4,2024-01-04 09:34:00,2024-01-04
HS300_综合_v10,,513500.XSHG,标普500,BUY,1.59,11500.0,18285.0,2024-01-04 09:34:00,2024-01-04
HS300_综合_v10,,300223.XSHE,北京君正,SELL,59.75,100.0,-5975.0,2024-01-05 14:00:00,2024-01-05
HS300_综合_v10,,000408.XSHE,藏格矿业,BUY,27.19,300.0,8157.0,2024-01-08 09:34:00,2024-01-08
HS300_综合_v10,,601155.XSHG,新城控股,SELL,10.73,800.0,-8584.0,2024-01-08 14:00:00,2024-01-08
HS300_综合_v10,,002841.XSHE,视源股份,SELL,40.58,200.0,-8116.0,2024-01-09 09:34:00,2024-01-09
HS300_综合_v10,,000157.XSHE,中联重科,SELL,6.52,1500.0,-9780.0,2024-01-09 09:34:00,2024-01-09
HS300_综合_v10,,000301.XSHE,东方盛虹,SELL,9.29,1000.0,-9290.0,2024-01-09 09:34:00,2024-01-09
HS300_综合_v10,,000408.XSHE,藏格矿业,SELL,26.88,300.0,-8064.0,2024-01-11 09:34:00,2024-01-11
HS300_综合_v10,,159941.XSHE,纳指ETF,SELL,0.922,20600.0,-18993.2,2024-01-17 09:34:00,2024-01-17
HS300_综合_v10,,518880.XSHG,黄金ETF,BUY,4.662,4100.0,19114.2,2024-01-17 09:34:00,2024-01-17
HS300_综合_v10,,300957.XSHE,贝泰妮,BUY,67.81,100.0,6781.0,2024-01-19 09:34:00,2024-01-19
HS300_综合_v10,,300763.XSHE,锦浪科技,BUY,78.8,100.0,7880.0,2024-01-19 09:34:00,2024-01-19
HS300_综合_v10,,600132.XSHG,重庆啤酒,BUY,61.78,100.0,6178.0,2024-01-19 09:34:00,2024-01-19
HS300_综合_v10,,603486.XSHG,科沃斯,BUY,38.72,200.0,7744.0,2024-01-19 09:34:00,2024-01-19
HS300_综合_v10,,000157.XSHE,中联重科,BUY,7.1,1300.0,9230.0,2024-01-22 09:34:00,2024-01-22
HS300_综合_v10,,300763.XSHE,锦浪科技,SELL,70.41,100.0,-7041.0,2024-01-22 09:40:00,2024-01-22
HS300_综合_v10,,518880.XSHG,黄金ETF,SELL,4.615,4100.0,-18921.5,2024-01-23 09:34:00,2024-01-23
HS300_综合_v10,,159941.XSHE,纳指ETF,BUY,0.967,20500.0,19823.5,2024-01-23 09:34:00,2024-01-23
HS300_综合_v10,,000301.XSHE,东方盛虹,BUY,9.47,900.0,8523.0,2024-01-23 09:34:00,2024-01-23
HS300_综合_v10,,300957.XSHE,贝泰妮,SELL,62.06,100.0,-6206.0,2024-01-23 09:40:00,2024-01-23
HS300_综合_v10,,603486.XSHG,科沃斯,SELL,35.63,200.0,-7126.0,2024-01-23 09:40:00,2024-01-23
HS300_综合_v10,,000425.XSHE,徐工机械,BUY,5.37,1700.0,9129.0,2024-01-24 09:34:00,2024-01-24
HS300_综合_v10,,000617.XSHE,中油资本,BUY,5.14,1800.0,9252.0,2024-01-24 09:34:00,2024-01-24
HS300_综合_v10,,000617.XSHE,中油资本,SELL,5.87,1800.0,-10566.0,2024-01-25 09:40:00,2024-01-25
HS300_综合_v10,,000786.XSHE,北新建材,BUY,28.04,300.0,8412.0,2024-01-26 09:34:00,2024-01-26
HS300_综合_v10,,600132.XSHG,重庆啤酒,SELL,56.22,100.0,-5622.0,2024-01-31 14:00:00,2024-01-31
HS300_综合_v10,,000617.XSHE,中油资本,BUY,5.98,1600.0,9568.0,2024-02-01 09:34:00,2024-02-01
HS300_综合_v10,,000157.XSHE,中联重科,SELL,7.21,1300.0,-9373.0,2024-02-02 09:34:00,2024-02-02
HS300_综合_v10,,000301.XSHE,东方盛虹,SELL,9.72,900.0,-8748.0,2024-02-02 09:34:00,2024-02-02
HS300_综合_v10,,000425.XSHE,徐工机械,SELL,5.59,1700.0,-9503.0,2024-02-02 09:34:00,2024-02-02
HS300_综合_v10,,000786.XSHE,北新建材,SELL,26.86,300.0,-8058.0,2024-02-02 09:34:00,2024-02-02
HS300_综合_v10,,000617.XSHE,中油资本,SELL,5.75,1600.0,-9200.0,2024-02-02 09:34:00,2024-02-02
HS300_综合_v10,,600176.XSHG,中国巨石,BUY,9.5,1000.0,9500.0,2024-02-07 09:34:00,2024-02-07
HS300_综合_v10,,600515.XSHG,海南机场,BUY,3.66,2600.0,9516.0,2024-02-07 09:34:00,2024-02-07
HS300_综合_v10,,600219.XSHG,南山铝业,BUY,2.92,3300.0,9636.0,2024-02-07 09:34:00,2024-02-07
HS300_综合_v10,,601117.XSHG,中国化学,BUY,6.32,1500.0,9480.0,2024-02-07 09:34:00,2024-02-07
HS300_综合_v10,,002601.XSHE,龙佰集团,BUY,17.12,500.0,8560.0,2024-02-07 09:34:00,2024-02-07
HS300_综合_v10,,513520.XSHG,日经ETF,SELL,1.478,14400.0,-21283.2,2024-02-21 09:34:00,2024-02-21
HS300_综合_v10,,159981.XSHE,能源化工ETF,BUY,1.619,12200.0,19751.8,2024-02-21 09:34:00,2024-02-21
HS300_综合_v10,,159981.XSHE,能源化工ETF,SELL,1.627,12200.0,-19849.4,2024-02-27 09:34:00,2024-02-27
HS300_综合_v10,,510300.XSHG,300ETF,BUY,3.444,5800.0,19975.2,2024-02-27 09:34:00,2024-02-27
HS300_综合_v10,,159941.XSHE,纳指ETF,SELL,1.006,20500.0,-20623.0,2024-03-04 09:34:00,2024-03-04
HS300_综合_v10,,159920.XSHE,恒生ETF,BUY,0.984,20700.0,20368.8,2024-03-04 09:34:00,2024-03-04
HS300_综合_v10,,159920.XSHE,恒生ETF,SELL,0.973,20700.0,-20141.1,2024-03-08 09:34:00,2024-03-08
HS300_综合_v10,,159915.XSHE,创业板ETF,BUY,1.751,11600.0,20311.6,2024-03-08 09:34:00,2024-03-08
HS300_综合_v10,,513500.XSHG,标普500,SELL,1.792,11500.0,-20608.0,2024-03-12 09:34:00,2024-03-12
HS300_综合_v10,,588180.XSHG,科创50基,BUY,0.529,39300.0,20789.7,2024-03-12 09:34:00,2024-03-12
HS300_综合_v10,,510300.XSHG,300ETF,SELL,3.579,5800.0,-20758.2,2024-03-13 09:34:00,2024-03-13
HS300_综合_v10,,510500.XSHG,500ETF,BUY,5.517,3700.0,20412.9,2024-03-13 09:34:00,2024-03-13
HS300_综合_v10,,510500.XSHG,500ETF,SELL,5.532,3700.0,-20468.4,2024-03-22 09:34:00,2024-03-22
HS300_综合_v10,,159985.XSHE,豆粕ETF,BUY,2.218,9300.0,20627.4,2024-03-22 09:34:00,2024-03-22
HS300_综合_v10,,588180.XSHG,科创50基,SELL,0.506,39300.0,-19885.8,2024-03-26 09:34:00,2024-03-26
HS300_综合_v10,,513030.XSHG,德国ETF,BUY,1.386,14500.0,20097.0,2024-03-26 09:34:00,2024-03-26
HS300_综合_v10,,600515.XSHG,海南机场,SELL,3.58,2600.0,-9308.0,2024-03-26 09:34:00,2024-03-26
HS300_综合_v10,,601117.XSHG,中国化学,SELL,6.64,1500.0,-9960.0,2024-03-26 09:34:00,2024-03-26
HS300_综合_v10,,002601.XSHE,龙佰集团,SELL,18.31,500.0,-9155.0,2024-03-26 09:34:00,2024-03-26
HS300_综合_v10,,513030.XSHG,德国ETF,SELL,1.393,14500.0,-20198.5,2024-03-27 09:34:00,2024-03-27
HS300_综合_v10,,518880.XSHG,黄金ETF,BUY,4.989,4000.0,19956.0,2024-03-27 09:34:00,2024-03-27
HS300_综合_v10,,600219.XSHG,南山铝业,SELL,3.33,3300.0,-10989.0,2024-03-27 09:34:00,2024-03-27
HS300_综合_v10,,159915.XSHE,创业板ETF,SELL,1.747,11600.0,-20265.2,2024-03-28 09:34:00,2024-03-28
HS300_综合_v10,,513030.XSHG,德国ETF,BUY,1.413,14000.0,19782.0,2024-03-28 09:34:00,2024-03-28
HS300_综合_v10,,000157.XSHE,中联重科,BUY,8.58,1200.0,10296.0,2024-04-02 09:34:00,2024-04-02
HS300_综合_v10,,000425.XSHE,徐工机械,BUY,6.64,1500.0,9960.0,2024-04-02 09:34:00,2024-04-02
HS300_综合_v10,,000408.XSHE,藏格矿业,BUY,31.7,300.0,9510.0,2024-04-02 09:34:00,2024-04-02
HS300_综合_v10,,000786.XSHE,北新建材,BUY,29.71,300.0,8913.0,2024-04-02 09:34:00,2024-04-02
HS300_综合_v10,,159985.XSHE,豆粕ETF,SELL,2.148,9300.0,-19976.4,2024-04-10 09:34:00,2024-04-10
HS300_综合_v10,,159980.XSHE,有色ETF,BUY,1.68,12100.0,20328.0,2024-04-10 09:34:00,2024-04-10
HS300_综合_v10,,600176.XSHG,中国巨石,SELL,10.72,1000.0,-10720.0,2024-04-11 09:34:00,2024-04-11
HS300_综合_v10,,000786.XSHE,北新建材,SELL,29.1,300.0,-8730.0,2024-04-11 09:34:00,2024-04-11
HS300_综合_v10,,000408.XSHE,藏格矿业,SELL,31.55,300.0,-9465.0,2024-04-12 09:34:00,2024-04-12
HS300_综合_v10,,000786.XSHE,北新建材,BUY,30.19,300.0,9057.0,2024-04-16 09:34:00,2024-04-16
HS300_综合_v10,,000408.XSHE,藏格矿业,BUY,30.64,300.0,9192.0,2024-04-16 09:34:00,2024-04-16
HS300_综合_v10,,000301.XSHE,东方盛虹,BUY,10.37,1000.0,10370.0,2024-04-16 09:34:00,2024-04-16
HS300_综合_v10,,513030.XSHG,德国ETF,SELL,1.324,14000.0,-18536.0,2024-04-17 09:34:00,2024-04-17
HS300_综合_v10,,159985.XSHE,豆粕ETF,BUY,2.143,9400.0,20144.2,2024-04-17 09:34:00,2024-04-17
HS300_综合_v10,,000408.XSHE,藏格矿业,SELL,29.23,300.0,-8769.0,2024-04-17 09:34:00,2024-04-17
HS300_综合_v10,,000301.XSHE,东方盛虹,SELL,10.2,1000.0,-10200.0,2024-04-17 09:34:00,2024-04-17
HS300_综合_v10,,000617.XSHE,中油资本,BUY,5.8,1800.0,10440.0,2024-04-18 09:34:00,2024-04-18
HS300_综合_v10,,000301.XSHE,东方盛虹,BUY,10.43,1000.0,10430.0,2024-04-18 09:34:00,2024-04-18
HS300_综合_v10,,159985.XSHE,豆粕ETF,SELL,2.142,9400.0,-20134.8,2024-04-19 09:34:00,2024-04-19
HS300_综合_v10,,159981.XSHE,能源化工ETF,BUY,1.651,12300.0,20307.3,2024-04-19 09:34:00,2024-04-19
HS300_综合_v10,,000157.XSHE,中联重科,SELL,8.57,1200.0,-10284.0,2024-04-25 09:34:00,2024-04-25
HS300_综合_v10,,000425.XSHE,徐工机械,SELL,6.91,1500.0,-10365.0,2024-04-25 09:34:00,2024-04-25
HS300_综合_v10,,000786.XSHE,北新建材,SELL,29.21,300.0,-8763.0,2024-04-25 09:34:00,2024-04-25
HS300_综合_v10,,000301.XSHE,东方盛虹,SELL,10.11,1000.0,-10110.0,2024-04-25 09:34:00,2024-04-25
HS300_综合_v10,,000617.XSHE,中油资本,SELL,5.92,1800.0,-10656.0,2024-04-26 09:34:00,2024-04-26
HS300_综合_v10,,603486.XSHG,科沃斯,BUY,45.46,200.0,9092.0,2024-04-29 09:34:00,2024-04-29
HS300_综合_v10,,300661.XSHE,圣邦股份,BUY,74.95,100.0,7495.0,2024-04-29 09:34:00,2024-04-29
HS300_综合_v10,,601155.XSHG,新城控股,BUY,9.25,1000.0,9250.0,2024-04-29 09:34:00,2024-04-29
HS300_综合_v10,,000733.XSHE,振华科技,BUY,47.26,200.0,9452.0,2024-04-29 09:34:00,2024-04-29
HS300_综合_v10,,601236.XSHG,红塔证券,BUY,7.32,1300.0,9516.0,2024-04-29 09:34:00,2024-04-29
HS300_综合_v10,,159981.XSHE,能源化工ETF,SELL,1.634,12300.0,-20098.2,2024-04-30 09:34:00,2024-04-30
HS300_综合_v10,,159920.XSHE,恒生ETF,BUY,1.063,19000.0,20197.0,2024-04-30 09:34:00,2024-04-30
HS300_综合_v10,,603486.XSHG,科沃斯,SELL,47.8,200.0,-9560.0,2024-04-30 09:40:00,2024-04-30
HS300_综合_v10,,601155.XSHG,新城控股,SELL,9.86,1000.0,-9860.0,2024-04-30 09:40:00,2024-04-30
HS300_综合_v10,,000768.XSHE,中航西飞,BUY,22.58,400.0,9032.0,2024-05-06 09:34:00,2024-05-06
HS300_综合_v10,,000786.XSHE,北新建材,BUY,32.93,300.0,9879.0,2024-05-06 09:34:00,2024-05-06
HS300_综合_v10,,518880.XSHG,黄金ETF,SELL,5.251,4000.0,-21004.0,2024-05-09 09:34:00,2024-05-09
HS300_综合_v10,,159985.XSHE,豆粕ETF,BUY,2.314,8700.0,20131.8,2024-05-09 09:34:00,2024-05-09
HS300_综合_v10,,300661.XSHE,圣邦股份,SELL,74.56,100.0,-7456.0,2024-05-27 09:34:00,2024-05-27
HS300_综合_v10,,000733.XSHE,振华科技,SELL,44.47,200.0,-8894.0,2024-05-27 09:34:00,2024-05-27
HS300_综合_v10,,601236.XSHG,红塔证券,SELL,6.9,1300.0,-8970.0,2024-05-27 09:34:00,2024-05-27
HS300_综合_v10,,000768.XSHE,中航西飞,SELL,23.43,400.0,-9372.0,2024-05-27 09:34:00,2024-05-27
HS300_综合_v10,,000786.XSHE,北新建材,SELL,33.37,300.0,-10011.0,2024-05-27 09:34:00,2024-05-27
HS300_综合_v10,,159985.XSHE,豆粕ETF,SELL,2.247,8700.0,-19548.9,2024-05-30 09:34:00,2024-05-30
HS300_综合_v10,,159941.XSHE,纳指ETF,BUY,1.028,19800.0,20354.4,2024-05-30 09:34:00,2024-05-30
HS300_综合_v10,,159920.XSHE,恒生ETF,SELL,1.123,19000.0,-21337.0,2024-06-06 09:34:00,2024-06-06
HS300_综合_v10,,513500.XSHG,标普500,BUY,1.875,10900.0,20437.5,2024-06-06 09:34:00,2024-06-06
HS300_综合_v10,,159980.XSHE,有色ETF,SELL,1.763,12100.0,-21332.3,2024-06-11 09:34:00,2024-06-11
HS300_综合_v10,,513030.XSHG,德国ETF,BUY,1.391,14700.0,20447.7,2024-06-11 09:34:00,2024-06-11
HS300_综合_v10,,513030.XSHG,德国ETF,SELL,1.373,14700.0,-20183.1,2024-06-12 09:34:00,2024-06-12
HS300_综合_v10,,159981.XSHE,能源化工ETF,BUY,1.655,12400.0,20522.0,2024-06-12 09:34:00,2024-06-12
HS300_综合_v10,,300496.XSHE,中科创达,BUY,55.13,100.0,5513.0,2024-06-17 09:34:00,2024-06-17
HS300_综合_v10,,600460.XSHG,士兰微,BUY,18.21,500.0,9105.0,2024-06-17 09:34:00,2024-06-17
HS300_综合_v10,,002821.XSHE,凯莱英,BUY,74.49,100.0,7449.0,2024-06-17 09:34:00,2024-06-17
HS300_综合_v10,,000733.XSHE,振华科技,BUY,46.77,200.0,9354.0,2024-06-17 09:34:00,2024-06-17
HS300_综合_v10,,300223.XSHE,北京君正,BUY,60.72,100.0,6072.0,2024-06-17 09:34:00,2024-06-17
HS300_综合_v10,,300496.XSHE,中科创达,SELL,51.24,100.0,-5124.0,2024-06-20 14:00:00,2024-06-20
HS300_综合_v10,,159981.XSHE,能源化工ETF,SELL,1.635,12400.0,-20274.0,2024-06-21 09:34:00,2024-06-21
HS300_综合_v10,,588180.XSHG,科创50基,BUY,0.484,42700.0,20666.8,2024-06-21 09:34:00,2024-06-21
HS300_综合_v10,,002821.XSHE,凯莱英,SELL,70.47,100.0,-7047.0,2024-06-21 09:34:00,2024-06-21
HS300_综合_v10,,000733.XSHE,振华科技,SELL,44.49,200.0,-8898.0,2024-06-21 09:34:00,2024-06-21
HS300_综合_v10,,300223.XSHE,北京君正,SELL,56.59,100.0,-5659.0,2024-06-21 09:34:00,2024-06-21
HS300_综合_v10,,600460.XSHG,士兰微,SELL,18.56,500.0,-9280.0,2024-06-24 09:34:00,2024-06-24
HS300_综合_v10,,300454.XSHE,深信服,BUY,52.81,100.0,5281.0,2024-06-27 09:34:00,2024-06-27
HS300_综合_v10,,600460.XSHG,士兰微,BUY,17.63,500.0,8815.0,2024-06-27 09:34:00,2024-06-27
HS300_综合_v10,,000733.XSHE,振华科技,BUY,42.5,200.0,8500.0,2024-06-27 09:34:00,2024-06-27
HS300_综合_v10,,601236.XSHG,红塔证券,BUY,6.52,1500.0,9780.0,2024-06-27 09:34:00,2024-06-27
HS300_综合_v10,,300223.XSHE,北京君正,BUY,56.35,100.0,5635.0,2024-06-27 09:34:00,2024-06-27
HS300_综合_v10,,300454.XSHE,深信服,SELL,51.15,100.0,-5115.0,2024-06-28 09:34:00,2024-06-28
HS300_综合_v10,,600460.XSHG,士兰微,SELL,17.57,500.0,-8785.0,2024-06-28 09:34:00,2024-06-28
HS300_综合_v10,,000733.XSHE,振华科技,SELL,40.85,200.0,-8170.0,2024-06-28 09:34:00,2024-06-28
HS300_综合_v10,,601236.XSHG,红塔证券,SELL,6.46,1500.0,-9690.0,2024-06-28 09:34:00,2024-06-28
HS300_综合_v10,,300223.XSHE,北京君正,SELL,55.07,100.0,-5507.0,2024-06-28 09:34:00,2024-06-28
HS300_综合_v10,,300454.XSHE,深信服,BUY,50.93,100.0,5093.0,2024-07-01 09:34:00,2024-07-01
HS300_综合_v10,,002180.XSHE,纳思达,BUY,26.6,300.0,7980.0,2024-07-01 09:34:00,2024-07-01
HS300_综合_v10,,000800.XSHE,一汽解放,BUY,7.94,1200.0,9528.0,2024-07-01 09:34:00,2024-07-01
HS300_综合_v10,,601236.XSHG,红塔证券,BUY,6.42,1500.0,9630.0,2024-07-01 09:34:00,2024-07-01
HS300_综合_v10,,002074.XSHE,国轩高科,BUY,18.47,500.0,9235.0,2024-07-01 09:34:00,2024-07-01
HS300_综合_v10,,588180.XSHG,科创50基,SELL,0.457,42700.0,-19513.9,2024-07-02 09:34:00,2024-07-02
HS300_综合_v10,,513520.XSHG,日经ETF,BUY,1.445,14200.0,20519.0,2024-07-02 09:34:00,2024-07-02
HS300_综合_v10,,300454.XSHE,深信服,SELL,47.88,100.0,-4788.0,2024-07-05 09:34:00,2024-07-05
HS300_综合_v10,,000800.XSHE,一汽解放,SELL,7.57,1200.0,-9084.0,2024-07-05 09:34:00,2024-07-05
HS300_综合_v10,,601236.XSHG,红塔证券,SELL,6.21,1500.0,-9315.0,2024-07-05 09:34:00,2024-07-05
HS300_综合_v10,,002074.XSHE,国轩高科,SELL,18.0,500.0,-9000.0,2024-07-05 09:34:00,2024-07-05
HS300_综合_v10,,002180.XSHE,纳思达,SELL,26.22,300.0,-7866.0,2024-07-09 09:34:00,2024-07-09
HS300_综合_v10,,002555.XSHE,三七互娱,BUY,12.53,700.0,8771.0,2024-07-10 09:34:00,2024-07-10
HS300_综合_v10,,600460.XSHG,士兰微,BUY,18.09,500.0,9045.0,2024-07-10 09:34:00,2024-07-10
HS300_综合_v10,,002841.XSHE,视源股份,BUY,27.83,300.0,8349.0,2024-07-10 09:34:00,2024-07-10
HS300_综合_v10,,300759.XSHE,康龙化成,BUY,18.52,500.0,9260.0,2024-07-10 09:34:00,2024-07-10
HS300_综合_v10,,300223.XSHE,北京君正,BUY,55.4,100.0,5540.0,2024-07-10 09:34:00,2024-07-10
HS300_综合_v10,,600460.XSHG,士兰微,SELL,20.95,500.0,-10475.0,2024-07-22 09:40:00,2024-07-22
HS300_综合_v10,,159941.XSHE,纳指ETF,SELL,1.119,19800.0,-22156.2,2024-07-23 09:34:00,2024-07-23
HS300_综合_v10,,518880.XSHG,黄金ETF,BUY,5.443,3800.0,20683.4,2024-07-23 09:34:00,2024-07-23
HS300_综合_v10,,000301.XSHE,东方盛虹,BUY,8.11,1200.0,9732.0,2024-07-23 09:34:00,2024-07-23
HS300_综合_v10,,002555.XSHE,三七互娱,SELL,12.38,700.0,-8666.0,2024-07-26 09:34:00,2024-07-26
HS300_综合_v10,,002841.XSHE,视源股份,SELL,28.13,300.0,-8439.0,2024-07-26 09:34:00,2024-07-26
HS300_综合_v10,,300223.XSHE,北京君正,SELL,55.2,100.0,-5520.0,2024-07-26 09:34:00,2024-07-26
HS300_综合_v10,,000301.XSHE,东方盛虹,SELL,7.98,1200.0,-9576.0,2024-07-26 09:34:00,2024-07-26
HS300_综合_v10,,513500.XSHG,标普500,SELL,1.953,10900.0,-21287.7,2024-07-29 09:34:00,2024-07-29
HS300_综合_v10,,513030.XSHG,德国ETF,BUY,1.395,14700.0,20506.5,2024-07-29 09:34:00,2024-07-29
HS300_综合_v10,,300759.XSHE,康龙化成,SELL,20.87,500.0,-10435.0,2024-07-29 09:34:00,2024-07-29
HS300_综合_v10,,513030.XSHG,德国ETF,SELL,1.343,14700.0,-19742.1,2024-08-02 09:34:00,2024-08-02
HS300_综合_v10,,588180.XSHG,科创50基,BUY,0.478,42500.0,20315.0,2024-08-02 09:34:00,2024-08-02
HS300_综合_v10,,513520.XSHG,日经ETF,SELL,1.35,14200.0,-19170.0,2024-08-06 09:34:00,2024-08-06
HS300_综合_v10,,510300.XSHG,300ETF,BUY,3.435,5700.0,19579.5,2024-08-06 09:34:00,2024-08-06
HS300_综合_v10,,510300.XSHG,300ETF,SELL,3.421,5700.0,-19499.7,2024-08-09 09:34:00,2024-08-09
HS300_综合_v10,,159915.XSHE,创业板ETF,BUY,1.596,12300.0,19630.8,2024-08-09 09:34:00,2024-08-09
HS300_综合_v10,,159915.XSHE,创业板ETF,SELL,1.56,12300.0,-19188.0,2024-08-13 09:34:00,2024-08-13
HS300_综合_v10,,510300.XSHG,300ETF,BUY,3.396,5700.0,19357.2,2024-08-13 09:34:00,2024-08-13
HS300_综合_v10,,510300.XSHG,300ETF,SELL,3.385,5700.0,-19294.5,2024-08-14 09:34:00,2024-08-14
HS300_综合_v10,,510500.XSHG,500ETF,BUY,4.788,4000.0,19152.0,2024-08-14 09:34:00,2024-08-14
HS300_综合_v10,,300454.XSHE,深信服,BUY,47.49,200.0,9498.0,2024-08-16 09:34:00,2024-08-16
HS300_综合_v10,,300957.XSHE,贝泰妮,BUY,44.43,200.0,8886.0,2024-08-16 09:34:00,2024-08-16
HS300_综合_v10,,600732.XSHG,爱旭股份,BUY,8.62,1100.0,9482.0,2024-08-16 09:34:00,2024-08-16
HS300_综合_v10,,002410.XSHE,广联达,BUY,10.17,900.0,9153.0,2024-08-16 09:34:00,2024-08-16
HS300_综合_v10,,300142.XSHE,沃森生物,BUY,10.94,900.0,9846.0,2024-08-16 09:34:00,2024-08-16
HS300_综合_v10,,510500.XSHG,500ETF,SELL,4.663,4000.0,-18652.0,2024-08-21 09:34:00,2024-08-21
HS300_综合_v10,,513500.XSHG,标普500,BUY,1.956,9800.0,19168.8,2024-08-21 09:34:00,2024-08-21
HS300_综合_v10,,300957.XSHE,贝泰妮,SELL,41.17,200.0,-8234.0,2024-08-21 14:00:00,2024-08-21
HS300_综合_v10,,588180.XSHG,科创50基,SELL,0.447,42500.0,-18997.5,2024-08-22 09:34:00,2024-08-22
HS300_综合_v10,,513520.XSHG,日经ETF,BUY,1.525,12600.0,19215.0,2024-08-22 09:34:00,2024-08-22
HS300_综合_v10,,000157.XSHE,中联重科,BUY,6.46,1400.0,9044.0,2024-08-22 09:34:00,2024-08-22
HS300_综合_v10,,600732.XSHG,爱旭股份,SELL,8.0,1100.0,-8800.0,2024-08-22 14:00:00,2024-08-22
HS300_综合_v10,,513500.XSHG,标普500,SELL,1.957,9800.0,-19178.6,2024-08-23 09:34:00,2024-08-23
HS300_综合_v10,,513030.XSHG,德国ETF,BUY,1.401,13600.0,19053.6,2024-08-23 09:34:00,2024-08-23
HS300_综合_v10,,300454.XSHE,深信服,SELL,44.69,200.0,-8938.0,2024-08-23 09:34:00,2024-08-23
HS300_综合_v10,,002410.XSHE,广联达,SELL,9.69,900.0,-8721.0,2024-08-23 09:34:00,2024-08-23
HS300_综合_v10,,300142.XSHE,沃森生物,SELL,10.09,900.0,-9081.0,2024-08-23 09:34:00,2024-08-23
HS300_综合_v10,,000157.XSHE,中联重科,SELL,6.38,1400.0,-8932.0,2024-08-23 09:34:00,2024-08-23
HS300_综合_v10,,300442.XSHE,润泽科技,BUY,22.53,400.0,9012.0,2024-08-26 09:34:00,2024-08-26
HS300_综合_v10,,000408.XSHE,藏格矿业,BUY,23.08,400.0,9232.0,2024-08-26 09:34:00,2024-08-26
HS300_综合_v10,,600219.XSHG,南山铝业,BUY,3.65,2500.0,9125.0,2024-08-26 09:34:00,2024-08-26
HS300_综合_v10,,600415.XSHG,小商品城,BUY,7.95,1100.0,8745.0,2024-08-26 09:34:00,2024-08-26
HS300_综合_v10,,002920.XSHE,德赛西威,BUY,89.27,100.0,8927.0,2024-08-26 09:34:00,2024-08-26
HS300_综合_v10,,000408.XSHE,藏格矿业,SELL,23.46,400.0,-9384.0,2024-08-27 09:34:00,2024-08-27
HS300_综合_v10,,002920.XSHE,德赛西威,SELL,86.33,100.0,-8633.0,2024-08-28 09:34:00,2024-08-28
HS300_综合_v10,,300442.XSHE,润泽科技,SELL,22.55,400.0,-9020.0,2024-08-29 09:34:00,2024-08-29
HS300_综合_v10,,000425.XSHE,徐工机械,BUY,6.3,1400.0,8820.0,2024-09-02 09:34:00,2024-09-02
HS300_综合_v10,,000408.XSHE,藏格矿业,BUY,24.19,300.0,7257.0,2024-09-02 09:34:00,2024-09-02
HS300_综合_v10,,000301.XSHE,东方盛虹,BUY,7.8,1100.0,8580.0,2024-09-02 09:34:00,2024-09-02
HS300_综合_v10,,600219.XSHG,南山铝业,SELL,3.7,2500.0,-9250.0,2024-09-03 09:34:00,2024-09-03
HS300_综合_v10,,000425.XSHE,徐工机械,SELL,6.32,1400.0,-8848.0,2024-09-03 09:34:00,2024-09-03
HS300_综合_v10,,513520.XSHG,日经ETF,SELL,1.422,12600.0,-17917.2,2024-09-05 09:34:00,2024-09-05
HS300_综合_v10,,159920.XSHE,恒生ETF,BUY,1.061,17300.0,18355.3,2024-09-05 09:34:00,2024-09-05
HS300_综合_v10,,000408.XSHE,藏格矿业,SELL,23.72,300.0,-7116.0,2024-09-05 09:34:00,2024-09-05
HS300_综合_v10,,518880.XSHG,黄金ETF,SELL,5.503,3800.0,-20911.4,2024-09-06 09:34:00,2024-09-06
HS300_综合_v10,,513500.XSHG,标普500,BUY,1.919,9700.0,18614.3,2024-09-06 09:34:00,2024-09-06
HS300_综合_v10,,000301.XSHE,东方盛虹,SELL,7.67,1100.0,-8437.0,2024-09-09 09:34:00,2024-09-09
HS300_综合_v10,,159920.XSHE,恒生ETF,SELL,1.045,17300.0,-18078.5,2024-09-10 09:34:00,2024-09-10
HS300_综合_v10,,513520.XSHG,日经ETF,BUY,1.42,13100.0,18602.0,2024-09-10 09:34:00,2024-09-10
HS300_综合_v10,,600415.XSHG,小商品城,SELL,8.57,1100.0,-9427.0,2024-09-11 09:34:00,2024-09-11
HS300_综合_v10,,513520.XSHG,日经ETF,SELL,1.435,13100.0,-18798.5,2024-09-13 09:34:00,2024-09-13
HS300_综合_v10,,518880.XSHG,黄金ETF,BUY,5.621,3300.0,18549.3,2024-09-13 09:34:00,2024-09-13
HS300_综合_v10,,513500.XSHG,标普500,SELL,1.94,9700.0,-18818.0,2024-09-19 09:34:00,2024-09-19
HS300_综合_v10,,159985.XSHE,豆粕ETF,BUY,1.96,9600.0,18816.0,2024-09-19 09:34:00,2024-09-19
HS300_综合_v10,,300496.XSHE,中科创达,BUY,33.29,200.0,6658.0,2024-09-20 09:34:00,2024-09-20
HS300_综合_v10,,300454.XSHE,深信服,BUY,44.28,200.0,8856.0,2024-09-20 09:34:00,2024-09-20
HS300_综合_v10,,300957.XSHE,贝泰妮,BUY,40.27,200.0,8054.0,2024-09-20 09:34:00,2024-09-20
HS300_综合_v10,,002410.XSHE,广联达,BUY,9.49,900.0,8541.0,2024-09-20 09:34:00,2024-09-20
HS300_综合_v10,,300142.XSHE,沃森生物,BUY,9.99,900.0,8991.0,2024-09-20 09:34:00,2024-09-20
HS300_综合_v10,,513030.XSHG,德国ETF,SELL,1.41,13600.0,-19176.0,2024-09-26 09:34:00,2024-09-26
HS300_综合_v10,,159920.XSHE,恒生ETF,BUY,1.157,16400.0,18974.8,2024-09-26 09:34:00,2024-09-26
HS300_综合_v10,,002410.XSHE,广联达,SELL,12.03,900.0,-10827.0,2024-09-27 09:40:00,2024-09-27
HS300_综合_v10,,000157.XSHE,中联重科,BUY,7.55,1600.0,12080.0,2024-09-30 09:34:00,2024-09-30
HS300_综合_v10,,300454.XSHE,深信服,SELL,64.55,200.0,-12910.0,2024-09-30 09:40:00,2024-09-30
HS300_综合_v10,,000301.XSHE,东方盛虹,BUY,10.01,1400.0,14014.0,2024-10-08 09:34:00,2024-10-08
HS300_综合_v10,,300142.XSHE,沃森生物,SELL,17.57,900.0,-15813.0,2024-10-08 09:40:00,2024-10-08
HS300_综合_v10,,159985.XSHE,豆粕ETF,SELL,1.928,9600.0,-18508.8,2024-10-09 09:34:00,2024-10-09
HS300_综合_v10,,518880.XSHG,黄金ETF,SELL,5.659,3300.0,-18674.7,2024-10-09 09:34:00,2024-10-09
HS300_综合_v10,,159915.XSHE,创业板ETF,BUY,2.365,8100.0,19156.5,2024-10-09 09:34:00,2024-10-09
HS300_综合_v10,,510500.XSHG,500ETF,BUY,6.057,3100.0,18776.7,2024-10-09 09:34:00,2024-10-09
HS300_综合_v10,,000063.XSHE,中兴通讯,BUY,33.08,400.0,13232.0,2024-10-09 09:34:00,2024-10-09
HS300_综合_v10,,300496.XSHE,中科创达,SELL,63.82,200.0,-12764.0,2024-10-09 09:40:00,2024-10-09
HS300_综合_v10,,300957.XSHE,贝泰妮,SELL,63.69,200.0,-12738.0,2024-10-09 09:40:00,2024-10-09
HS300_综合_v10,,000157.XSHE,中联重科,SELL,7.21,1600.0,-11536.0,2024-10-09 09:40:00,2024-10-09
HS300_综合_v10,,000301.XSHE,东方盛虹,SELL,9.06,1400.0,-12684.0,2024-10-09 09:40:00,2024-10-09
HS300_综合_v10,,000786.XSHE,北新建材,BUY,29.61,400.0,11844.0,2024-10-10 09:34:00,2024-10-10
HS300_综合_v10,,000661.XSHE,长春高新,BUY,115.75,100.0,11575.0,2024-10-10 09:34:00,2024-10-10
HS300_综合_v10,,000938.XSHE,紫光股份,BUY,24.72,500.0,12360.0,2024-10-10 09:34:00,2024-10-10
HS300_综合_v10,,000733.XSHE,振华科技,BUY,45.62,200.0,9124.0,2024-10-10 09:34:00,2024-10-10
HS300_综合_v10,,159920.XSHE,恒生ETF,SELL,1.27,16400.0,-20828.0,2024-10-11 09:34:00,2024-10-11
HS300_综合_v10,,588180.XSHG,科创50基,BUY,0.605,30500.0,18452.5,2024-10-11 09:34:00,2024-10-11
HS300_综合_v10,,000063.XSHE,中兴通讯,SELL,29.86,400.0,-11944.0,2024-10-11 14:00:00,2024-10-11
HS300_综合_v10,,000661.XSHE,长春高新,SELL,103.87,100.0,-10387.0,2024-10-11 14:00:00,2024-10-11
HS300_综合_v10,,000938.XSHE,紫光股份,SELL,23.07,500.0,-11535.0,2024-10-11 14:00:00,2024-10-11
HS300_综合_v10,,000733.XSHE,振华科技,SELL,41.96,200.0,-8392.0,2024-10-11 14:00:00,2024-10-11
HS300_综合_v10,,000977.XSHE,浪潮信息,BUY,39.45,300.0,11835.0,2024-10-14 09:34:00,2024-10-14
HS300_综合_v10,,000999.XSHE,华润三九,BUY,47.46,200.0,9492.0,2024-10-14 09:34:00,2024-10-14
HS300_综合_v10,,000661.XSHE,长春高新,BUY,103.66,100.0,10366.0,2024-10-14 09:34:00,2024-10-14
HS300_综合_v10,,000733.XSHE,振华科技,BUY,42.38,300.0,12714.0,2024-10-14 09:34:00,2024-10-14
HS300_综合_v10,,000786.XSHE,北新建材,SELL,31.42,400.0,-12568.0,2024-10-21 09:34:00,2024-10-21
HS300_综合_v10,,000999.XSHE,华润三九,SELL,46.34,200.0,-9268.0,2024-10-21 09:34:00,2024-10-21
HS300_综合_v10,,000661.XSHE,长春高新,SELL,103.53,100.0,-10353.0,2024-10-21 09:34:00,2024-10-21
HS300_综合_v10,,000768.XSHE,中航西飞,BUY,29.34,400.0,11736.0,2024-10-24 09:34:00,2024-10-24
HS300_综合_v10,,000786.XSHE,北新建材,BUY,32.49,400.0,12996.0,2024-10-24 09:34:00,2024-10-24
HS300_综合_v10,,000408.XSHE,藏格矿业,BUY,28.23,400.0,11292.0,2024-10-24 09:34:00,2024-10-24
HS300_综合_v10,,000768.XSHE,中航西飞,SELL,29.76,400.0,-11904.0,2024-11-07 14:00:00,2024-11-07
HS300_综合_v10,,000157.XSHE,中联重科,BUY,7.58,1800.0,13644.0,2024-11-08 09:34:00,2024-11-08
HS300_综合_v10,,000977.XSHE,浪潮信息,SELL,52.78,300.0,-15834.0,2024-11-11 09:40:00,2024-11-11
HS300_综合_v10,,000786.XSHE,北新建材,SELL,30.02,400.0,-12008.0,2024-11-11 14:00:00,2024-11-11
HS300_综合_v10,,000807.XSHE,云铝股份,BUY,15.88,800.0,12704.0,2024-11-12 09:34:00,2024-11-12
HS300_综合_v10,,000661.XSHE,长春高新,BUY,115.91,100.0,11591.0,2024-11-12 09:34:00,2024-11-12
HS300_综合_v10,,159915.XSHE,创业板ETF,SELL,2.324,8100.0,-18824.4,2024-11-13 09:34:00,2024-11-13
HS300_综合_v10,,159941.XSHE,纳指ETF,BUY,1.157,17400.0,20131.8,2024-11-13 09:34:00,2024-11-13
HS300_综合_v10,,588180.XSHG,科创50基,SELL,0.638,30500.0,-19459.0,2024-11-18 09:34:00,2024-11-18
HS300_综合_v10,,513500.XSHG,标普500,BUY,2.078,9300.0,19325.4,2024-11-18 09:34:00,2024-11-18
HS300_综合_v10,,000157.XSHE,中联重科,SELL,7.01,1800.0,-12618.0,2024-11-18 09:40:00,2024-11-18
HS300_综合_v10,,000807.XSHE,云铝股份,SELL,13.65,800.0,-10920.0,2024-11-18 09:40:00,2024-11-18
HS300_综合_v10,,159941.XSHE,纳指ETF,SELL,1.127,17400.0,-19609.8,2024-11-19 09:34:00,2024-11-19
HS300_综合_v10,,513500.XSHG,标普500,SELL,2.096,9300.0,-19492.8,2024-11-19 09:34:00,2024-11-19
HS300_综合_v10,,159915.XSHE,创业板ETF,BUY,2.18,8900.0,19402.0,2024-11-19 09:34:00,2024-11-19
HS300_综合_v10,,588180.XSHG,科创50基,BUY,0.636,30500.0,19398.0,2024-11-19 09:34:00,2024-11-19
HS300_综合_v10,,000733.XSHE,振华科技,SELL,47.49,300.0,-14247.0,2024-11-19 09:34:00,2024-11-19
HS300_综合_v10,,000408.XSHE,藏格矿业,SELL,28.51,400.0,-11404.0,2024-11-19 09:34:00,2024-11-19
HS300_综合_v10,,000661.XSHE,长春高新,SELL,112.24,100.0,-11224.0,2024-11-19 09:34:00,2024-11-19
HS300_综合_v10,,159915.XSHE,创业板ETF,SELL,2.125,8900.0,-18912.5,2024-11-26 09:34:00,2024-11-26
HS300_综合_v10,,588180.XSHG,科创50基,SELL,0.616,30500.0,-18788.0,2024-11-26 09:34:00,2024-11-26
HS300_综合_v10,,159941.XSHE,纳指ETF,BUY,1.151,16400.0,18876.4,2024-11-26 09:34:00,2024-11-26
HS300_综合_v10,,513500.XSHG,标普500,BUY,2.17,8700.0,18879.0,2024-11-26 09:34:00,2024-11-26
HS300_综合_v10,,510500.XSHG,500ETF,SELL,5.866,3100.0,-18184.6,2024-11-29 09:34:00,2024-11-29
HS300_综合_v10,,159985.XSHE,豆粕ETF,BUY,1.9,9900.0,18810.0,2024-11-29 09:34:00,2024-11-29
HS300_综合_v10,,159985.XSHE,豆粕ETF,SELL,1.883,9900.0,-18641.7,2024-12-02 09:34:00,2024-12-02
HS300_综合_v10,,588180.XSHG,科创50基,BUY,0.653,29000.0,18937.0,2024-12-02 09:34:00,2024-12-02
HS300_综合_v10,,002007.XSHE,华兰生物,BUY,16.92,700.0,11844.0,2024-12-03 09:34:00,2024-12-03
HS300_综合_v10,,300957.XSHE,贝泰妮,BUY,49.81,200.0,9962.0,2024-12-03 09:34:00,2024-12-03
HS300_综合_v10,,600732.XSHG,爱旭股份,BUY,15.85,800.0,12680.0,2024-12-03 09:34:00,2024-12-03
HS300_综合_v10,,002603.XSHE,以岭药业,BUY,17.24,700.0,12068.0,2024-12-03 09:34:00,2024-12-03
HS300_综合_v10,,603899.XSHG,晨光股份,BUY,32.59,400.0,13036.0,2024-12-03 09:34:00,2024-12-03
HS300_综合_v10,,588180.XSHG,科创50基,SELL,0.656,29000.0,-19024.0,2024-12-04 09:34:00,2024-12-04
HS300_综合_v10,,513520.XSHG,日经ETF,BUY,1.466,13100.0,19204.6,2024-12-04 09:34:00,2024-12-04
HS300_综合_v10,,600732.XSHG,爱旭股份,SELL,14.43,800.0,-11544.0,2024-12-06 09:40:00,2024-12-06
HS300_综合_v10,,000301.XSHE,东方盛虹,BUY,9.44,1300.0,12272.0,2024-12-09 09:34:00,2024-12-09
HS300_综合_v10,,513520.XSHG,日经ETF,SELL,1.439,13100.0,-18850.9,2024-12-13 09:34:00,2024-12-13
HS300_综合_v10,,513030.XSHG,德国ETF,BUY,1.477,13000.0,19201.0,2024-12-13 09:34:00,2024-12-13
HS300_综合_v10,,002007.XSHE,华兰生物,SELL,17.0,700.0,-11900.0,2024-12-18 09:34:00,2024-12-18
HS300_综合_v10,,300957.XSHE,贝泰妮,SELL,46.87,200.0,-9374.0,2024-12-18 09:34:00,2024-12-18
HS300_综合_v10,,002603.XSHE,以岭药业,SELL,16.32,700.0,-11424.0,2024-12-18 09:34:00,2024-12-18
HS300_综合_v10,,000301.XSHE,东方盛虹,SELL,8.95,1300.0,-11635.0,2024-12-18 09:34:00,2024-12-18
HS300_综合_v10,,603899.XSHG,晨光股份,SELL,32.09,400.0,-12836.0,2024-12-19 09:34:00,2024-12-19
HS300_综合_v10,,002007.XSHE,华兰生物,BUY,17.84,600.0,10704.0,2024-12-26 09:34:00,2024-12-26
HS300_综合_v10,,600460.XSHG,士兰微,BUY,28.19,400.0,11276.0,2024-12-26 09:34:00,2024-12-26
HS300_综合_v10,,600332.XSHG,白云山,BUY,28.93,400.0,11572.0,2024-12-26 09:34:00,2024-12-26
HS300_综合_v10,,002180.XSHE,纳思达,BUY,29.27,400.0,11708.0,2024-12-26 09:34:00,2024-12-26
HS300_综合_v10,,513500.XSHG,标普500,SELL,2.191,8700.0,-19061.7,2024-12-27 09:34:00,2024-12-27
HS300_综合_v10,,159920.XSHE,恒生ETF,BUY,1.25,15400.0,19250.0,2024-12-27 09:34:00,2024-12-27
HS300_综合_v10,,000157.XSHE,中联重科,BUY,7.24,1700.0,12308.0,2024-12-27 09:34:00,2024-12-27
HS300_综合_v10,,600460.XSHG,士兰微,SELL,25.66,400.0,-10264.0,2025-01-02 09:40:00,2025-01-02
HS300_综合_v10,,002007.XSHE,华兰生物,SELL,16.38,600.0,-9828.0,2025-01-02 14:00:00,2025-01-02
HS300_综合_v10,,002180.XSHE,纳思达,SELL,26.71,400.0,-10684.0,2025-01-02 14:00:00,2025-01-02
HS300_综合_v10,,513030.XSHG,德国ETF,SELL,1.439,13000.0,-18707.0,2025-01-03 09:34:00,2025-01-03
HS300_综合_v10,,513520.XSHG,日经ETF,BUY,1.492,12700.0,18948.4,2025-01-03 09:34:00,2025-01-03
HS300_综合_v10,,600332.XSHG,白云山,SELL,27.63,400.0,-11052.0,2025-01-03 09:34:00,2025-01-03
HS300_综合_v10,,000157.XSHE,中联重科,SELL,7.01,1700.0,-11917.0,2025-01-03 09:34:00,2025-01-03
HS300_综合_v10,,159920.XSHE,恒生ETF,SELL,1.201,15400.0,-18495.4,2025-01-09 09:34:00,2025-01-09
HS300_综合_v10,,518880.XSHG,黄金ETF,BUY,6.043,3100.0,18733.3,2025-01-09 09:34:00,2025-01-09
HS300_综合_v10,,513520.XSHG,日经ETF,SELL,1.462,12700.0,-18567.4,2025-01-14 09:34:00,2025-01-14
HS300_综合_v10,,159981.XSHE,能源化工ETF,BUY,1.479,12600.0,18635.4,2025-01-14 09:34:00,2025-01-14
HS300_综合_v10,,300450.XSHE,先导智能,BUY,19.54,500.0,9770.0,2025-01-15 09:34:00,2025-01-15
HS300_综合_v10,,002812.XSHE,恩捷股份,BUY,32.31,300.0,9693.0,2025-01-15 09:34:00,2025-01-15
HS300_综合_v10,,002271.XSHE,东方雨虹,BUY,12.64,900.0,11376.0,2025-01-15 09:34:00,2025-01-15
HS300_综合_v10,,603659.XSHG,璞泰来,BUY,15.38,700.0,10766.0,2025-01-15 09:34:00,2025-01-15
HS300_综合_v10,,002074.XSHE,国轩高科,BUY,21.0,500.0,10500.0,2025-01-15 09:34:00,2025-01-15
HS300_综合_v10,,159941.XSHE,纳指ETF,SELL,1.233,16400.0,-20221.2,2025-01-17 09:34:00,2025-01-17
HS300_综合_v10,,159985.XSHE,豆粕ETF,BUY,1.878,10000.0,18780.0,2025-01-17 09:34:00,2025-01-17
HS300_综合_v10,,518880.XSHG,黄金ETF,SELL,6.086,3100.0,-18866.6,2025-01-20 09:34:00,2025-01-20
HS300_综合_v10,,159981.XSHE,能源化工ETF,SELL,1.472,12600.0,-18547.2,2025-01-21 09:34:00,2025-01-21
HS300_综合_v10,,513520.XSHG,日经ETF,BUY,1.512,12400.0,18748.8,2025-01-21 09:34:00,2025-01-21
HS300_综合_v10,,513030.XSHG,德国ETF,BUY,1.704,11000.0,18744.0,2025-01-21 09:34:00,2025-01-21
HS300_综合_v10,,002812.XSHE,恩捷股份,SELL,29.66,300.0,-8898.0,2025-01-22 09:40:00,2025-01-22
HS300_综合_v10,,518880.XSHG,黄金ETF,BUY,6.197,400.0,2478.8,2025-01-23 09:34:00,2025-01-23
HS300_综合_v10,,000157.XSHE,中联重科,BUY,7.14,1500.0,10710.0,2025-01-23 09:34:00,2025-01-23
HS300_综合_v10,,518880.XSHG,黄金ETF,SELL,6.197,400.0,-2478.8,2025-01-24 09:34:00,2025-01-24
HS300_综合_v10,,513520.XSHG,日经ETF,SELL,1.478,12400.0,-18327.2,2025-02-05 09:34:00,2025-02-05
HS300_综合_v10,,518880.XSHG,黄金ETF,BUY,6.401,2900.0,18562.9,2025-02-05 09:34:00,2025-02-05
HS300_综合_v10,,159985.XSHE,豆粕ETF,SELL,1.936,10000.0,-19360.0,2025-02-18 09:34:00,2025-02-18
HS300_综合_v10,,159920.XSHE,恒生ETF,BUY,1.402,13300.0,18646.6,2025-02-18 09:34:00,2025-02-18
HS300_综合_v10,,513030.XSHG,德国ETF,SELL,1.711,11000.0,-18821.0,2025-02-21 09:34:00,2025-02-21
HS300_综合_v10,,159915.XSHE,创业板ETF,BUY,2.197,8600.0,18894.2,2025-02-21 09:34:00,2025-02-21
HS300_综合_v10,,518880.XSHG,黄金ETF,SELL,6.553,2900.0,-19003.7,2025-02-24 09:34:00,2025-02-24
HS300_综合_v10,,510500.XSHG,500ETF,BUY,6.032,3100.0,18699.2,2025-02-24 09:34:00,2025-02-24
HS300_综合_v10,,510500.XSHG,500ETF,SELL,5.978,3100.0,-18531.8,2025-02-26 09:34:00,2025-02-26
HS300_综合_v10,,588180.XSHG,科创50基,BUY,0.711,26700.0,18983.7,2025-02-26 09:34:00,2025-02-26
HS300_综合_v10,,300450.XSHE,先导智能,SELL,23.59,500.0,-11795.0,2025-03-03 09:34:00,2025-03-03
HS300_综合_v10,,603659.XSHG,璞泰来,SELL,17.03,700.0,-11921.0,2025-03-05 09:34:00,2025-03-05
HS300_综合_v10,,159915.XSHE,创业板ETF,SELL,2.162,8600.0,-18593.2,2025-03-06 09:34:00,2025-03-06
HS300_综合_v10,,510500.XSHG,500ETF,BUY,5.999,3100.0,18596.9,2025-03-06 09:34:00,2025-03-06
HS300_综合_v10,,002074.XSHE,国轩高科,SELL,23.3,500.0,-11650.0,2025-03-06 09:34:00,2025-03-06
HS300_综合_v10,,000708.XSHE,中信特钢,BUY,12.35,1000.0,12350.0,2025-03-10 09:34:00,2025-03-10
HS300_综合_v10,,000408.XSHE,藏格矿业,BUY,33.09,300.0,9927.0,2025-03-10 09:34:00,2025-03-10
HS300_综合_v10,,000301.XSHE,东方盛虹,BUY,9.63,1300.0,12519.0,2025-03-10 09:34:00,2025-03-10
HS300_综合_v10,,510500.XSHG,500ETF,SELL,6.114,3100.0,-18953.4,2025-03-18 09:34:00,2025-03-18
HS300_综合_v10,,513030.XSHG,德国ETF,BUY,1.771,10900.0,19303.9,2025-03-18 09:34:00,2025-03-18
HS300_综合_v10,,000301.XSHE,东方盛虹,SELL,8.89,1300.0,-11557.0,2025-03-19 14:00:00,2025-03-19
HS300_综合_v10,,588180.XSHG,科创50基,SELL,0.675,26700.0,-18022.5,2025-03-24 09:34:00,2025-03-24
HS300_综合_v10,,159980.XSHE,有色ETF,BUY,1.743,10900.0,18998.7,2025-03-24 09:34:00,2025-03-24
HS300_综合_v10,,000661.XSHE,长春高新,BUY,100.72,100.0,10072.0,2025-03-24 09:34:00,2025-03-24
HS300_综合_v10,,002271.XSHE,东方雨虹,SELL,13.5,900.0,-12150.0,2025-03-26 09:34:00,2025-03-26
HS300_综合_v10,,000157.XSHE,中联重科,SELL,7.78,1500.0,-11670.0,2025-03-26 09:34:00,2025-03-26
HS300_综合_v10,,000408.XSHE,藏格矿业,SELL,36.57,300.0,-10971.0,2025-03-26 09:34:00,2025-03-26
HS300_综合_v10,,000661.XSHE,长春高新,SELL,99.63,100.0,-9963.0,2025-03-26 09:34:00,2025-03-26
HS300_综合_v10,,159920.XSHE,恒生ETF,SELL,1.467,13300.0,-19511.1,2025-03-28 09:34:00,2025-03-28
HS300_综合_v10,,518880.XSHG,黄金ETF,BUY,6.91,2700.0,18657.0,2025-03-28 09:34:00,2025-03-28
HS300_综合_v10,,000708.XSHE,中信特钢,SELL,12.6,1000.0,-12600.0,2025-03-28 09:34:00,2025-03-28
HS300_综合_v10,,513030.XSHG,德国ETF,SELL,1.619,10900.0,-17647.1,2025-04-10 09:34:00,2025-04-10
HS300_综合_v10,,159985.XSHE,豆粕ETF,BUY,1.993,9000.0,17937.0,2025-04-10 09:34:00,2025-04-10
HS300_综合_v10,,002007.XSHE,华兰生物,BUY,17.03,700.0,11921.0,2025-04-10 09:34:00,2025-04-10
HS300_综合_v10,,600515.XSHG,海南机场,BUY,3.72,3400.0,12648.0,2025-04-10 09:34:00,2025-04-10
HS300_综合_v10,,300759.XSHE,康龙化成,BUY,23.0,500.0,11500.0,2025-04-10 09:34:00,2025-04-10
HS300_综合_v10,,000800.XSHE,一汽解放,BUY,7.49,1600.0,11984.0,2025-04-10 09:34:00,2025-04-10
HS300_综合_v10,,000661.XSHE,长春高新,BUY,98.28,100.0,9828.0,2025-04-10 09:34:00,2025-04-10
HS300_综合_v10,,159980.XSHE,有色ETF,SELL,1.638,10900.0,-17854.2,2025-04-17 09:34:00,2025-04-17
HS300_综合_v10,,159941.XSHE,纳指ETF,BUY,1.041,17700.0,18425.7,2025-04-17 09:34:00,2025-04-17
HS300_综合_v10,,000661.XSHE,长春高新,SELL,84.48,100.0,-8448.0,2025-04-21 09:40:00,2025-04-21
HS300_综合_v10,,000157.XSHE,中联重科,BUY,7.52,1600.0,12032.0,2025-04-22 09:34:00,2025-04-22
HS300_综合_v10,,159941.XSHE,纳指ETF,SELL,1.059,17700.0,-18744.3,2025-04-23 09:34:00,2025-04-23
HS300_综合_v10,,513520.XSHG,日经ETF,BUY,1.409,13200.0,18598.8,2025-04-23 09:34:00,2025-04-23
HS300_综合_v10,,513520.XSHG,日经ETF,SELL,1.436,13200.0,-18955.2,2025-05-07 09:34:00,2025-05-07
HS300_综合_v10,,513030.XSHG,德国ETF,BUY,1.837,10000.0,18370.0,2025-05-07 09:34:00,2025-05-07
HS300_综合_v10,,159985.XSHE,豆粕ETF,SELL,1.912,9000.0,-17208.0,2025-05-08 09:34:00,2025-05-08
HS300_综合_v10,,513520.XSHG,日经ETF,BUY,1.444,12800.0,18483.2,2025-05-08 09:34:00,2025-05-08
HS300_综合_v10,,518880.XSHG,黄金ETF,SELL,7.154,2700.0,-19315.8,2025-05-15 09:34:00,2025-05-15
HS300_综合_v10,,159941.XSHE,纳指ETF,BUY,1.182,15300.0,18084.6,2025-05-15 09:34:00,2025-05-15
HS300_综合_v10,,513520.XSHG,日经ETF,SELL,1.448,12800.0,-18534.4,2025-05-20 09:34:00,2025-05-20
HS300_综合_v10,,513500.XSHG,标普500,BUY,2.029,9000.0,18261.0,2025-05-20 09:34:00,2025-05-20
HS300_综合_v10,,513500.XSHG,标普500,SELL,2.016,9000.0,-18144.0,2025-05-21 09:34:00,2025-05-21
HS300_综合_v10,,159920.XSHE,恒生ETF,BUY,1.463,12400.0,18141.2,2025-05-21 09:34:00,2025-05-21
HS300_综合_v10,,002007.XSHE,华兰生物,SELL,15.81,700.0,-11067.0,2025-05-26 14:00:00,2025-05-26
HS300_综合_v10,,600515.XSHG,海南机场,SELL,3.43,3400.0,-11662.0,2025-05-26 14:00:00,2025-05-26
HS300_综合_v10,,159920.XSHE,恒生ETF,SELL,1.424,12400.0,-17657.6,2025-05-27 09:34:00,2025-05-27
HS300_综合_v10,,513500.XSHG,标普500,BUY,1.99,9000.0,17910.0,2025-05-27 09:34:00,2025-05-27
HS300_综合_v10,,300759.XSHE,康龙化成,SELL,22.64,500.0,-11320.0,2025-05-27 09:34:00,2025-05-27
HS300_综合_v10,,000800.XSHE,一汽解放,SELL,7.17,1600.0,-11472.0,2025-05-27 09:34:00,2025-05-27
HS300_综合_v10,,000157.XSHE,中联重科,SELL,7.17,1600.0,-11472.0,2025-05-27 09:34:00,2025-05-27
HS300_综合_v10,,002555.XSHE,三七互娱,BUY,14.93,700.0,10451.0,2025-06-06 09:34:00,2025-06-06
HS300_综合_v10,,002007.XSHE,华兰生物,BUY,16.28,700.0,11396.0,2025-06-06 09:34:00,2025-06-06
HS300_综合_v10,,002180.XSHE,纳思达,BUY,22.66,500.0,11330.0,2025-06-06 09:34:00,2025-06-06
HS300_综合_v10,,600161.XSHG,天坛生物,BUY,19.83,500.0,9915.0,2025-06-06 09:34:00,2025-06-06
HS300_综合_v10,,002601.XSHE,龙佰集团,BUY,16.5,700.0,11550.0,2025-06-06 09:34:00,2025-06-06
HS300_综合_v10,,513030.XSHG,德国ETF,SELL,1.858,10000.0,-18580.0,2025-06-11 09:34:00,2025-06-11
HS300_综合_v10,,159920.XSHE,恒生ETF,BUY,1.492,12100.0,18053.2,2025-06-11 09:34:00,2025-06-11
HS300_综合_v10,,159941.XSHE,纳指ETF,SELL,1.18,15300.0,-18054.0,2025-06-18 09:34:00,2025-06-18
HS300_综合_v10,,159985.XSHE,豆粕ETF,BUY,1.998,9000.0,17982.0,2025-06-18 09:34:00,2025-06-18
HS300_综合_v10,,159920.XSHE,恒生ETF,SELL,1.43,12100.0,-17303.0,2025-06-20 09:34:00,2025-06-20
HS300_综合_v10,,513520.XSHG,日经ETF,BUY,1.471,12100.0,17799.1,2025-06-20 09:34:00,2025-06-20
HS300_综合_v10,,002007.XSHE,华兰生物,SELL,15.48,700.0,-10836.0,2025-06-20 09:34:00,2025-06-20
HS300_综合_v10,,002180.XSHE,纳思达,SELL,21.66,500.0,-10830.0,2025-06-20 09:34:00,2025-06-20
HS300_综合_v10,,600161.XSHG,天坛生物,SELL,19.06,500.0,-9530.0,2025-06-20 09:34:00,2025-06-20
HS300_综合_v10,,002601.XSHE,龙佰集团,SELL,16.06,700.0,-11242.0,2025-06-20 09:34:00,2025-06-20
HS300_综合_v10,,513500.XSHG,标普500,SELL,2.016,9000.0,-18144.0,2025-06-23 09:34:00,2025-06-23
HS300_综合_v10,,518880.XSHG,黄金ETF,BUY,7.468,2300.0,17176.4,2025-06-23 09:34:00,2025-06-23
HS300_综合_v10,,513520.XSHG,日经ETF,SELL,1.483,12100.0,-17944.3,2025-06-25 09:34:00,2025-06-25
HS300_综合_v10,,159981.XSHE,能源化工ETF,BUY,1.339,13200.0,17674.8,2025-06-25 09:34:00,2025-06-25
HS300_综合_v10,,000157.XSHE,中联重科,BUY,7.19,1600.0,11504.0,2025-06-25 09:34:00,2025-06-25
HS300_综合_v10,,000166.XSHE,申万宏源,BUY,4.99,2300.0,11477.0,2025-06-25 09:34:00,2025-06-25
HS300_综合_v10,,000408.XSHE,藏格矿业,BUY,42.36,200.0,8472.0,2025-06-25 09:34:00,2025-06-25
HS300_综合_v10,,000338.XSHE,潍柴动力,BUY,15.81,700.0,11067.0,2025-06-25 09:34:00,2025-06-25
HS300_综合_v10,,518880.XSHG,黄金ETF,SELL,7.379,2300.0,-16971.7,2025-06-26 09:34:00,2025-06-26
HS300_综合_v10,,513500.XSHG,标普500,BUY,2.066,8500.0,17561.0,2025-06-26 09:34:00,2025-06-26
HS300_综合_v10,,513500.XSHG,标普500,SELL,2.081,8500.0,-17688.5,2025-06-27 09:34:00,2025-06-27
HS300_综合_v10,,513520.XSHG,日经ETF,BUY,1.545,11300.0,17458.5,2025-06-27 09:34:00,2025-06-27
HS300_综合_v10,,159985.XSHE,豆粕ETF,SELL,1.922,9000.0,-17298.0,2025-06-30 09:34:00,2025-06-30
HS300_综合_v10,,513500.XSHG,标普500,BUY,2.102,8400.0,17656.8,2025-06-30 09:34:00,2025-06-30
HS300_综合_v10,,513520.XSHG,日经ETF,SELL,1.528,11300.0,-17266.4,2025-07-02 09:34:00,2025-07-02
HS300_综合_v10,,159915.XSHE,创业板ETF,BUY,2.118,8200.0,17367.6,2025-07-02 09:34:00,2025-07-02
HS300_综合_v10,,159981.XSHE,能源化工ETF,SELL,1.329,13200.0,-17542.8,2025-07-07 09:34:00,2025-07-07
HS300_综合_v10,,513520.XSHG,日经ETF,BUY,1.52,11500.0,17480.0,2025-07-07 09:34:00,2025-07-07
HS300_综合_v10,,513520.XSHG,日经ETF,SELL,1.504,11500.0,-17296.0,2025-07-11 09:34:00,2025-07-11
HS300_综合_v10,,159941.XSHE,纳指ETF,BUY,1.23,14300.0,17589.0,2025-07-11 09:34:00,2025-07-11
HS300_综合_v10,,002555.XSHE,三七互娱,SELL,16.82,700.0,-11774.0,2025-07-14 09:40:00,2025-07-14
HS300_综合_v10,,159941.XSHE,纳指ETF,SELL,1.227,14300.0,-17546.1,2025-07-15 09:34:00,2025-07-15
HS300_综合_v10,,510300.XSHG,300ETF,BUY,4.097,4300.0,17617.1,2025-07-15 09:34:00,2025-07-15
HS300_综合_v10,,000002.XSHE,万科A,BUY,6.62,1800.0,11916.0,2025-07-15 09:34:00,2025-07-15
HS300_综合_v10,,510300.XSHG,300ETF,SELL,4.073,4300.0,-17513.9,2025-07-16 09:34:00,2025-07-16
HS300_综合_v10,,159941.XSHE,纳指ETF,BUY,1.235,14300.0,17660.5,2025-07-16 09:34:00,2025-07-16
HS300_综合_v10,,159941.XSHE,纳指ETF,SELL,1.246,14300.0,-17817.8,2025-07-18 09:34:00,2025-07-18
HS300_综合_v10,,513500.XSHG,标普500,SELL,2.141,8400.0,-17984.4,2025-07-18 09:34:00,2025-07-18
HS300_综合_v10,,510300.XSHG,300ETF,BUY,4.122,4300.0,17724.6,2025-07-18 09:34:00,2025-07-18
HS300_综合_v10,,510500.XSHG,500ETF,BUY,6.173,2900.0,17901.7,2025-07-18 09:34:00,2025-07-18
HS300_综合_v10,,000157.XSHE,中联重科,SELL,7.95,1600.0,-12720.0,2025-07-23 14:00:00,2025-07-23
HS300_综合_v10,,000301.XSHE,东方盛虹,BUY,9.07,1300.0,11791.0,2025-07-24 09:34:00,2025-07-24
HS300_综合_v10,,510300.XSHG,300ETF,SELL,4.153,4300.0,-17857.9,2025-08-05 09:34:00,2025-08-05
HS300_综合_v10,,588180.XSHG,科创50基,BUY,0.679,26900.0,18265.1,2025-08-05 09:34:00,2025-08-05
HS300_综合_v10,,000166.XSHE,申万宏源,SELL,5.31,2300.0,-12213.0,2025-08-05 09:34:00,2025-08-05
HS300_综合_v10,,000338.XSHE,潍柴动力,SELL,15.22,700.0,-10654.0,2025-08-05 09:34:00,2025-08-05
HS300_综合_v10,,000002.XSHE,万科A,SELL,6.39,1800.0,-11502.0,2025-08-05 09:34:00,2025-08-05
HS300_综合_v10,,000301.XSHE,东方盛虹,SELL,8.83,1300.0,-11479.0,2025-08-05 09:34:00,2025-08-05
HS300_综合_v10,,000807.XSHE,云铝股份,BUY,16.65,700.0,11655.0,2025-08-12 09:34:00,2025-08-12
HS300_综合_v10,,000661.XSHE,长春高新,BUY,105.03,100.0,10503.0,2025-08-12 09:34:00,2025-08-12
HS300_综合_v10,,000975.XSHE,山金国际,BUY,18.51,600.0,11106.0,2025-08-12 09:34:00,2025-08-12
HS300_综合_v10,,000938.XSHE,紫光股份,BUY,24.67,400.0,9868.0,2025-08-12 09:34:00,2025-08-12
HS300_综合_v10,,000938.XSHE,紫光股份,SELL,27.4,400.0,-10960.0,2025-09-02 14:00:00,2025-09-02
HS300_综合_v10,,000063.XSHE,中兴通讯,BUY,44.16,300.0,13248.0,2025-09-03 09:34:00,2025-09-03
HS300_综合_v10,,000661.XSHE,长春高新,SELL,124.52,100.0,-12452.0,2025-09-03 09:40:00,2025-09-03
HS300_综合_v10,,000301.XSHE,东方盛虹,BUY,9.68,1400.0,13552.0,2025-09-04 09:34:00,2025-09-04
HS300_综合_v10,,000063.XSHE,中兴通讯,SELL,40.97,300.0,-12291.0,2025-09-04 14:00:00,2025-09-04
HS300_综合_v10,,000425.XSHE,徐工机械,BUY,9.85,1300.0,12805.0,2025-09-05 09:34:00,2025-09-05
HS300_综合_v10,,000807.XSHE,云铝股份,SELL,18.82,700.0,-13174.0,2025-09-09 09:34:00,2025-09-09
HS300_综合_v10,,000425.XSHE,徐工机械,SELL,9.84,1300.0,-12792.0,2025-09-11 09:34:00,2025-09-11
HS300_综合_v10,,000538.XSHE,云南白药,BUY,59.84,200.0,11968.0,2025-09-12 09:34:00,2025-09-12
HS300_综合_v10,,000002.XSHE,万科A,BUY,6.96,1900.0,13224.0,2025-09-15 09:34:00,2025-09-15
HS300_综合_v10,,510500.XSHG,500ETF,SELL,7.248,2900.0,-21019.2,2025-09-22 09:34:00,2025-09-22
HS300_综合_v10,,518880.XSHG,黄金ETF,BUY,8.018,2700.0,21648.6,2025-09-22 09:34:00,2025-09-22
HS300_综合_v10,,000002.XSHE,万科A,SELL,6.46,1900.0,-12274.0,2025-10-15 14:00:00,2025-10-15
HS300_综合_v10,,159915.XSHE,创业板ETF,SELL,2.989,8200.0,-24509.8,2025-10-16 09:34:00,2025-10-16
HS300_综合_v10,,513520.XSHG,日经ETF,BUY,1.782,13400.0,23878.8,2025-10-16 09:34:00,2025-10-16
HS300_综合_v10,,000408.XSHE,藏格矿业,SELL,58.49,200.0,-11698.0,2025-10-16 09:34:00,2025-10-16
HS300_综合_v10,,000975.XSHE,山金国际,SELL,24.36,600.0,-14616.0,2025-10-16 09:34:00,2025-10-16
HS300_综合_v10,,000301.XSHE,东方盛虹,SELL,9.48,1400.0,-13272.0,2025-10-16 09:34:00,2025-10-16
HS300_综合_v10,,000538.XSHE,云南白药,SELL,57.34,200.0,-11468.0,2025-10-16 09:34:00,2025-10-16
HS300_综合_v10,,588180.XSHG,科创50基,SELL,0.917,26900.0,-24667.3,2025-10-24 09:34:00,2025-10-24
HS300_综合_v10,,159941.XSHE,纳指ETF,BUY,1.424,17000.0,24208.0,2025-10-24 09:34:00,2025-10-24
HS300_综合_v10,,603833.XSHG,欧派家居,BUY,53.22,200.0,10644.0,2025-10-27 09:34:00,2025-10-27
HS300_综合_v10,,601117.XSHG,中国化学,BUY,7.65,1700.0,13005.0,2025-10-27 09:34:00,2025-10-27
HS300_综合_v10,,600219.XSHG,南山铝业,BUY,4.18,3200.0,13376.0,2025-10-27 09:34:00,2025-10-27
HS300_综合_v10,,601699.XSHG,潞安环能,BUY,14.58,900.0,13122.0,2025-10-27 09:34:00,2025-10-27
HS300_综合_v10,,600332.XSHG,白云山,BUY,25.64,500.0,12820.0,2025-10-27 09:34:00,2025-10-27
HS300_综合_v10,,600219.XSHG,南山铝业,SELL,4.69,3200.0,-15008.0,2025-10-30 09:40:00,2025-10-30
HS300_综合_v10,,000333.XSHE,美的集团,BUY,75.83,100.0,7583.0,2025-10-31 09:34:00,2025-10-31
HS300_综合_v10,,518880.XSHG,黄金ETF,SELL,8.656,2700.0,-23371.2,2025-11-05 09:34:00,2025-11-05
HS300_综合_v10,,513500.XSHG,标普500,BUY,2.363,9900.0,23393.7,2025-11-05 09:34:00,2025-11-05
HS300_综合_v10,,603833.XSHG,欧派家居,SELL,51.52,200.0,-10304.0,2025-11-06 09:34:00,2025-11-06
HS300_综合_v10,,000157.XSHE,中联重科,BUY,8.51,1600.0,13616.0,2025-11-11 09:34:00,2025-11-11
HS300_综合_v10,,601699.XSHG,潞安环能,SELL,14.89,900.0,-13401.0,2025-11-13 09:34:00,2025-11-13
HS300_综合_v10,,000157.XSHE,中联重科,SELL,8.3,1600.0,-13280.0,2025-11-13 09:34:00,2025-11-13
HS300_综合_v10,,000157.XSHE,中联重科,BUY,8.33,1700.0,14161.0,2025-11-14 09:34:00,2025-11-14
HS300_综合_v10,,000301.XSHE,东方盛虹,BUY,10.17,1400.0,14238.0,2025-11-14 09:34:00,2025-11-14
HS300_综合_v10,,601117.XSHG,中国化学,SELL,7.92,1700.0,-13464.0,2025-11-17 09:34:00,2025-11-17
HS300_综合_v10,,600332.XSHG,白云山,SELL,26.86,500.0,-13430.0,2025-11-17 09:34:00,2025-11-17
HS300_综合_v10,,000157.XSHE,中联重科,SELL,8.2,1700.0,-13940.0,2025-11-17 09:34:00,2025-11-17
HS300_综合_v10,,000333.XSHE,美的集团,SELL,77.43,100.0,-7743.0,2025-11-19 09:34:00,2025-11-19
HS300_综合_v10,,000301.XSHE,东方盛虹,SELL,10.09,1400.0,-14126.0,2025-11-20 09:34:00,2025-11-20
HS300_综合_v10,,513520.XSHG,日经ETF,SELL,1.8,13400.0,-24120.0,2025-11-21 09:34:00,2025-11-21
HS300_综合_v10,,159985.XSHE,豆粕ETF,BUY,2.008,11500.0,23092.0,2025-11-21 09:34:00,2025-11-21
HS300_综合_v10,,159941.XSHE,纳指ETF,SELL,1.431,17000.0,-24327.0,2025-11-26 09:34:00,2025-11-26
HS300_综合_v10,,159980.XSHE,有色ETF,BUY,1.808,13100.0,23684.8,2025-11-26 09:34:00,2025-11-26
HS300_综合_v10,,601799.XSHG,星宇股份,BUY,123.26,100.0,12326.0,2025-11-27 09:34:00,2025-11-27
HS300_综合_v10,,603833.XSHG,欧派家居,BUY,53.21,200.0,10642.0,2025-11-27 09:34:00,2025-11-27
HS300_综合_v10,,300782.XSHE,卓胜微,BUY,69.97,200.0,13994.0,2025-11-27 09:34:00,2025-11-27
HS300_综合_v10,,000800.XSHE,一汽解放,BUY,7.06,1900.0,13414.0,2025-11-27 09:34:00,2025-11-27
HS300_综合_v10,,601236.XSHG,红塔证券,BUY,8.54,1600.0,13664.0,2025-11-27 09:34:00,2025-11-27
HS300_综合_v10,,159980.XSHE,有色ETF,SELL,1.85,13100.0,-24235.0,2025-12-01 09:34:00,2025-12-01
HS300_综合_v10,,518880.XSHG,黄金ETF,BUY,9.177,2600.0,23860.2,2025-12-01 09:34:00,2025-12-01
HS300_综合_v10,,513500.XSHG,标普500,SELL,2.472,9900.0,-24472.8,2025-12-04 09:34:00,2025-12-04
HS300_综合_v10,,159985.XSHE,豆粕ETF,SELL,1.964,11500.0,-22586.0,2025-12-04 09:34:00,2025-12-04
HS300_综合_v10,,518880.XSHG,黄金ETF,SELL,9.107,2600.0,-23678.2,2025-12-04 09:34:00,2025-12-04
HS300_综合_v10,,601799.XSHG,星宇股份,SELL,124.37,100.0,-12437.0,2025-12-04 09:34:00,2025-12-04
HS300_综合_v10,,603833.XSHG,欧派家居,SELL,54.03,200.0,-10806.0,2025-12-04 09:34:00,2025-12-04
HS300_综合_v10,,300782.XSHE,卓胜微,SELL,69.15,200.0,-13830.0,2025-12-04 09:34:00,2025-12-04
HS300_综合_v10,,000800.XSHE,一汽解放,SELL,7.12,1900.0,-13528.0,2025-12-04 09:34:00,2025-12-04
HS300_综合_v10,,601236.XSHG,红塔证券,SELL,8.41,1600.0,-13456.0,2025-12-04 09:34:00,2025-12-04
HS300_综合_v10,,518880.XSHG,黄金ETF,BUY,9.077,1000.0,9077.0,2025-12-09 09:34:00,2025-12-09
HS300_综合_v10,,159980.XSHE,有色ETF,BUY,1.906,4900.0,9339.4,2025-12-09 09:34:00,2025-12-09
HS300_综合_v10,,159985.XSHE,豆粕ETF,BUY,1.942,4800.0,9321.6,2025-12-09 09:34:00,2025-12-09
HS300_综合_v10,,159985,豆粕ETF,SELL,1.935,8100.0,15673.5,2025-12-10 09:33:00,2025-12-10
HS300_综合_v10,,513500,标普500,BUY,2.429,6400.0,15545.599999999999,2025-12-10 09:33:00,2025-12-10
HS300_综合_v10,,600460,士兰微,BUY,28.36,300.0,8508.0,2025-12-10 09:34:00,2025-12-10
HS300_综合_v10,,300316,晶盛机电,BUY,36.0,200.0,7200.0,2025-12-10 09:34:00,2025-12-10
HS300_综合_v10,,601058,赛轮轮胎,BUY,17.73,500.0,8865.0,2025-12-10 09:34:00,2025-12-10
HS300_综合_v10,,300628,亿联网络,BUY,34.89,200.0,6978.0,2025-12-10 09:34:00,2025-12-10
HS300_综合_v10,,000157,中联重科,BUY,8.66,1100.0,9526.0,2025-12-11 09:34:00,2025-12-11
HS300_综合_v10,,600460,士兰微,SELL,27.3,300.0,8190.0,2025-12-17 09:34:00,2025-12-17
HS300_综合_v10,,300316,晶盛机电,SELL,33.65,200.0,6730.0,2025-12-17 09:34:00,2025-12-17
HS300_综合_v10,,601058,赛轮轮胎,SELL,17.38,500.0,8690.0,2025-12-17 09:34:00,2025-12-17
HS300_综合_v10,,000157,中联重科,SELL,8.35,1100.0,9185.0,2025-12-17 09:34:00,2025-12-17
HS300_综合_v10,,513500,标普500,SELL,2.438,6400.0,15603.2,2025-12-19 09:33:00,2025-12-19
HS300_综合_v10,,159915,创业板ETF,BUY,3.114,5100.0,15881.4,2025-12-19 09:33:00,2025-12-19
HS300_综合_v10,,000786,北新建材,BUY,24.97,300.0,7491.0,2025-12-23 09:34:00,2025-12-23
HS300_综合_v10,,000301,东方盛虹,BUY,10.38,800.0,8304.0,2025-12-23 09:34:00,2025-12-23
HS300_综合_v10,,000768,中航西飞,BUY,24.55,300.0,7365.0,2025-12-23 09:34:00,2025-12-23
HS300_综合_v10,,000975,山金国际,BUY,25.1,300.0,7530.0,2025-12-23 09:34:00,2025-12-23
HS300_综合_v10,,518880,黄金ETF,SELL,9.415,1700.0,16005.499999999998,2026-01-05 09:33:00,2026-01-05
HS300_综合_v10,,510500,500ETF,BUY,7.661,2100.0,16088.099999999999,2026-01-05 09:33:00,2026-01-05
HS300_综合_v10,,000768,中航西飞,SELL,28.3,300.0,8490.0,2026-01-07 09:40:00,2026-01-07
HS300_综合_v10,,000157,中联重科,BUY,8.56,1100.0,9416.0,2026-01-08 09:34:00,2026-01-08
HS300_综合_v10,,159915,创业板ETF易方达,SELL,3.329,5100.0,16977.9,2026-01-14 09:33:00,2026-01-14
HS300_综合_v10,,588180,科创50基,BUY,0.966,18000.0,17388.0,2026-01-14 09:33:00,2026-01-14
HS300_综合_v10,,300628,亿联网络,SELL,37.35,200.0,7470.0,2026-01-20 09:34:00,2026-01-20
HS300_综合_v10,,000786,北新建材,SELL,25.84,300.0,7752.0,2026-01-20 09:34:00,2026-01-20
HS300_综合_v10,,000157,中联重科,SELL,8.88,1100.0,9768.0,2026-01-26 09:34:00,2026-01-26
HS300_综合_v10,,159980,有色ETF大成,SELL,2.188,8300.0,18160.4,2026-01-29 09:33:00,2026-01-29
HS300_综合_v10,,518880,黄金ETF,BUY,11.865,1500.0,17797.5,2026-01-29 09:33:00,2026-01-29
HS300_综合_v10,,000002,万科A,BUY,5.04,2100.0,10584.0,2026-01-30 09:34:00,2026-01-30
HS300_综合_v10,,000157,中联重科,BUY,8.81,1200.0,10572.0,2026-01-30 09:34:00,2026-01-30
HS300_综合_v10,,000661,长春高新,BUY,97.77,100.0,9777.0,2026-01-30 09:34:00,2026-01-30
HS300_综合_v10,,000975,山金国际,SELL,35.16,300.0,10547.999999999998,2026-01-30 09:40:00,2026-01-30
HS300_综合_v10,,000157,中联重科,SELL,8.78,1200.0,10536.0,2026-02-02 09:34:00,2026-02-02
HS300_综合_v10,,000661,长春高新,SELL,90.39,100.0,9039.0,2026-02-02 09:34:00,2026-02-02
HS300_综合_v10,,000301,东方盛虹,SELL,12.44,800.0,9952.0,2026-02-03 09:34:00,2026-02-03
HS300_综合_v10,,000002,万科A,SELL,4.72,2100.0,9912.0,2026-02-03 09:34:00,2026-02-03
HS300_综合_v10,,300122,智飞生物,BUY,17.64,500.0,8820.0,2026-02-05 09:34:00,2026-02-05
HS300_综合_v10,,600161,天坛生物,BUY,16.49,600.0,9893.999999999998,2026-02-05 09:34:00,2026-02-05
HS300_综合_v10,,002459,晶澳科技,BUY,12.38,800.0,9904.0,2026-02-05 09:34:00,2026-02-05
HS300_综合_v10,,000876,新希望,BUY,8.71,1100.0,9581.000000000002,2026-02-05 09:34:00,2026-02-05
HS300_综合_v10,,601236,红塔证券,BUY,8.21,1200.0,9852.000000000002,2026-02-05 09:34:00,2026-02-05
HS300_综合_v10,,588180,科创50基,SELL,0.935,18000.0,16830.0,2026-02-09 09:33:00,2026-02-09
HS300_综合_v10,,513520,日经ETF,BUY,1.983,8400.0,16657.2,2026-02-09 09:33:00,2026-02-09
HS300_综合_v10,,510500,500ETF,SELL,8.6,2100.0,18060.0,2026-02-26 09:33:00,2026-02-26
HS300_综合_v10,,159985,豆粕ETF,BUY,2.029,8600.0,17449.399999999998,2026-02-26 09:33:00,2026-02-26
HS300_综合_v10,,300122,智飞生物,SELL,16.08,500.0,8039.999999999999,2026-03-03 14:00:00,2026-03-03
HS300_综合_v10,,000157,中联重科,BUY,9.53,1000.0,9530.0,2026-03-04 09:34:00,2026-03-04
HS300_综合_v10,,600161,天坛生物,SELL,15.55,600.0,9330.0,2026-03-05 09:34:00,2026-03-05
HS300_综合_v10,,002459,晶澳科技,SELL,11.91,800.0,9528.0,2026-03-05 09:34:00,2026-03-05
HS300_综合_v10,,601236,红塔证券,SELL,7.87,1200.0,9444.0,2026-03-05 09:34:00,2026-03-05
HS300_综合_v10,,000157,中联重科,SELL,9.77,1000.0,9770.0,2026-03-05 09:34:00,2026-03-05
HS300_综合_v10,,518880,黄金ETF,SELL,10.934,1500.0,16401.0,2026-03-10 09:33:00,2026-03-10
HS300_综合_v10,,159981,能源化工ETF建信,BUY,1.437,12100.0,17387.7,2026-03-10 09:33:00,2026-03-10
HS300_综合_v10,,000157,中联重科,BUY,9.57,1000.0,9570.0,2026-03-12 09:34:00,2026-03-12
HS300_综合_v10,,000708,中信特钢,BUY,17.41,500.0,8705.0,2026-03-12 09:34:00,2026-03-12
HS300_综合_v10,,000538,云南白药,BUY,56.62,100.0,5662.0,2026-03-12 09:34:00,2026-03-12
HS300_综合_v10,,000661,长春高新,BUY,90.63,100.0,9063.0,2026-03-12 09:34:00,2026-03-12
HS300_综合_v10,,000708,中信特钢,SELL,16.37,500.0,8185.000000000001,2026-03-16 14:00:00,2026-03-16
HS300_综合_v10,,000938,紫光股份,BUY,25.21,300.0,7563.0,2026-03-17 09:34:00,2026-03-17
HS300_综合_v10,,000157,中联重科,SELL,8.82,1000.0,8820.0,2026-03-18 09:40:00,2026-03-18
HS300_综合_v10,,513520,日经ETF,SELL,1.896,8400.0,15926.4,2026-03-19 09:33:00,2026-03-19
HS300_综合_v10,,518880,黄金ETF,BUY,10.313,1600.0,16500.8,2026-03-19 09:33:00,2026-03-19
HS300_综合_v10,,000895,双汇发展,BUY,28.67,300.0,8601.0,2026-03-19 09:34:00,2026-03-19
HS300_综合_v10,,000876,新希望,SELL,8.63,1100.0,9493.0,2026-03-20 09:34:00,2026-03-20
HS300_综合_v10,,000661,长春高新,SELL,89.07,100.0,8907.0,2026-03-20 09:34:00,2026-03-20
HS300_综合_v10,,518880,黄金ETF,SELL,9.468,1600.0,15148.8,2026-03-23 09:33:00,2026-03-23
HS300_综合_v10,,159915,创业板ETF易方达,BUY,3.282,4900.0,16081.8,2026-03-23 09:33:00,2026-03-23
HS300_综合_v10,,000538,云南白药,SELL,55.71,100.0,5571.0,2026-03-23 09:34:00,2026-03-23
HS300_综合_v10,,000895,双汇发展,SELL,27.84,300.0,8352.0,2026-03-23 09:34:00,2026-03-23
HS300_综合_v10,,000938,紫光股份,SELL,25.97,300.0,7791.0,2026-03-25 09:34:00,2026-03-25
HS300_综合_v10,,300661,圣邦股份,BUY,69.77,100.0,6977.0,2026-04-02 09:34:00,2026-04-02
HS300_综合_v10,,300628,亿联网络,BUY,32.86,200.0,6572.0,2026-04-02 09:34:00,2026-04-02
HS300_综合_v10,,300782,卓胜微,BUY,81.04,100.0,8104.000000000001,2026-04-02 09:34:00,2026-04-02
HS300_综合_v10,,000661,长春高新,BUY,87.54,100.0,8754.0,2026-04-02 09:34:00,2026-04-02
HS300_综合_v10,,601236,红塔证券,BUY,7.64,1200.0,9168.0,2026-04-02 09:34:00,2026-04-02
HS300_综合_v10,,300661,圣邦股份,SELL,68.33,100.0,6833.0,2026-04-03 09:34:00,2026-04-03
HS300_综合_v10,,300782,卓胜微,SELL,87.29,100.0,8729.0,2026-04-03 09:34:00,2026-04-03
HS300_综合_v10,,601236,红塔证券,SELL,7.5,1200.0,9000.0,2026-04-03 09:34:00,2026-04-03
HS300_综合_v10,,000661,长春高新,SELL,84.57,100.0,8457.0,2026-04-07 09:34:00,2026-04-07
HS300_综合_v10,,000301,东方盛虹,BUY,11.33,800.0,9064.0,2026-04-09 09:34:00,2026-04-09
HS300_综合_v10,,000157,中联重科,BUY,8.69,1100.0,9559.0,2026-04-09 09:34:00,2026-04-09
HS300_综合_v10,,000708,中信特钢,BUY,16.83,500.0,8415.0,2026-04-09 09:34:00,2026-04-09
HS300_综合_v10,,000538,云南白药,BUY,55.89,100.0,5589.0,2026-04-09 09:34:00,2026-04-09
HS300_综合_v10,,159985,豆粕ETF华夏,SELL,2.109,8600.0,18137.4,2026-04-14 09:33:00,2026-04-14
HS300_综合_v10,,159941,纳指ETF广发,BUY,1.363,12900.0,17582.7,2026-04-14 09:33:00,2026-04-14
HS300_综合_v10,,000157,中联重科,SELL,8.09,1100.0,8899.0,2026-04-16 14:00:00,2026-04-16
HS300_综合_v10,,000063,中兴通讯,BUY,35.6,200.0,7120.0,2026-04-17 09:34:00,2026-04-17
HS300_综合_v10,,159981,能源化工ETF建信,SELL,1.621,12100.0,19614.1,2026-04-21 09:33:00,2026-04-21
HS300_综合_v10,,513520,日经ETF,BUY,2.04,8800.0,17952.0,2026-04-21 09:33:00,2026-04-21
HS300_综合_v10,,000708,中信特钢,SELL,15.58,500.0,7790.0,2026-04-24 09:40:00,2026-04-24
HS300_综合_v10,,000338,潍柴动力,BUY,30.13,300.0,9039.0,2026-04-27 09:34:00,2026-04-27
HS300_综合_v10,,513520,日经ETF,SELL,2.04,8800.0,17952.0,2026-04-28 09:33:00,2026-04-28
HS300_综合_v10,,588180,科创50基,BUY,0.976,18600.0,18153.6,2026-04-28 09:33:00,2026-04-28
HS300_综合_v10,,000338,潍柴动力,SELL,34.52,300.0,10356.000000000002,2026-05-07 09:40:00,2026-05-07
HS300_综合_v10,,000338,潍柴动力,BUY,33.97,200.0,6794.0,2026-05-08 09:34:00,2026-05-08
HS300_综合_v10,,000338,潍柴动力,SELL,32.98,200.0,6595.999999999999,2026-05-18 14:00:00,2026-05-18
