product_id,product_name,date,nav,total_value,market_value,cash,running_delta,initial_capital,data_completeness
集中_行业轮动_V251111701,,2023-01-03,1.0,168347.21,149766.9,18580.31,0.0,0.0,full
集中_行业轮动_V251111701,,2023-01-04,1.003444072521309,168927.01,150346.7,18580.31,0.0,0.0,full
集中_行业轮动_V251111701,,2023-01-05,1.023537663617948,172309.71000000002,153729.40000000002,18580.31,0.0,0.0,full
集中_行业轮动_V251111701,,2023-01-06,1.013962809362864,170697.81,152117.5,18580.31,0.0,0.0,full
集中_行业轮动_V251111701,,2023-01-09,1.0268540238950206,172868.00999999998,127783.19999999998,45084.81,0.0,0.0,full
集中_行业轮动_V251111701,,2023-01-10,1.0292045231994047,173263.71,128178.9,45084.81,0.0,0.0,full
集中_行业轮动_V251111701,,2023-01-11,1.0295050924811884,173314.31,128229.5,45084.81,0.0,0.0,full
集中_行业轮动_V251111701,,2023-01-12,1.0271052903104247,172910.31,127825.5,45084.81,0.0,0.0,full
集中_行业轮动_V251111701,,2023-01-13,1.0373876109975333,174641.31,129556.5,45084.81,0.0,0.0,full
集中_行业轮动_V251111701,,2023-01-16,1.044793792543399,175888.12,126407.6,49480.52,0.0,0.0,full
集中_行业轮动_V251111701,,2023-01-17,1.0398884543438531,175062.32,125581.8,49480.52,0.0,0.0,full
集中_行业轮动_V251111701,,2023-01-18,1.04054245983643,175172.41999999998,125691.9,49480.52,0.0,0.0,full
集中_行业轮动_V251111701,,2023-01-19,1.0516415448762115,177040.91999999998,127560.4,49480.52,0.0,0.0,full
集中_行业轮动_V251111701,,2023-01-20,1.0519231058239698,177088.32,127607.8,49480.52,0.0,0.0,full
集中_行业轮动_V251111701,,2023-01-30,1.0496862407164338,176711.75,126767.4,49944.35,0.0,0.0,full
集中_行业轮动_V251111701,,2023-01-31,1.0394989616994545,174996.75,125052.4,49944.35,0.0,0.0,full
集中_行业轮动_V251111701,,2023-02-01,1.0465510536230451,176183.95,126239.6,49944.35,0.0,0.0,full
集中_行业轮动_V251111701,,2023-02-02,1.0498870162445817,176745.55,126801.2,49944.35,0.0,0.0,full
集中_行业轮动_V251111701,,2023-02-03,1.0436368384127068,175693.35,125749.0,49944.35,0.0,0.0,full
集中_行业轮动_V251111701,,2023-02-06,1.03570590804564,174358.2,113081.4,61276.8,0.0,0.0,full
集中_行业轮动_V251111701,,2023-02-07,1.0346438173819457,174179.40000000002,112902.6,61276.8,0.0,0.0,full
集中_行业轮动_V251111701,,2023-02-08,1.034855285097983,174215.0,112938.2,61276.8,0.0,0.0,full
集中_行业轮动_V251111701,,2023-02-09,1.0396667696482764,175025.0,113748.20000000001,61276.8,0.0,0.0,full
集中_行业轮动_V251111701,,2023-02-10,1.0417778827460225,175380.4,114103.59999999999,61276.8,0.0,0.0,full
集中_行业轮动_V251111701,,2023-02-13,1.0466690834971368,176203.82,153244.4,22959.42,0.0,0.0,full
集中_行业轮动_V251111701,,2023-02-14,1.0495571622481896,176690.02000000002,153730.6,22959.42,0.0,0.0,full
集中_行业轮动_V251111701,,2023-02-15,1.0529050050784925,177253.62,154294.2,22959.42,0.0,0.0,full
集中_行业轮动_V251111701,,2023-02-16,1.049454398442362,176672.71999999997,153713.3,22959.42,0.0,0.0,full
集中_行业轮动_V251111701,,2023-02-17,1.0320433584851214,173741.62,150782.2,22959.42,0.0,0.0,full
集中_行业轮动_V251111701,,2023-02-20,1.0399911587486363,175079.61000000002,125597.6,49482.01,0.0,0.0,full
集中_行业轮动_V251111701,,2023-02-21,1.0384003987948478,174811.81,125329.8,49482.01,0.0,0.0,full
集中_行业轮动_V251111701,,2023-02-22,1.033310323348988,173954.91,124472.9,49482.01,0.0,0.0,full
集中_行业轮动_V251111701,,2023-02-23,1.0294349992494678,173302.51,123820.5,49482.01,0.0,0.0,full
集中_行业轮动_V251111701,,2023-02-24,1.0321365587228917,173757.31,124275.3,49482.01,0.0,0.0,full
集中_行业轮动_V251111701,,2023-02-27,1.0252971225362153,172605.91,127687.40000000001,44918.51,0.0,0.0,full
集中_行业轮动_V251111701,,2023-02-28,1.0377677776780498,174705.31,129786.8,44918.51,0.0,0.0,full
集中_行业轮动_V251111701,,2023-03-01,1.0559005403178345,177757.91,132839.4,44918.51,0.0,0.0,full
集中_行业轮动_V251111701,,2023-03-02,1.0560383507395221,177781.11000000002,132862.6,44918.51,0.0,0.0,full
集中_行业轮动_V251111701,,2023-03-03,1.051225678168352,176970.91,132052.4,44918.51,0.0,0.0,full
集中_行业轮动_V251111701,,2023-03-06,1.0553340325628204,177662.53999999998,126821.69999999998,50840.84,0.0,0.0,full
集中_行业轮动_V251111701,,2023-03-07,1.0467161291238505,176211.74,125370.90000000001,50840.84,0.0,0.0,full
集中_行业轮动_V251111701,,2023-03-08,1.0468771059526318,176238.84,125398.0,50840.84,0.0,0.0,full
集中_行业轮动_V251111701,,2023-03-09,1.0478162364555963,176396.93999999997,125556.09999999998,50840.84,0.0,0.0,full
集中_行业轮动_V251111701,,2023-03-10,1.0348935393702097,174221.44,123380.6,50840.84,0.0,0.0,full
集中_行业轮动_V251111701,,2023-03-13,1.0447721111624004,175884.47,127187.2,48697.27,0.0,0.0,full
集中_行业轮动_V251111701,,2023-03-14,1.0453144426925756,175975.77,127278.5,48697.27,0.0,0.0,full
集中_行业轮动_V251111701,,2023-03-15,1.0567996345172574,177909.27,129212.0,48697.27,0.0,0.0,full
集中_行业轮动_V251111701,,2023-03-16,1.056263837101904,177819.07,129121.8,48697.27,0.0,0.0,full
集中_行业轮动_V251111701,,2023-03-17,1.0665313075280547,179547.57,130850.3,48697.27,0.0,0.0,full
集中_行业轮动_V251111701,,2023-03-20,1.0656921489818572,179406.3,116202.0,63204.3,0.0,0.0,full
集中_行业轮动_V251111701,,2023-03-21,1.0630078158111442,178954.4,115750.09999999999,63204.3,0.0,0.0,full
集中_行业轮动_V251111701,,2023-03-22,1.0660830078502637,179472.09999999998,116267.79999999999,63204.3,0.0,0.0,full
集中_行业轮动_V251111701,,2023-03-23,1.0726242507969097,180573.3,117369.0,63204.3,0.0,0.0,full
集中_行业轮动_V251111701,,2023-03-24,1.0618489014460057,178759.3,115554.99999999999,63204.3,0.0,0.0,full
集中_行业轮动_V251111701,,2023-03-27,1.0534630184842388,177347.56,154283.6,23063.96,0.0,0.0,full
集中_行业轮动_V251111701,,2023-03-28,1.03406798366305,174082.46,151018.5,23063.96,0.0,0.0,full
集中_行业轮动_V251111701,,2023-03-29,1.0531767054529746,177299.36,154235.4,23063.96,0.0,0.0,full
集中_行业轮动_V251111701,,2023-03-30,1.062853135493009,178928.36,155864.4,23063.96,0.0,0.0,full
集中_行业轮动_V251111701,,2023-03-31,1.0692185513499157,179999.96,156936.0,23063.96,0.0,0.0,full
集中_行业轮动_V251111701,,2023-04-03,1.105416359439518,186093.75999999998,163029.8,23063.96,0.0,0.0,full
集中_行业轮动_V251111701,,2023-04-04,1.116160226237192,187902.46,164838.5,23063.96,0.0,0.0,full
集中_行业轮动_V251111701,,2023-04-06,1.1392725783813111,191793.36,168729.4,23063.96,0.0,0.0,full
集中_行业轮动_V251111701,,2023-04-07,1.149403426406651,193498.86,170434.9,23063.96,0.0,0.0,full
集中_行业轮动_V251111701,,2023-04-10,1.1436659983851236,192532.98,140889.5,51643.48,0.0,0.0,full
集中_行业轮动_V251111701,,2023-04-11,1.1499987436679235,193599.08000000002,141955.6,51643.48,0.0,0.0,full
集中_行业轮动_V251111701,,2023-04-12,1.147562706860423,193188.98,141545.5,51643.48,0.0,0.0,full
集中_行业轮动_V251111701,,2023-04-13,1.1397710719411391,191877.28,140233.8,51643.48,0.0,0.0,full
集中_行业轮动_V251111701,,2023-04-14,1.143862021829765,192565.98,140922.5,51643.48,0.0,0.0,full
集中_行业轮动_V251111701,,2023-04-17,1.1567534739660967,194736.22,142727.0,52009.22,0.0,0.0,full
集中_行业轮动_V251111701,,2023-04-18,1.1575601401413187,194872.02,142862.8,52009.22,0.0,0.0,full
集中_行业轮动_V251111701,,2023-04-19,1.1518481357665509,193910.42,141901.2,52009.22,0.0,0.0,full
集中_行业轮动_V251111701,,2023-04-20,1.1507028836414932,193717.62,141708.4,52009.22,0.0,0.0,full
集中_行业轮动_V251111701,,2023-04-21,1.1359381601869138,191232.02,139222.8,52009.22,0.0,0.0,full
集中_行业轮动_V251111701,,2023-04-24,1.1309374239109757,190390.16,136229.6,54160.56,0.0,0.0,full
集中_行业轮动_V251111701,,2023-04-25,1.1357251480437367,191196.15999999997,137035.59999999998,54160.56,0.0,0.0,full
集中_行业轮动_V251111701,,2023-04-26,1.1292932030177396,190113.36,135952.8,54160.56,0.0,0.0,full
集中_行业轮动_V251111701,,2023-04-27,1.1405817773873417,192013.76,137853.2,54160.56,0.0,0.0,full
集中_行业轮动_V251111701,,2023-04-28,1.1535739736940103,194200.96,140040.4,54160.56,0.0,0.0,full
集中_行业轮动_V251111701,,2023-05-04,1.1668295542290248,196432.5,142452.8,53979.7,0.0,0.0,full
集中_行业轮动_V251111701,,2023-05-05,1.1700977996605946,196982.7,143003.0,53979.7,0.0,0.0,full
集中_行业轮动_V251111701,,2023-05-08,1.1962651474889312,201387.90000000002,147408.2,53979.7,0.0,0.0,full
集中_行业轮动_V251111701,,2023-05-09,1.1869035429811998,199811.90000000002,145832.2,53979.7,0.0,0.0,full
集中_行业轮动_V251111701,,2023-05-10,1.167304762579671,196512.5,142532.8,53979.7,0.0,0.0,full
集中_行业轮动_V251111701,,2023-05-11,1.1693802350511187,196861.90000000002,142882.2,53979.7,0.0,0.0,full
集中_行业轮动_V251111701,,2023-05-12,1.1660133838867897,196295.09999999998,142315.4,53979.7,0.0,0.0,full
集中_行业轮动_V251111701,,2023-05-15,1.1620330387417768,195625.02000000002,126449.2,69175.82,0.0,0.0,full
集中_行业轮动_V251111701,,2023-05-16,1.161250132984087,195493.22,126317.4,69175.82,0.0,0.0,full
集中_行业轮动_V251111701,,2023-05-17,1.162375188754242,195682.62,126506.79999999999,69175.82,0.0,0.0,full
集中_行业轮动_V251111701,,2023-05-18,1.1665011852587281,196377.22,127201.4,69175.82,0.0,0.0,full
集中_行业轮动_V251111701,,2023-05-19,1.1635323210880657,195877.42,126701.6,69175.82,0.0,0.0,full
集中_行业轮动_V251111701,,2023-05-22,1.1717598408669796,197262.5,117926.4,79336.1,0.0,0.0,full
集中_行业轮动_V251111701,,2023-05-23,1.1669661766298354,196455.5,117119.4,79336.1,0.0,0.0,full
集中_行业轮动_V251111701,,2023-05-24,1.1590290091531663,195119.30000000002,115783.20000000001,79336.1,0.0,0.0,full
集中_行业轮动_V251111701,,2023-05-25,1.1656581656446816,196235.3,116899.2,79336.1,0.0,0.0,full
集中_行业轮动_V251111701,,2023-05-26,1.168078164170348,196642.7,117306.6,79336.1,0.0,0.0,full
集中_行业轮动_V251111701,,2023-05-29,1.1885608321040786,200090.90000000002,120754.8,79336.1,0.0,0.0,full
集中_行业轮动_V251111701,,2023-05-30,1.1879941461459327,199995.5,120659.4,79336.1,0.0,0.0,full
集中_行业轮动_V251111701,,2023-05-31,1.18339650535343,199221.5,119885.4,79336.1,0.0,0.0,full
集中_行业轮动_V251111701,,2023-06-01,1.178413945796904,198382.7,119046.6,79336.1,0.0,0.0,full
集中_行业轮动_V251111701,,2023-06-02,1.1826373600132725,199093.69999999998,119757.59999999998,79336.1,0.0,0.0,full
集中_行业轮动_V251111701,,2023-06-05,1.1876846073065306,199943.39,113297.7,86645.69,0.0,0.0,full
集中_行业轮动_V251111701,,2023-06-06,1.1799155447839025,198635.49000000002,111989.80000000002,86645.69,0.0,0.0,full
集中_行业轮动_V251111701,,2023-06-07,1.1825654253491937,199081.59,112435.9,86645.69,0.0,0.0,full
集中_行业轮动_V251111701,,2023-06-08,1.172154798407411,197328.99000000002,110683.30000000002,86645.69,0.0,0.0,full
集中_行业轮动_V251111701,,2023-06-09,1.1801353286460765,198672.49,112026.79999999999,86645.69,0.0,0.0,full
集中_行业轮动_V251111701,,2023-06-12,1.1839026022468686,199306.7,113747.6,85559.1,0.0,0.0,full
集中_行业轮动_V251111701,,2023-06-13,1.19675698813185,201470.7,115911.59999999999,85559.1,0.0,0.0,full
集中_行业轮动_V251111701,,2023-06-14,1.2028277748113558,202492.7,116933.6,85559.1,0.0,0.0,full
集中_行业轮动_V251111701,,2023-06-15,1.205344003028028,202916.30000000002,117357.20000000001,85559.1,0.0,0.0,full
集中_行业轮动_V251111701,,2023-06-16,1.2218123484196741,205688.7,120129.6,85559.1,0.0,0.0,full
集中_行业轮动_V251111701,,2023-06-19,1.2287298375779439,206853.24,117940.8,88912.44,0.0,0.0,full
集中_行业轮动_V251111701,,2023-06-20,1.2306419571788567,207175.14,118262.7,88912.44,0.0,0.0,full
集中_行业轮动_V251111701,,2023-06-21,1.2124010846392999,204104.34,115191.9,88912.44,0.0,0.0,full
集中_行业轮动_V251111701,,2023-06-26,1.199714744307316,201968.63,115628.4,86340.23,0.0,0.0,full
集中_行业轮动_V251111701,,2023-06-27,1.2000438260901385,202024.03000000003,115683.80000000002,86340.23,0.0,0.0,full
集中_行业轮动_V251111701,,2023-06-28,1.2040058757136516,202691.03000000003,116350.80000000002,86340.23,0.0,0.0,full
集中_行业轮动_V251111701,,2023-06-29,1.2011189849834751,202205.02999999997,115864.79999999999,86340.23,0.0,0.0,full
集中_行业轮动_V251111701,,2023-06-30,1.2030150663025536,202524.22999999998,116184.0,86340.23,0.0,0.0,full
集中_行业轮动_V251111701,,2023-07-03,1.217300304531331,204929.11,117997.8,86931.31,0.0,0.0,full
集中_行业轮动_V251111701,,2023-07-04,1.2141496731665464,204398.71,117467.4,86931.31,0.0,0.0,full
集中_行业轮动_V251111701,,2023-07-05,1.2126444507158745,204145.31,117214.0,86931.31,0.0,0.0,full
集中_行业轮动_V251111701,,2023-07-06,1.2114314814008498,203941.11,117009.8,86931.31,0.0,0.0,full
集中_行业轮动_V251111701,,2023-07-07,1.2067744395645164,203157.11,116225.8,86931.31,0.0,0.0,full
集中_行业轮动_V251111701,,2023-07-10,1.2008175246860342,202154.28,142405.8,59748.48,0.0,0.0,full
集中_行业轮动_V251111701,,2023-07-11,1.2085117418934357,203449.58000000002,143701.1,59748.48,0.0,0.0,full
集中_行业轮动_V251111701,,2023-07-12,1.199236268899259,201888.08000000002,142139.6,59748.48,0.0,0.0,full
集中_行业轮动_V251111701,,2023-07-13,1.2039740961552023,202685.68000000002,142937.2,59748.48,0.0,0.0,full
集中_行业轮动_V251111701,,2023-07-14,1.1994489246361733,201923.88,142175.4,59748.48,0.0,0.0,full
集中_行业轮动_V251111701,,2023-07-17,1.202438816776352,202427.22,176062.2,26365.02,0.0,0.0,full
集中_行业轮动_V251111701,,2023-07-18,1.2126569843361232,204147.41999999998,177782.4,26365.02,0.0,0.0,full
集中_行业轮动_V251111701,,2023-07-19,1.2184652184018971,205125.22,178760.2,26365.02,0.0,0.0,full
集中_行业轮动_V251111701,,2023-07-20,1.2057985398154207,202992.81999999998,176627.8,26365.02,0.0,0.0,full
集中_行业轮动_V251111701,,2023-07-21,1.2025730631354092,202449.81999999998,176084.8,26365.02,0.0,0.0,full
集中_行业轮动_V251111701,,2023-07-24,1.195932323440347,201331.87,148851.4,52480.47,0.0,0.0,full
集中_行业轮动_V251111701,,2023-07-25,1.202665431758566,202465.37,149984.9,52480.47,0.0,0.0,full
集中_行业轮动_V251111701,,2023-07-26,1.2066084730480535,203129.16999999998,150648.69999999998,52480.47,0.0,0.0,full
集中_行业轮动_V251111701,,2023-07-27,1.2074810743819278,203276.07,150795.6,52480.47,0.0,0.0,full
集中_行业轮动_V251111701,,2023-07-28,1.2169519768103076,204870.47,152390.0,52480.47,0.0,0.0,full
集中_行业轮动_V251111701,,2023-07-31,1.2308910257556394,207217.07,154736.6,52480.47,0.0,0.0,full
集中_行业轮动_V251111701,,2023-08-01,1.2256067088964528,206327.47,153847.0,52480.47,0.0,0.0,full
集中_行业轮动_V251111701,,2023-08-02,1.2154449723283207,204616.77,152136.3,52480.47,0.0,0.0,full
集中_行业轮动_V251111701,,2023-08-03,1.21973135165115,205338.37,152857.9,52480.47,0.0,0.0,full
集中_行业轮动_V251111701,,2023-08-04,1.2167256588333126,204832.37,152351.9,52480.47,0.0,0.0,full
集中_行业轮动_V251111701,,2023-08-07,1.214366486976529,204435.20999999996,136852.59999999998,67582.61,0.0,0.0,full
集中_行业轮动_V251111701,,2023-08-08,1.2124015004466067,204104.40999999997,136521.8,67582.61,0.0,0.0,full
集中_行业轮动_V251111701,,2023-08-09,1.207421316931834,203266.01,135683.4,67582.61,0.0,0.0,full
集中_行业轮动_V251111701,,2023-08-10,1.2113762384300872,203931.81,136349.19999999998,67582.61,0.0,0.0,full
集中_行业轮动_V251111701,,2023-08-11,1.1942378492640298,201046.61,133464.0,67582.61,0.0,0.0,full
集中_行业轮动_V251111701,,2023-08-14,1.188531666191557,200085.99,174181.6,25904.39,0.0,0.0,full
集中_行业轮动_V251111701,,2023-08-15,1.1887621422416204,200124.78999999998,174220.4,25904.39,0.0,0.0,full
集中_行业轮动_V251111701,,2023-08-16,1.1848963223091131,199473.99,173569.6,25904.39,0.0,0.0,full
集中_行业轮动_V251111701,,2023-08-17,1.1833780316287985,199218.39,173314.0,25904.39,0.0,0.0,full
集中_行业轮动_V251111701,,2023-08-18,1.1739807864947687,197636.39,171732.0,25904.39,0.0,0.0,full
集中_行业轮动_V251111701,,2023-08-21,1.147996750287694,193262.05,138404.3,54857.75,0.0,0.0,full
集中_行业轮动_V251111701,,2023-08-22,1.1598823051477953,195262.95,140405.2,54857.75,0.0,0.0,full
集中_行业轮动_V251111701,,2023-08-23,1.1492774367926857,193477.65,138619.9,54857.75,0.0,0.0,full
集中_行业轮动_V251111701,,2023-08-24,1.1508105777339581,193735.75,138878.0,54857.75,0.0,0.0,full
集中_行业轮动_V251111701,,2023-08-25,1.1569704659792104,194772.75,139915.0,54857.75,0.0,0.0,full
集中_行业轮动_V251111701,,2023-08-28,1.178493543195637,198396.09999999998,134877.3,63518.8,0.0,0.0,full
集中_行业轮动_V251111701,,2023-08-29,1.1837523176059763,199281.40000000002,135762.6,63518.8,0.0,0.0,full
集中_行业轮动_V251111701,,2023-08-30,1.1798508570471704,198624.60000000003,135105.80000000002,63518.8,0.0,0.0,full
集中_行业轮动_V251111701,,2023-08-31,1.18063376280486,198756.40000000002,135237.6,63518.8,0.0,0.0,full
集中_行业轮动_V251111701,,2023-09-01,1.1776987572291808,198262.3,134743.5,63518.8,0.0,0.0,full
集中_行业轮动_V251111701,,2023-09-04,1.1807923041908446,198783.09000000003,146144.7,52638.39,0.0,0.0,full
集中_行业轮动_V251111701,,2023-09-05,1.1808000263265426,198784.39,146146.0,52638.39,0.0,0.0,full
集中_行业轮动_V251111701,,2023-09-06,1.1808932859653571,198800.09000000003,146161.7,52638.39,0.0,0.0,full
集中_行业轮动_V251111701,,2023-09-07,1.176682939978631,198091.28999999998,145452.9,52638.39,0.0,0.0,full
集中_行业轮动_V251111701,,2023-09-08,1.1812122695707283,198853.78999999998,146215.4,52638.39,0.0,0.0,full
集中_行业轮动_V251111701,,2023-09-11,1.180350004018481,198708.63,131896.5,66812.13,0.0,0.0,full
集中_行业轮动_V251111701,,2023-09-12,1.1804218792815162,198720.73,131908.6,66812.13,0.0,0.0,full
集中_行业轮动_V251111701,,2023-09-13,1.1790835737640086,198495.43000000002,131683.30000000002,66812.13,0.0,0.0,full
集中_行业轮动_V251111701,,2023-09-14,1.1818629486048506,198963.33,132151.19999999998,66812.13,0.0,0.0,full
集中_行业轮动_V251111701,,2023-09-15,1.1778426859583835,198286.53000000003,131474.40000000002,66812.13,0.0,0.0,full
集中_行业轮动_V251111701,,2023-09-18,1.1737505480488808,197597.63,131158.7,66438.93,0.0,0.0,full
集中_行业轮动_V251111701,,2023-09-19,1.175016978303353,197810.83,131371.9,66438.93,0.0,0.0,full
集中_行业轮动_V251111701,,2023-09-20,1.1759436345871133,197966.83,131527.9,66438.93,0.0,0.0,full
集中_行业轮动_V251111701,,2023-09-21,1.1682773358703125,196676.22999999998,130237.3,66438.93,0.0,0.0,full
集中_行业轮动_V251111701,,2023-09-22,1.1660200962047427,196296.22999999998,129857.3,66438.93,0.0,0.0,full
集中_行业轮动_V251111701,,2023-09-25,1.1690994463169306,196814.63,121669.3,75145.33,0.0,0.0,full
集中_行业轮动_V251111701,,2023-09-26,1.1647382216788744,196080.43,120935.1,75145.33,0.0,0.0,full
集中_行业轮动_V251111701,,2023-09-27,1.1607803301284294,195414.13,120268.8,75145.33,0.0,0.0,full
集中_行业轮动_V251111701,,2023-09-28,1.1563282218933122,194664.63,119519.3,75145.33,0.0,0.0,full
集中_行业轮动_V251111701,,2023-10-09,1.1547774388420222,194403.56000000003,134452.90000000002,59950.66,0.0,0.0,full
集中_行业轮动_V251111701,,2023-10-10,1.1453415830295024,192815.06000000003,132864.40000000002,59950.66,0.0,0.0,full
集中_行业轮动_V251111701,,2023-10-11,1.1558068589316095,194576.86000000002,134626.2,59950.66,0.0,0.0,full
集中_行业轮动_V251111701,,2023-10-12,1.164395061848664,196022.66,136072.0,59950.66,0.0,0.0,full
集中_行业轮动_V251111701,,2023-10-13,1.1674702538877837,196540.36,136589.69999999998,59950.66,0.0,0.0,full
集中_行业轮动_V251111701,,2023-10-16,1.1563516259045816,194668.57,142265.4,52403.17,0.0,0.0,full
集中_行业轮动_V251111701,,2023-10-17,1.1536263060136254,194209.77000000002,141806.6,52403.17,0.0,0.0,full
集中_行业轮动_V251111701,,2023-10-18,1.1387160500016602,191699.66999999998,139296.5,52403.17,0.0,0.0,full
集中_行业轮动_V251111701,,2023-10-19,1.1287550889616764,190022.77000000002,137619.6,52403.17,0.0,0.0,full
集中_行业轮动_V251111701,,2023-10-20,1.1152360053962285,187746.87,135343.7,52403.17,0.0,0.0,full
集中_行业轮动_V251111701,,2023-10-23,1.1134277782209756,187442.46,122393.9,65048.56,0.0,0.0,full
集中_行业轮动_V251111701,,2023-10-24,1.1226759267349902,188999.36,123950.79999999999,65048.56,0.0,0.0,full
集中_行业轮动_V251111701,,2023-10-25,1.1180765039111726,188225.06,123176.5,65048.56,0.0,0.0,full
集中_行业轮动_V251111701,,2023-10-26,1.119416591459995,188450.65999999997,123402.09999999999,65048.56,0.0,0.0,full
集中_行业轮动_V251111701,,2023-10-27,1.1481055135989482,193280.36,128231.79999999999,65048.56,0.0,0.0,full
集中_行业轮动_V251111701,,2023-10-30,1.1732136220136944,197507.24000000002,136644.80000000002,60862.44,0.0,0.0,full
集中_行业轮动_V251111701,,2023-10-31,1.1684490642880274,196705.14,135842.7,60862.44,0.0,0.0,full
集中_行业轮动_V251111701,,2023-11-01,1.1661835084763212,196323.74,135461.3,60862.44,0.0,0.0,full
集中_行业轮动_V251111701,,2023-11-02,1.1629063528881771,195772.04,134909.6,60862.44,0.0,0.0,full
集中_行业轮动_V251111701,,2023-11-03,1.1714595091893716,197211.94,136349.5,60862.44,0.0,0.0,full
集中_行业轮动_V251111701,,2023-11-06,1.1761767242831056,198006.07,120830.0,77176.07,0.0,0.0,full
集中_行业轮动_V251111701,,2023-11-07,1.1760834646442913,197990.37,120814.3,77176.07,0.0,0.0,full
集中_行业轮动_V251111701,,2023-11-08,1.173605253095671,197573.17,120397.1,77176.07,0.0,0.0,full
集中_行业轮动_V251111701,,2023-11-09,1.1682460909212578,196670.97,119494.9,77176.07,0.0,0.0,full
集中_行业轮动_V251111701,,2023-11-10,1.1699877295263763,196964.17,119788.1,77176.07,0.0,0.0,full
集中_行业轮动_V251111701,,2023-11-13,1.1690855464726742,196812.28999999998,109335.79999999999,87476.49,0.0,0.0,full
集中_行业轮动_V251111701,,2023-11-14,1.1739463338893472,197630.59,110154.09999999999,87476.49,0.0,0.0,full
集中_行业轮动_V251111701,,2023-11-15,1.1752258323734623,197845.99,110369.5,87476.49,0.0,0.0,full
集中_行业轮动_V251111701,,2023-11-16,1.168581231610551,196727.39,109250.9,87476.49,0.0,0.0,full
集中_行业轮动_V251111701,,2023-11-17,1.1683858021763476,196694.49,109218.0,87476.49,0.0,0.0,full
集中_行业轮动_V251111701,,2023-11-20,1.1710997170668882,197151.37,171609.4,25541.97,0.0,0.0,full
集中_行业轮动_V251111701,,2023-11-21,1.1570472121278401,194785.67,169243.7,25541.97,0.0,0.0,full
集中_行业轮动_V251111701,,2023-11-22,1.1435982217941125,192521.57,166979.6,25541.97,0.0,0.0,full
集中_行业轮动_V251111701,,2023-11-23,1.1510067199806877,193768.77000000002,168226.80000000002,25541.97,0.0,0.0,full
集中_行业轮动_V251111701,,2023-11-24,1.1311311307149077,190422.77,164880.8,25541.97,0.0,0.0,full
集中_行业轮动_V251111701,,2023-11-27,1.127106412990153,189745.22,165067.2,24678.02,0.0,0.0,full
集中_行业轮动_V251111701,,2023-11-28,1.1341876114252203,190937.31999999998,166259.3,24678.02,0.0,0.0,full
集中_行业轮动_V251111701,,2023-11-29,1.132203022550834,190603.22,165925.2,24678.02,0.0,0.0,full
集中_行业轮动_V251111701,,2023-11-30,1.1339084265192156,190890.31999999998,166212.3,24678.02,0.0,0.0,full
集中_行业轮动_V251111701,,2023-12-01,1.1343052254920054,190957.12,166279.1,24678.02,0.0,0.0,full
集中_行业轮动_V251111701,,2023-12-04,1.1303742426144157,190295.35,140730.0,49565.35,0.0,0.0,full
集中_行业轮动_V251111701,,2023-12-05,1.117251364011319,188086.15000000002,138520.80000000002,49565.35,0.0,0.0,full
集中_行业轮动_V251111701,,2023-12-06,1.1243581048952338,189282.55000000002,139717.2,49565.35,0.0,0.0,full
集中_行业轮动_V251111701,,2023-12-07,1.1237735986239388,189184.15,139618.8,49565.35,0.0,0.0,full
集中_行业轮动_V251111701,,2023-12-08,1.1255520658762326,189483.55000000002,139918.2,49565.35,0.0,0.0,full
集中_行业轮动_V251111701,,2023-12-11,1.126658647921756,189669.84,136042.4,53627.44,0.0,0.0,full
集中_行业轮动_V251111701,,2023-12-12,1.1286782834120024,190009.84,136382.4,53627.44,0.0,0.0,full
集中_行业轮动_V251111701,,2023-12-13,1.122438797768017,188959.44,135332.0,53627.44,0.0,0.0,full
集中_行业轮动_V251111701,,2023-12-14,1.1250239311955328,189394.64,135767.2,53627.44,0.0,0.0,full
集中_行业轮动_V251111701,,2023-12-15,1.1222202019267198,188922.64,135295.2,53627.44,0.0,0.0,full
集中_行业轮动_V251111701,,2023-12-18,1.1233627216037612,189114.98,136988.0,52126.98,0.0,0.0,full
集中_行业轮动_V251111701,,2023-12-19,1.1243992698186083,189289.48,137162.5,52126.98,0.0,0.0,full
集中_行业轮动_V251111701,,2023-12-20,1.1273069509141251,189778.98,137652.0,52126.98,0.0,0.0,full
集中_行业轮动_V251111701,,2023-12-21,1.1203796011825793,188612.78,136485.8,52126.98,0.0,0.0,full
集中_行业轮动_V251111701,,2023-12-22,1.1228227661153396,189024.08000000002,136897.1,52126.98,0.0,0.0,full
集中_行业轮动_V251111701,,2023-12-25,1.1254916550146565,189473.38,137346.4,52126.98,0.0,0.0,full
集中_行业轮动_V251111701,,2023-12-26,1.1269113399622124,189712.38000000003,137585.40000000002,52126.98,0.0,0.0,full
集中_行业轮动_V251111701,,2023-12-27,1.13169668805322,190517.98,138391.0,52126.98,0.0,0.0,full
集中_行业轮动_V251111701,,2023-12-28,1.1293604449993553,190124.68000000002,137997.7,52126.98,0.0,0.0,full
集中_行业轮动_V251111701,,2023-12-29,1.1284058702249946,189963.98,137837.0,52126.98,0.0,0.0,full
集中_行业轮动_V251111701,,2024-01-02,1.1337034335169554,190855.81,123639.5,67216.31,0.0,0.0,full
集中_行业轮动_V251111701,,2024-01-03,1.1270475465557162,189735.31,122519.00000000001,67216.31,0.0,0.0,full
集中_行业轮动_V251111701,,2024-01-04,1.1243412349987858,189279.71,122063.4,67216.31,0.0,0.0,full
集中_行业轮动_V251111701,,2024-01-05,1.1215535440118072,188810.41,121594.1,67216.31,0.0,0.0,full
集中_行业轮动_V251111701,,2024-01-08,1.1225704898821902,188981.61000000002,112856.40000000001,76125.21,0.0,0.0,full
集中_行业轮动_V251111701,,2024-01-09,1.1284761416598466,189975.81,113850.6,76125.21,0.0,0.0,full
集中_行业轮动_V251111701,,2024-01-10,1.1261975176184977,189592.21000000002,113467.0,76125.21,0.0,0.0,full
集中_行业轮动_V251111701,,2024-01-11,1.128283682277835,189943.41000000003,113818.20000000001,76125.21,0.0,0.0,full
集中_行业轮动_V251111701,,2024-01-12,1.1296368380563002,190171.21000000002,114046.00000000001,76125.21,0.0,0.0,full
集中_行业轮动_V251111701,,2024-01-15,1.1318085402187534,190536.81,133678.0,56858.81,0.0,0.0,full
集中_行业轮动_V251111701,,2024-01-16,1.134622961675456,191010.61,134151.8,56858.81,0.0,0.0,full
集中_行业轮动_V251111701,,2024-01-17,1.1276166085556152,189831.11,132972.3,56858.81,0.0,0.0,full
集中_行业轮动_V251111701,,2024-01-18,1.1235333808026873,189143.71,132284.9,56858.81,0.0,0.0,full
集中_行业轮动_V251111701,,2024-01-19,1.1217762979261727,188847.91,131989.1,56858.81,0.0,0.0,full
集中_行业轮动_V251111701,,2024-01-22,1.1098002158752733,186831.77000000002,115896.70000000001,70935.07,0.0,0.0,full
集中_行业轮动_V251111701,,2024-01-23,1.1116125417225504,187136.87,116201.79999999999,70935.07,0.0,0.0,full
集中_行业轮动_V251111701,,2024-01-24,1.1240285479040606,189227.07,118292.0,70935.07,0.0,0.0,full
集中_行业轮动_V251111701,,2024-01-25,1.1376361390248164,191517.87000000002,120582.80000000002,70935.07,0.0,0.0,full
集中_行业轮动_V251111701,,2024-01-26,1.1448890064765547,192738.87,121803.8,70935.07,0.0,0.0,full
集中_行业轮动_V251111701,,2024-01-29,1.153108685317683,194122.63,136823.3,57299.33,0.0,0.0,full
集中_行业轮动_V251111701,,2024-01-30,1.15916521574667,195142.23000000004,137842.90000000002,57299.33,0.0,0.0,full
集中_行业轮动_V251111701,,2024-01-31,1.1511609250904717,193794.72999999998,136495.4,57299.33,0.0,0.0,full
集中_行业轮动_V251111701,,2024-02-01,1.1441088331668812,192607.52999999997,135308.19999999998,57299.33,0.0,0.0,full
集中_行业轮动_V251111701,,2024-02-02,1.156017554434077,194612.33000000002,137313.0,57299.33,0.0,0.0,full
集中_行业轮动_V251111701,,2024-02-05,1.1625997841009659,195720.43,138421.1,57299.33,0.0,0.0,full
集中_行业轮动_V251111701,,2024-02-06,1.165319163887539,196178.22999999998,138878.9,57299.33,0.0,0.0,full
集中_行业轮动_V251111701,,2024-02-07,1.1621198236668133,195639.63,138340.3,57299.33,0.0,0.0,full
集中_行业轮动_V251111701,,2024-02-08,1.1757618673929906,197936.22999999998,140636.9,57299.33,0.0,0.0,full
集中_行业轮动_V251111701,,2024-02-19,1.1784495864232023,198388.7,124458.9,73929.8,0.0,0.0,full
集中_行业轮动_V251111701,,2024-02-20,1.1803349755543915,198706.10000000003,124776.30000000002,73929.8,0.0,0.0,full
集中_行业轮动_V251111701,,2024-02-21,1.1853496116745859,199550.3,125620.5,73929.8,0.0,0.0,full
集中_行业轮动_V251111701,,2024-02-22,1.1917791806588298,200632.7,126702.90000000001,73929.8,0.0,0.0,full
集中_行业轮动_V251111701,,2024-02-23,1.1973373363300763,201568.40000000002,127638.6,73929.8,0.0,0.0,full
集中_行业轮动_V251111701,,2024-02-26,1.1854672257413708,199570.09999999998,125640.29999999999,73929.8,0.0,0.0,full
集中_行业轮动_V251111701,,2024-02-27,1.1875735867556105,199924.7,125994.9,73929.8,0.0,0.0,full
集中_行业轮动_V251111701,,2024-02-28,1.1904569134231568,200410.1,126480.3,73929.8,0.0,0.0,full
集中_行业轮动_V251111701,,2024-02-29,1.189963290748923,200327.0,126397.20000000001,73929.8,0.0,0.0,full
集中_行业轮动_V251111701,,2024-03-01,1.1923494306796056,200728.7,126798.9,73929.8,0.0,0.0,full
集中_行业轮动_V251111701,,2024-03-04,1.1930726977892891,200850.46000000002,146644.30000000002,54206.16,0.0,0.0,full
集中_行业轮动_V251111701,,2024-03-05,1.1920527818667146,200678.76,146472.6,54206.16,0.0,0.0,full
集中_行业轮动_V251111701,,2024-03-06,1.1864934381745917,199742.86000000002,145536.7,54206.16,0.0,0.0,full
集中_行业轮动_V251111701,,2024-03-07,1.182929969555183,199142.96,144936.8,54206.16,0.0,0.0,full
集中_行业轮动_V251111701,,2024-03-08,1.1900978935142437,200349.66,146143.5,54206.16,0.0,0.0,full
集中_行业轮动_V251111701,,2024-03-11,1.1902182400290449,200369.92,131209.7,69160.22,0.0,0.0,full
集中_行业轮动_V251111701,,2024-03-12,1.1841219109006915,199343.62,130183.4,69160.22,0.0,0.0,full
集中_行业轮动_V251111701,,2024-03-13,1.1859467109671733,199650.82,130490.59999999999,69160.22,0.0,0.0,full
集中_行业轮动_V251111701,,2024-03-14,1.1852184541698079,199528.22,130368.0,69160.22,0.0,0.0,full
集中_行业轮动_V251111701,,2024-03-15,1.1830734824770783,199167.12,130006.9,69160.22,0.0,0.0,full
集中_行业轮动_V251111701,,2024-03-18,1.190973643103441,200497.09,174639.4,25857.69,0.0,0.0,full
集中_行业轮动_V251111701,,2024-03-19,1.1879281515862368,199984.39,174126.7,25857.69,0.0,0.0,full
集中_行业轮动_V251111701,,2024-03-20,1.18854829848383,200088.79,174231.1,25857.69,0.0,0.0,full
集中_行业轮动_V251111701,,2024-03-21,1.18722484322728,199865.99,174008.3,25857.69,0.0,0.0,full
集中_行业轮动_V251111701,,2024-03-22,1.1667724698259032,196422.89,170565.2,25857.69,0.0,0.0,full
集中_行业轮动_V251111701,,2024-03-25,1.155110559895825,194459.64,138260.2,56199.44,0.0,0.0,full
集中_行业轮动_V251111701,,2024-03-26,1.1538607619336252,194249.24,138049.8,56199.44,0.0,0.0,full
集中_行业轮动_V251111701,,2024-03-27,1.135783242264603,191205.94,135006.5,56199.44,0.0,0.0,full
集中_行业轮动_V251111701,,2024-03-28,1.1476147421748182,193197.74,136998.3,56199.44,0.0,0.0,full
集中_行业轮动_V251111701,,2024-03-29,1.1569145695969656,194763.34,138563.9,56199.44,0.0,0.0,full
集中_行业轮动_V251111701,,2024-04-01,1.1662638186875802,196337.26,170634.90000000002,25702.36,0.0,0.0,full
集中_行业轮动_V251111701,,2024-04-02,1.1658337551302451,196264.86,170562.5,25702.36,0.0,0.0,full
集中_行业轮动_V251111701,,2024-04-03,1.1759099541952607,197961.15999999997,172258.8,25702.36,0.0,0.0,full
集中_行业轮动_V251111701,,2024-04-08,1.1798876262933016,198630.79,139311.1,59319.69,0.0,0.0,full
集中_行业轮动_V251111701,,2024-04-09,1.1807685437733122,198779.09,139459.4,59319.69,0.0,0.0,full
集中_行业轮动_V251111701,,2024-04-10,1.1735822054906642,197569.29,138249.6,59319.69,0.0,0.0,full
集中_行业轮动_V251111701,,2024-04-11,1.163700247838975,195905.69,136586.0,59319.69,0.0,0.0,full
集中_行业轮动_V251111701,,2024-04-12,1.1624563899811584,195696.29,136376.6,59319.69,0.0,0.0,full
集中_行业轮动_V251111701,,2024-04-15,1.157930624451691,194934.38999999998,169386.59999999998,25547.79,0.0,0.0,full
集中_行业轮动_V251111701,,2024-04-16,1.1524496901374248,194011.69,168463.9,25547.79,0.0,0.0,full
集中_行业轮动_V251111701,,2024-04-17,1.168306204777614,196681.09000000003,171133.30000000002,25547.79,0.0,0.0,full
集中_行业轮动_V251111701,,2024-04-18,1.166926318529425,196448.79,170901.0,25547.79,0.0,0.0,full
集中_行业轮动_V251111701,,2024-04-19,1.1646536345924594,196066.19000000003,170518.40000000002,25547.79,0.0,0.0,full
集中_行业轮动_V251111701,,2024-04-22,1.1534483404863078,194179.80999999997,137592.59999999998,56587.21,0.0,0.0,full
集中_行业轮动_V251111701,,2024-04-23,1.1402927913091045,191965.11,135377.9,56587.21,0.0,0.0,full
集中_行业轮动_V251111701,,2024-04-24,1.1480749220613753,193275.21,136688.0,56587.21,0.0,0.0,full
集中_行业轮动_V251111701,,2024-04-25,1.1485340921301872,193352.50999999998,136765.3,56587.21,0.0,0.0,full
集中_行业轮动_V251111701,,2024-04-26,1.1510883370149108,193782.50999999998,137195.3,56587.21,0.0,0.0,full
集中_行业轮动_V251111701,,2024-04-29,1.1509406660199477,193757.65000000002,143354.6,50403.05,0.0,0.0,full
集中_行业轮动_V251111701,,2024-04-30,1.1574332001106524,194850.65000000002,144447.6,50403.05,0.0,0.0,full
集中_行业轮动_V251111701,,2024-05-06,1.1629560121608193,195780.4,122353.4,73427.0,0.0,0.0,full
集中_行业轮动_V251111701,,2024-05-07,1.1627136559019897,195739.6,122312.6,73427.0,0.0,0.0,full
集中_行业轮动_V251111701,,2024-05-08,1.1602900933136937,195331.6,121904.6,73427.0,0.0,0.0,full
集中_行业轮动_V251111701,,2024-05-09,1.1696825863642168,196912.8,123485.8,73427.0,0.0,0.0,full
集中_行业轮动_V251111701,,2024-05-10,1.1694794347943156,196878.6,123451.6,73427.0,0.0,0.0,full
集中_行业轮动_V251111701,,2024-05-13,1.1734357225165772,197544.63,171756.30000000002,25788.33,0.0,0.0,full
集中_行业轮动_V251111701,,2024-05-14,1.1698675018136624,196943.93000000005,171155.60000000003,25788.33,0.0,0.0,full
集中_行业轮动_V251111701,,2024-05-15,1.1598572379072989,195258.73000000004,169470.40000000002,25788.33,0.0,0.0,full
集中_行业轮动_V251111701,,2024-05-16,1.1607512236169522,195409.23000000004,169620.90000000002,25788.33,0.0,0.0,full
集中_行业轮动_V251111701,,2024-05-17,1.1746385936541508,197747.13,171958.80000000002,25788.33,0.0,0.0,full
集中_行业轮动_V251111701,,2024-05-20,1.1859496216183207,199651.31,147830.8,51820.51,0.0,0.0,full
集中_行业轮动_V251111701,,2024-05-21,1.181646610003219,198926.91000000003,147106.40000000002,51820.51,0.0,0.0,full
集中_行业轮动_V251111701,,2024-05-22,1.1774546783400806,198221.21000000002,146400.7,51820.51,0.0,0.0,full
集中_行业轮动_V251111701,,2024-05-23,1.1637247210690334,195909.81000000003,144089.30000000002,51820.51,0.0,0.0,full
集中_行业轮动_V251111701,,2024-05-24,1.1607297204390852,195405.61000000002,143585.1,51820.51,0.0,0.0,full
集中_行业轮动_V251111701,,2024-05-27,1.1587013529953953,195064.14,139829.6,55234.54,0.0,0.0,full
集中_行业轮动_V251111701,,2024-05-28,1.1537449298981548,194229.74000000002,138995.2,55234.54,0.0,0.0,full
集中_行业轮动_V251111701,,2024-05-29,1.15316042362686,194131.34000000003,138896.80000000002,55234.54,0.0,0.0,full
集中_行业轮动_V251111701,,2024-05-30,1.1455689702252858,192853.34,137618.8,55234.54,0.0,0.0,full
集中_行业轮动_V251111701,,2024-05-31,1.1406101710862921,192018.54,136784.0,55234.54,0.0,0.0,full
集中_行业轮动_V251111701,,2024-06-03,1.1414508146585853,192160.06,125240.29999999999,66919.76,0.0,0.0,full
集中_行业轮动_V251111701,,2024-06-04,1.1428883199192903,192402.06,125482.3,66919.76,0.0,0.0,full
集中_行业轮动_V251111701,,2024-06-05,1.1413159742890895,192137.36,125217.59999999999,66919.76,0.0,0.0,full
集中_行业轮动_V251111701,,2024-06-06,1.1475643700896498,193189.26,126269.5,66919.76,0.0,0.0,full
集中_行业轮动_V251111701,,2024-06-07,1.1510126006840269,193769.76,126850.0,66919.76,0.0,0.0,full
集中_行业轮动_V251111701,,2024-06-11,1.1503898995415487,193664.93,140646.59999999998,53018.33,0.0,0.0,full
集中_行业轮动_V251111701,,2024-06-12,1.1532839183969843,194152.13,141133.8,53018.33,0.0,0.0,full
集中_行业轮动_V251111701,,2024-06-13,1.1624304911260481,195691.93,142673.6,53018.33,0.0,0.0,full
集中_行业轮动_V251111701,,2024-06-14,1.1563608924674187,194670.13,141651.8,53018.33,0.0,0.0,full
集中_行业轮动_V251111701,,2024-06-17,1.1612389061868027,195491.33000000002,125073.1,70418.23,0.0,0.0,full
集中_行业轮动_V251111701,,2024-06-18,1.1617592593307602,195578.93,125160.70000000001,70418.23,0.0,0.0,full
集中_行业轮动_V251111701,,2024-06-19,1.1606579639781376,195393.53,124975.3,70418.23,0.0,0.0,full
集中_行业轮动_V251111701,,2024-06-20,1.1605130254311904,195369.13,124950.90000000001,70418.23,0.0,0.0,full
集中_行业轮动_V251111701,,2024-06-21,1.1624382132617461,195693.23,125275.00000000001,70418.23,0.0,0.0,full
集中_行业轮动_V251111701,,2024-06-24,1.1461646438928208,192953.62,114129.5,78824.12,0.0,0.0,full
集中_行业轮动_V251111701,,2024-06-25,1.1226091599617238,188988.12,110163.99999999999,78824.12,0.0,0.0,full
集中_行业轮动_V251111701,,2024-06-26,1.1417903510251217,192217.21999999997,113393.09999999999,78824.12,0.0,0.0,full
集中_行业轮动_V251111701,,2024-06-27,1.1303015951378101,190283.12,111459.0,78824.12,0.0,0.0,full
集中_行业轮动_V251111701,,2024-06-28,1.1318638425905598,190546.12,111722.0,78824.12,0.0,0.0,full
集中_行业轮动_V251111701,,2024-07-01,1.1252740095900604,189436.74,164703.0,24733.74,0.0,0.0,full
集中_行业轮动_V251111701,,2024-07-02,1.1226413553274799,188993.53999999998,164259.8,24733.74,0.0,0.0,full
集中_行业轮动_V251111701,,2024-07-03,1.1301223227875288,190252.94,165519.2,24733.74,0.0,0.0,full
集中_行业轮动_V251111701,,2024-07-04,1.1257515939824598,189517.14,164783.40000000002,24733.74,0.0,0.0,full
集中_行业轮动_V251111701,,2024-07-05,1.1304620967582406,190310.13999999998,165576.4,24733.74,0.0,0.0,full
集中_行业轮动_V251111701,,2024-07-08,1.1379965845587812,191578.55,137289.4,54289.15,0.0,0.0,full
集中_行业轮动_V251111701,,2024-07-09,1.1403975747504214,191982.74999999997,137693.59999999998,54289.15,0.0,0.0,full
集中_行业轮动_V251111701,,2024-07-10,1.1366660011769718,191354.55,137065.4,54289.15,0.0,0.0,full
集中_行业轮动_V251111701,,2024-07-11,1.1429387514055025,192410.55,138121.4,54289.15,0.0,0.0,full
集中_行业轮动_V251111701,,2024-07-12,1.1284912295249796,189978.35,135689.2,54289.15,0.0,0.0,full
集中_行业轮动_V251111701,,2024-07-15,1.1454388225382526,192831.43,117101.19999999998,75730.23,0.0,0.0,full
集中_行业轮动_V251111701,,2024-07-16,1.1459443254212525,192916.53,117186.3,75730.23,0.0,0.0,full
集中_行业轮动_V251111701,,2024-07-17,1.1514977290089923,193851.43,118121.19999999998,75730.23,0.0,0.0,full
集中_行业轮动_V251111701,,2024-07-18,1.1482098812329584,193297.93,117567.70000000001,75730.23,0.0,0.0,full
集中_行业轮动_V251111701,,2024-07-19,1.140308948393026,191967.83,116237.59999999999,75730.23,0.0,0.0,full
集中_行业轮动_V251111701,,2024-07-22,1.1325642402983687,190664.03,114933.8,75730.23,0.0,0.0,full
集中_行业轮动_V251111701,,2024-07-23,1.1363457107486363,191300.63,115570.4,75730.23,0.0,0.0,full
集中_行业轮动_V251111701,,2024-07-24,1.134153218220842,190931.52999999997,115201.29999999999,75730.23,0.0,0.0,full
集中_行业轮动_V251111701,,2024-07-25,1.1219035349620583,188869.33000000002,113139.1,75730.23,0.0,0.0,full
集中_行业轮动_V251111701,,2024-07-26,1.1219445216823014,188876.22999999998,113146.0,75730.23,0.0,0.0,full
集中_行业轮动_V251111701,,2024-07-29,1.1206616373386882,188660.26,163861.2,24799.06,0.0,0.0,full
集中_行业轮动_V251111701,,2024-07-30,1.1287158248717037,190016.15999999997,165217.09999999998,24799.06,0.0,0.0,full
集中_行业轮动_V251111701,,2024-07-31,1.166410539265842,196361.96,171562.9,24799.06,0.0,0.0,full
集中_行业轮动_V251111701,,2024-08-01,1.1691673417100286,196826.06,172027.0,24799.06,0.0,0.0,full
集中_行业轮动_V251111701,,2024-08-02,1.1438547749024173,192564.76,167765.7,24799.06,0.0,0.0,full
集中_行业轮动_V251111701,,2024-08-05,1.1190927963700732,188396.15,139061.5,49334.65,0.0,0.0,full
集中_行业轮动_V251111701,,2024-08-06,1.1311060634744108,190418.55,141083.9,49334.65,0.0,0.0,full
集中_行业轮动_V251111701,,2024-08-07,1.1318943153260452,190551.25,141216.6,49334.65,0.0,0.0,full
集中_行业轮动_V251111701,,2024-08-08,1.1142516112978644,187581.15,138246.5,49334.65,0.0,0.0,full
集中_行业轮动_V251111701,,2024-08-09,1.1072137756247933,186396.35,137061.7,49334.65,0.0,0.0,full
集中_行业轮动_V251111701,,2024-08-12,1.1029880447677154,185684.96000000002,114639.1,71045.86,0.0,0.0,full
集中_行业轮动_V251111701,,2024-08-13,1.1102171518019215,186901.96000000002,115856.1,71045.86,0.0,0.0,full
集中_行业轮动_V251111701,,2024-08-14,1.1015802400289256,185447.96000000002,114402.1,71045.86,0.0,0.0,full
集中_行业轮动_V251111701,,2024-08-15,1.1049565953602671,186016.36,114970.5,71045.86,0.0,0.0,full
集中_行业轮动_V251111701,,2024-08-16,1.0951637392743243,184367.76,113321.90000000001,71045.86,0.0,0.0,full
集中_行业轮动_V251111701,,2024-08-19,1.0936878609393046,184119.3,128656.29999999999,55463.0,0.0,0.0,full
集中_行业轮动_V251111701,,2024-08-20,1.0842181465318013,182525.1,127062.1,55463.0,0.0,0.0,full
集中_行业轮动_V251111701,,2024-08-21,1.078519804397114,181565.8,126102.79999999999,55463.0,0.0,0.0,full
集中_行业轮动_V251111701,,2024-08-22,1.0669437289753712,179617.0,124154.0,55463.0,0.0,0.0,full
集中_行业轮动_V251111701,,2024-08-23,1.068466177728754,179873.3,124410.29999999999,55463.0,0.0,0.0,full
集中_行业轮动_V251111701,,2024-08-26,1.0681231367006314,179815.55,156243.0,23572.55,0.0,0.0,full
集中_行业轮动_V251111701,,2024-08-27,1.069928334422649,180119.44999999998,156546.9,23572.55,0.0,0.0,full
集中_行业轮动_V251111701,,2024-08-28,1.0654809782710382,179370.75,155798.2,23572.55,0.0,0.0,full
集中_行业轮动_V251111701,,2024-08-29,1.0555711021287486,177702.44999999998,154129.9,23572.55,0.0,0.0,full
集中_行业轮动_V251111701,,2024-08-30,1.0536886830497512,177385.55,153813.0,23572.55,0.0,0.0,full
集中_行业轮动_V251111701,,2024-09-02,1.046532579898413,176180.84,126256.4,49924.44,0.0,0.0,full
集中_行业轮动_V251111701,,2024-09-03,1.0473107335725964,176311.84,126387.4,49924.44,0.0,0.0,full
集中_行业轮动_V251111701,,2024-09-04,1.0357590125788243,174367.14,124442.70000000001,49924.44,0.0,0.0,full
集中_行业轮动_V251111701,,2024-09-05,1.038043576724556,174751.74,124827.29999999999,49924.44,0.0,0.0,full
集中_行业轮动_V251111701,,2024-09-06,1.0364694490630402,174486.74,124562.3,49924.44,0.0,0.0,full
集中_行业轮动_V251111701,,2024-09-09,1.0303400929543172,173454.88,128166.4,45288.48,0.0,0.0,full
集中_行业轮动_V251111701,,2024-09-10,1.0334301352543946,173975.08000000002,128686.6,45288.48,0.0,0.0,full
集中_行业轮动_V251111701,,2024-09-11,1.0330511565947542,173911.28,128622.79999999999,45288.48,0.0,0.0,full
集中_行业轮动_V251111701,,2024-09-12,1.0346722110808961,174184.18,128895.7,45288.48,0.0,0.0,full
集中_行业轮动_V251111701,,2024-09-13,1.036495229116063,174491.08000000002,129202.6,45288.48,0.0,0.0,full
集中_行业轮动_V251111701,,2024-09-18,1.0502210283140418,176801.78,126477.9,50323.88,0.0,0.0,full
集中_行业轮动_V251111701,,2024-09-19,1.0575047843085725,178027.98,127704.1,50323.88,0.0,0.0,full
集中_行业轮动_V251111701,,2024-09-20,1.055087755835098,177621.08,127297.2,50323.88,0.0,0.0,full
集中_行业轮动_V251111701,,2024-09-23,1.053768874458923,177399.05,113202.7,64196.35,0.0,0.0,full
集中_行业轮动_V251111701,,2024-09-24,1.0833731666833089,182382.85,118186.5,64196.35,0.0,0.0,full
集中_行业轮动_V251111701,,2024-09-25,1.0941188155122976,184191.85,119995.5,64196.35,0.0,0.0,full
集中_行业轮动_V251111701,,2024-09-26,1.1300558530194829,190241.75,126045.4,64196.35,0.0,0.0,full
集中_行业轮动_V251111701,,2024-09-27,1.1911052758165699,200519.25000000003,136322.90000000002,64196.35,0.0,0.0,full
集中_行业轮动_V251111701,,2024-09-30,1.2658025636421295,213094.33,104170.4,108923.93,0.0,0.0,full
集中_行业轮动_V251111701,,2024-10-08,1.2654532855044047,213035.53000000003,100774.20000000001,112261.33,0.0,0.0,full
集中_行业轮动_V251111701,,2024-10-09,1.2461823988648222,209791.33000000002,97530.0,112261.33,0.0,0.0,full
集中_行业轮动_V251111701,,2024-10-10,1.2590427248541867,211956.33000000002,99695.0,112261.33,0.0,0.0,full
集中_行业轮动_V251111701,,2024-10-11,1.25504325257306,211283.03,99021.7,112261.33,0.0,0.0,full
集中_行业轮动_V251111701,,2024-10-14,1.269667433157936,213744.97000000003,154141.30000000002,59603.67,0.0,0.0,full
集中_行业轮动_V251111701,,2024-10-15,1.2557681829119711,211405.07,151801.40000000002,59603.67,0.0,0.0,full
集中_行业轮动_V251111701,,2024-10-16,1.2494948386730023,210348.97000000003,150745.30000000002,59603.67,0.0,0.0,full
集中_行业轮动_V251111701,,2024-10-17,1.2454062648261293,209660.66999999998,150057.0,59603.67,0.0,0.0,full
集中_行业轮动_V251111701,,2024-10-18,1.264735364488666,212914.66999999998,153311.0,59603.67,0.0,0.0,full
集中_行业轮动_V251111701,,2024-10-21,1.2658524011179042,213102.72,153947.0,59155.72,0.0,0.0,full
集中_行业轮动_V251111701,,2024-10-22,1.2673279230466608,213351.12,154195.4,59155.72,0.0,0.0,full
集中_行业轮动_V251111701,,2024-10-23,1.2789859719088903,215313.72,156158.0,59155.72,0.0,0.0,full
集中_行业轮动_V251111701,,2024-10-24,1.2621113233774415,212472.91999999998,153317.19999999998,59155.72,0.0,0.0,full
集中_行业轮动_V251111701,,2024-10-25,1.2730636878389614,214316.72,155161.0,59155.72,0.0,0.0,full
集中_行业轮动_V251111701,,2024-10-28,1.2871309242368798,216684.90000000002,139490.40000000002,77194.5,0.0,0.0,full
集中_行业轮动_V251111701,,2024-10-29,1.280109720856081,215502.9,138308.4,77194.5,0.0,0.0,full
集中_行业轮动_V251111701,,2024-10-30,1.2854177981327997,216396.5,139202.0,77194.5,0.0,0.0,full
集中_行业轮动_V251111701,,2024-10-31,1.281240716730619,215693.3,138498.8,77194.5,0.0,0.0,full
集中_行业轮动_V251111701,,2024-11-01,1.2622418868717815,212494.90000000002,135300.40000000002,77194.5,0.0,0.0,full
集中_行业轮动_V251111701,,2024-11-04,1.2765309267673637,214900.41999999998,154838.4,60062.02,0.0,0.0,full
集中_行业轮动_V251111701,,2024-11-05,1.290525812693896,217256.41999999998,157194.4,60062.02,0.0,0.0,full
集中_行业轮动_V251111701,,2024-11-06,1.3043757600734815,219588.02,159526.0,60062.02,0.0,0.0,full
集中_行业轮动_V251111701,,2024-11-07,1.3122404582766771,220912.02,160850.0,60062.02,0.0,0.0,full
集中_行业轮动_V251111701,,2024-11-08,1.3192307731146837,222088.81999999998,162026.8,60062.02,0.0,0.0,full
集中_行业轮动_V251111701,,2024-11-11,1.352655146467827,227715.71999999997,198327.8,29387.92,0.0,0.0,full
集中_行业轮动_V251111701,,2024-11-12,1.3473452871597935,226821.82,197433.90000000002,29387.92,0.0,0.0,full
集中_行业轮动_V251111701,,2024-11-13,1.3458596670535858,226571.72000000003,197183.80000000002,29387.92,0.0,0.0,full
集中_行业轮动_V251111701,,2024-11-14,1.3192824520228166,222097.51999999996,192709.59999999998,29387.92,0.0,0.0,full
集中_行业轮动_V251111701,,2024-11-15,1.308798761797122,220332.62,190944.7,29387.92,0.0,0.0,full
集中_行业轮动_V251111701,,2024-11-18,1.308124797553818,220219.16,156589.5,63629.66,0.0,0.0,full
集中_行业轮动_V251111701,,2024-11-19,1.316929814280855,221701.46,158071.8,63629.66,0.0,0.0,full
集中_行业轮动_V251111701,,2024-11-20,1.3214633019460205,222464.66,158835.0,63629.66,0.0,0.0,full
集中_行业轮动_V251111701,,2024-11-21,1.3204962529524553,222301.86000000002,158672.2,63629.66,0.0,0.0,full
集中_行业轮动_V251111701,,2024-11-22,1.2926312232914352,217610.86000000002,153981.2,63629.66,0.0,0.0,full
集中_行业轮动_V251111701,,2024-11-25,1.2944702796084357,217920.45999999996,189454.09999999998,28466.36,0.0,0.0,full
集中_行业轮动_V251111701,,2024-11-26,1.2871104902778019,216681.45999999996,188215.09999999998,28466.36,0.0,0.0,full
集中_行业轮动_V251111701,,2024-11-27,1.2893742640581933,217062.56,188596.2,28466.36,0.0,0.0,full
集中_行业轮动_V251111701,,2024-11-28,1.2809007051557322,215636.06,187169.69999999998,28466.36,0.0,0.0,full
集中_行业轮动_V251111701,,2024-11-29,1.2866358759375942,216601.56,188135.19999999998,28466.36,0.0,0.0,full
集中_行业轮动_V251111701,,2024-12-02,1.2962963270968384,218227.87,156003.69999999998,62224.17,0.0,0.0,full
集中_行业轮动_V251111701,,2024-12-03,1.3050651091871388,219704.07,157479.90000000002,62224.17,0.0,0.0,full
集中_行业轮动_V251111701,,2024-12-04,1.304146769049515,219549.47000000003,157325.30000000002,62224.17,0.0,0.0,full
集中_行业轮动_V251111701,,2024-12-05,1.3179996864812917,221881.57,159657.4,62224.17,0.0,0.0,full
集中_行业轮动_V251111701,,2024-12-06,1.3206252126186122,222323.57,160099.4,62224.17,0.0,0.0,full
集中_行业轮动_V251111701,,2024-12-09,1.3246448812546412,223000.27000000002,160776.1,62224.17,0.0,0.0,full
集中_行业轮动_V251111701,,2024-12-10,1.3161962707905888,221577.96999999997,159353.8,62224.17,0.0,0.0,full
集中_行业轮动_V251111701,,2024-12-11,1.3198577511323182,222194.37,159970.2,62224.17,0.0,0.0,full
集中_行业轮动_V251111701,,2024-12-12,1.329513390807012,223819.87,161595.7,62224.17,0.0,0.0,full
集中_行业轮动_V251111701,,2024-12-13,1.334875523033617,224722.57,162498.40000000002,62224.17,0.0,0.0,full
集中_行业轮动_V251111701,,2024-12-16,1.337918579108024,225234.86,167135.8,58099.06,0.0,0.0,full
集中_行业轮动_V251111701,,2024-12-17,1.3258649192938816,223205.66,165106.6,58099.06,0.0,0.0,full
集中_行业轮动_V251111701,,2024-12-18,1.3290898019634547,223748.56,165649.5,58099.06,0.0,0.0,full
集中_行业轮动_V251111701,,2024-12-19,1.3146226777384675,221313.06,163214.0,58099.06,0.0,0.0,full
集中_行业轮动_V251111701,,2024-12-20,1.3024389296383356,219261.96,161162.9,58099.06,0.0,0.0,full
集中_行业轮动_V251111701,,2024-12-23,1.303562440981351,219451.1,190618.7,28832.4,0.0,0.0,full
集中_行业轮动_V251111701,,2024-12-24,1.3161429880542728,221569.0,192736.6,28832.4,0.0,0.0,full
集中_行业轮动_V251111701,,2024-12-25,1.3250685889002862,223071.6,194239.2,28832.4,0.0,0.0,full
集中_行业轮动_V251111701,,2024-12-26,1.3161251677411234,221566.0,192733.6,28832.4,0.0,0.0,full
集中_行业轮动_V251111701,,2024-12-27,1.3188564277364627,222025.8,193193.4,28832.4,0.0,0.0,full
集中_行业轮动_V251111701,,2024-12-30,1.3245089122653124,222977.38,159863.0,63114.38,0.0,0.0,full
集中_行业轮动_V251111701,,2024-12-31,1.3173190099200345,221766.98,158652.6,63114.38,0.0,0.0,full
集中_行业轮动_V251111701,,2025-01-02,1.3023160882796936,219241.28,156126.9,63114.38,0.0,0.0,full
集中_行业轮动_V251111701,,2025-01-03,1.2955615955856952,218104.18,154989.8,63114.38,0.0,0.0,full
集中_行业轮动_V251111701,,2025-01-06,1.303965061256436,219518.88,156404.5,63114.38,0.0,0.0,full
集中_行业轮动_V251111701,,2025-01-07,1.3046356990412855,219631.78,156517.4,63114.38,0.0,0.0,full
集中_行业轮动_V251111701,,2025-01-08,1.3087207088255284,220319.48,157205.1,63114.38,0.0,0.0,full
集中_行业轮动_V251111701,,2025-01-09,1.301570605179617,219115.78,156001.4,63114.38,0.0,0.0,full
集中_行业轮动_V251111701,,2025-01-10,1.293855597606875,217816.98,154702.6,63114.38,0.0,0.0,full
集中_行业轮动_V251111701,,2025-01-13,1.2803090707591773,215536.46,130640.79999999999,84895.66,0.0,0.0,full
集中_行业轮动_V251111701,,2025-01-14,1.286689336877042,216610.56000000003,131714.90000000002,84895.66,0.0,0.0,full
集中_行业轮动_V251111701,,2025-01-15,1.2897080979245223,217118.76,132223.1,84895.66,0.0,0.0,full
集中_行业轮动_V251111701,,2025-01-16,1.297740307071321,218470.96000000002,133575.30000000002,84895.66,0.0,0.0,full
集中_行业轮动_V251111701,,2025-01-17,1.2956072155873575,218111.86000000002,133216.2,84895.66,0.0,0.0,full
集中_行业轮动_V251111701,,2025-01-20,1.2945069894535235,217926.63999999998,139690.3,78236.34,0.0,0.0,full
集中_行业轮动_V251111701,,2025-01-21,1.2932560034704474,217716.04,139479.7,78236.34,0.0,0.0,full
集中_行业轮动_V251111701,,2025-01-22,1.288023959529832,216835.24,138598.9,78236.34,0.0,0.0,full
集中_行业轮动_V251111701,,2025-01-23,1.2961589324824576,218204.74,139968.4,78236.34,0.0,0.0,full
集中_行业轮动_V251111701,,2025-01-24,1.3004631321184361,218929.34,140693.0,78236.34,0.0,0.0,full
集中_行业轮动_V251111701,,2025-01-27,1.3078887378056347,220179.42,121610.80000000002,98568.62,0.0,0.0,full
集中_行业轮动_V251111701,,2025-02-05,1.3193265869983835,222104.95,123200.9,98904.05,0.0,0.0,full
集中_行业轮动_V251111701,,2025-02-06,1.3332335593800464,224446.15000000002,125542.1,98904.05,0.0,0.0,full
集中_行业轮动_V251111701,,2025-02-07,1.3384287746734866,225320.75,126416.70000000001,98904.05,0.0,0.0,full
集中_行业轮动_V251111701,,2025-02-10,1.3451033729635327,226444.4,157427.9,69016.5,0.0,0.0,full
集中_行业轮动_V251111701,,2025-02-11,1.3422568749431616,225965.2,156948.7,69016.5,0.0,0.0,full
集中_行业轮动_V251111701,,2025-02-12,1.353451595663511,227849.8,158833.3,69016.5,0.0,0.0,full
集中_行业轮动_V251111701,,2025-02-13,1.3428437572562097,226064.0,157047.5,69016.5,0.0,0.0,full
集中_行业轮动_V251111701,,2025-02-14,1.3520865596762794,227620.0,158603.5,69016.5,0.0,0.0,full
集中_行业轮动_V251111701,,2025-02-17,1.358482210664496,228696.69,167038.2,61658.49,0.0,0.0,full
集中_行业轮动_V251111701,,2025-02-18,1.3464089485058892,226664.18999999997,165005.69999999998,61658.49,0.0,0.0,full
集中_行业轮动_V251111701,,2025-02-19,1.355802035566851,228245.49,166587.0,61658.49,0.0,0.0,full
集中_行业轮动_V251111701,,2025-02-20,1.3605071922486873,229037.59,167379.1,61658.49,0.0,0.0,full
集中_行业轮动_V251111701,,2025-02-21,1.3708584181466397,230780.19,169121.7,61658.49,0.0,0.0,full
集中_行业轮动_V251111701,,2025-02-24,1.3685455197030005,230390.82,150755.3,79635.52,0.0,0.0,full
集中_行业轮动_V251111701,,2025-02-25,1.3530887740877926,227788.72000000003,148153.2,79635.52,0.0,0.0,full
集中_行业轮动_V251111701,,2025-02-26,1.3621129806665648,229307.91999999998,149672.4,79635.52,0.0,0.0,full
集中_行业轮动_V251111701,,2025-02-27,1.3627568879816905,229416.32,149780.8,79635.52,0.0,0.0,full
集中_行业轮动_V251111701,,2025-02-28,1.3542554105886289,227985.12,148349.6,79635.52,0.0,0.0,full
集中_行业轮动_V251111701,,2025-03-03,1.3595699031780812,228879.8,167046.4,61833.4,0.0,0.0,full
集中_行业轮动_V251111701,,2025-03-04,1.351933898993634,227594.3,165760.9,61833.4,0.0,0.0,full
集中_行业轮动_V251111701,,2025-03-05,1.3496760653176259,227214.19999999998,165380.8,61833.4,0.0,0.0,full
集中_行业轮动_V251111701,,2025-03-06,1.3636370926491748,229564.5,167731.1,61833.4,0.0,0.0,full
集中_行业轮动_V251111701,,2025-03-07,1.3714602101216888,230881.5,169048.1,61833.4,0.0,0.0,full
集中_行业轮动_V251111701,,2025-03-10,1.3721712406163433,231001.19999999998,169167.8,61833.4,0.0,0.0,full
集中_行业轮动_V251111701,,2025-03-11,1.3897949363104982,233968.1,172134.7,61833.4,0.0,0.0,full
集中_行业轮动_V251111701,,2025-03-12,1.3833766535245822,232887.6,171054.2,61833.4,0.0,0.0,full
集中_行业轮动_V251111701,,2025-03-13,1.3805099591493084,232404.99999999997,170571.59999999998,61833.4,0.0,0.0,full
集中_行业轮动_V251111701,,2025-03-14,1.4175132453932566,238634.4,176801.0,61833.4,0.0,0.0,full
集中_行业轮动_V251111701,,2025-03-17,1.4149328640492473,238200.0,173511.4,64688.6,0.0,0.0,full
集中_行业轮动_V251111701,,2025-03-18,1.4131745931518562,237904.0,173215.4,64688.6,0.0,0.0,full
集中_行业轮动_V251111701,,2025-03-19,1.4087664416891739,237161.9,172473.3,64688.6,0.0,0.0,full
集中_行业轮动_V251111701,,2025-03-20,1.4027895086589206,236155.7,171467.1,64688.6,0.0,0.0,full
集中_行业轮动_V251111701,,2025-03-21,1.3947887820653526,234808.80000000002,170120.2,64688.6,0.0,0.0,full
集中_行业轮动_V251111701,,2025-03-24,1.3974903415387763,235263.59999999998,168963.8,66299.8,0.0,0.0,full
集中_行业轮动_V251111701,,2025-03-25,1.4007924455653296,235819.5,169519.7,66299.8,0.0,0.0,full
集中_行业轮动_V251111701,,2025-03-26,1.4049303222785818,236516.09999999998,170216.3,66299.8,0.0,0.0,full
集中_行业轮动_V251111701,,2025-03-27,1.405393650420462,236594.09999999998,170294.3,66299.8,0.0,0.0,full
集中_行业轮动_V251111701,,2025-03-28,1.397444602735027,235255.90000000002,168956.1,66299.8,0.0,0.0,full
集中_行业轮动_V251111701,,2025-03-31,1.386091994040175,233344.71999999997,168764.69999999998,64580.02,0.0,0.0,full
集中_行业轮动_V251111701,,2025-04-01,1.3996740427120835,235631.22,171051.2,64580.02,0.0,0.0,full
集中_行业轮动_V251111701,,2025-04-02,1.3989380637790199,235507.31999999998,170927.3,64580.02,0.0,0.0,full
集中_行业轮动_V251111701,,2025-04-03,1.4136374460853853,237981.91999999998,173401.9,64580.02,0.0,0.0,full
集中_行业轮动_V251111701,,2025-04-07,1.3714543888193935,230880.52000000002,165337.10000000003,65543.42,0.0,0.0,full
集中_行业轮动_V251111701,,2025-04-08,1.3903171902878586,234056.02000000002,168512.6,65543.42,0.0,0.0,full
集中_行业轮动_V251111701,,2025-04-09,1.396329169933972,235068.12,169524.7,65543.42,0.0,0.0,full
集中_行业轮动_V251111701,,2025-04-10,1.4021445321250057,236047.12,170503.69999999998,65543.42,0.0,0.0,full
集中_行业轮动_V251111701,,2025-04-11,1.3978468666038486,235323.62,169780.2,65543.42,0.0,0.0,full
集中_行业轮动_V251111701,,2025-04-14,1.4019968611300424,236022.26,205129.4,30892.86,0.0,0.0,full
集中_行业轮动_V251111701,,2025-04-15,1.4012097972992845,235889.76,204996.90000000002,30892.86,0.0,0.0,full
集中_行业轮动_V251111701,,2025-04-16,1.4076601566488691,236975.65999999997,206082.8,30892.86,0.0,0.0,full
集中_行业轮动_V251111701,,2025-04-17,1.4117124958590053,237657.86,206765.0,30892.86,0.0,0.0,full
集中_行业轮动_V251111701,,2025-04-18,1.4048837518602186,236508.26,205615.40000000002,30892.86,0.0,0.0,full
集中_行业轮动_V251111701,,2025-04-21,1.4145754479685178,238139.83000000002,168162.1,69977.73,0.0,0.0,full
集中_行业轮动_V251111701,,2025-04-22,1.4222862974681918,239437.93,169460.19999999998,69977.73,0.0,0.0,full
集中_行业轮动_V251111701,,2025-04-23,1.409633875132235,237307.93,167330.19999999998,69977.73,0.0,0.0,full
集中_行业轮动_V251111701,,2025-04-24,1.4140384625322877,238049.43,168071.69999999998,69977.73,0.0,0.0,full
集中_行业轮动_V251111701,,2025-04-25,1.4090339245895442,237206.93,167229.2,69977.73,0.0,0.0,full
集中_行业轮动_V251111701,,2025-04-28,1.4047056675308143,236478.28,174155.6,62322.68,0.0,0.0,full
集中_行业轮动_V251111701,,2025-04-29,1.4016785903371975,235968.68,173646.0,62322.68,0.0,0.0,full
集中_行业轮动_V251111701,,2025-04-30,1.398443609490173,235424.08,173101.4,62322.68,0.0,0.0,full
集中_行业轮动_V251111701,,2025-05-06,1.4071796022042788,236894.76,169213.6,67681.16,0.0,0.0,full
集中_行业轮动_V251111701,,2025-05-07,1.4153775402633653,238274.86000000002,170593.7,67681.16,0.0,0.0,full
集中_行业轮动_V251111701,,2025-05-08,1.4212784399575153,239268.26,171587.1,67681.16,0.0,0.0,full
集中_行业轮动_V251111701,,2025-05-09,1.4292791665510836,240615.16,172934.0,67681.16,0.0,0.0,full
集中_行业轮动_V251111701,,2025-05-12,1.4359827525505189,241743.69,210501.8,31241.89,0.0,0.0,full
集中_行业轮动_V251111701,,2025-05-13,1.4398972813389674,242402.69,211160.8,31241.89,0.0,0.0,full
集中_行业轮动_V251111701,,2025-05-14,1.4616772680699621,246069.28999999998,214827.4,31241.89,0.0,0.0,full
集中_行业轮动_V251111701,,2025-05-15,1.4462561630810526,243473.19,212231.3,31241.89,0.0,0.0,full
集中_行业轮动_V251111701,,2025-05-16,1.4374505523435772,241990.78999999998,210748.9,31241.89,0.0,0.0,full
集中_行业轮动_V251111701,,2025-05-19,1.4351927186675693,241610.69,171918.90000000002,69691.79,0.0,0.0,full
集中_行业轮动_V251111701,,2025-05-20,1.4441058452943782,243111.19,173419.4,69691.79,0.0,0.0,full
集中_行业轮动_V251111701,,2025-05-21,1.4491377077172838,243958.28999999998,174266.5,69691.79,0.0,0.0,full
集中_行业轮动_V251111701,,2025-05-22,1.441313402223893,242641.08999999997,172949.3,69691.79,0.0,0.0,full
集中_行业轮动_V251111701,,2025-05-23,1.4424301418479117,242829.08999999997,173137.3,69691.79,0.0,0.0,full
集中_行业轮动_V251111701,,2025-05-26,1.4343662719447516,241471.56,146732.5,94739.06,0.0,0.0,full
集中_行业轮动_V251111701,,2025-05-27,1.4390274718541531,242256.26,147517.2,94739.06,0.0,0.0,full
集中_行业轮动_V251111701,,2025-05-28,1.435339855053138,241635.46,146896.4,94739.06,0.0,0.0,full
集中_行业轮动_V251111701,,2025-05-29,1.452368946298547,244502.26,149763.2,94739.06,0.0,0.0,full
集中_行业轮动_V251111701,,2025-05-30,1.4514191236076928,244342.36000000002,149603.30000000002,94739.06,0.0,0.0,full
集中_行业轮动_V251111701,,2025-06-03,1.4655473648776252,246720.81,168910.2,77810.61,0.0,0.0,full
集中_行业轮动_V251111701,,2025-06-04,1.4695741616389137,247398.70999999996,169588.09999999998,77810.61,0.0,0.0,full
集中_行业轮动_V251111701,,2025-06-05,1.4621561592853256,246149.90999999997,168339.3,77810.61,0.0,0.0,full
集中_行业轮动_V251111701,,2025-06-06,1.462093194178865,246139.31,168328.7,77810.61,0.0,0.0,full
集中_行业轮动_V251111701,,2025-06-09,1.4741351519873727,248166.53999999998,171217.0,76949.54,0.0,0.0,full
集中_行业轮动_V251111701,,2025-06-10,1.471715747472145,247759.24,170809.7,76949.54,0.0,0.0,full
集中_行业轮动_V251111701,,2025-06-11,1.477097482043214,248665.24,171715.7,76949.54,0.0,0.0,full
集中_行业轮动_V251111701,,2025-06-12,1.4769555135484582,248641.33999999997,171691.8,76949.54,0.0,0.0,full
集中_行业轮动_V251111701,,2025-06-13,1.4612231470898756,245992.83999999997,169043.3,76949.54,0.0,0.0,full
集中_行业轮动_V251111701,,2025-06-16,1.4561068757836868,245131.53000000003,147314.2,97817.33,0.0,0.0,full
集中_行业轮动_V251111701,,2025-06-17,1.4536559887152285,244718.93,146901.6,97817.33,0.0,0.0,full
集中_行业轮动_V251111701,,2025-06-18,1.447734298655738,243722.03000000003,145904.7,97817.33,0.0,0.0,full
集中_行业轮动_V251111701,,2025-06-19,1.4377091844884167,242034.33000000002,144217.0,97817.33,0.0,0.0,full
集中_行业轮动_V251111701,,2025-06-20,1.4359224010899867,241733.53000000003,143916.2,97817.33,0.0,0.0,full
集中_行业轮动_V251111701,,2025-06-23,1.4422980339264322,242806.85,211434.2,31372.65,0.0,0.0,full
集中_行业轮动_V251111701,,2025-06-24,1.4555462487320117,245037.15,213664.5,31372.65,0.0,0.0,full
集中_行业轮动_V251111701,,2025-06-25,1.4932748217211336,251388.65000000002,220016.00000000003,31372.65,0.0,0.0,full
集中_行业轮动_V251111701,,2025-06-26,1.4914844742600735,251087.24999999997,219714.59999999998,31372.65,0.0,0.0,full
集中_行业轮动_V251111701,,2025-06-27,1.4810215743997195,249325.85,217953.2,31372.65,0.0,0.0,full
集中_行业轮动_V251111701,,2025-06-30,1.4965152080631465,251934.16000000003,185167.90000000002,66766.26,0.0,0.0,full
集中_行业轮动_V251111701,,2025-07-01,1.5068070329172678,253666.76,186900.5,66766.26,0.0,0.0,full
集中_行业轮动_V251111701,,2025-07-02,1.5106069176911225,254306.45999999996,187540.19999999998,66766.26,0.0,0.0,full
集中_行业轮动_V251111701,,2025-07-03,1.50973728640944,254160.06,187393.8,66766.26,0.0,0.0,full
集中_行业轮动_V251111701,,2025-07-04,1.5208696360337668,256034.15999999997,189267.9,66766.26,0.0,0.0,full
集中_行业轮动_V251111701,,2025-07-07,1.524908313003822,256714.06,189947.8,66766.26,0.0,0.0,full
集中_行业轮动_V251111701,,2025-07-08,1.5227069103194533,256343.46000000002,189577.2,66766.26,0.0,0.0,full
集中_行业轮动_V251111701,,2025-07-09,1.5265133292081297,256984.26,190218.0,66766.26,0.0,0.0,full
集中_行业轮动_V251111701,,2025-07-10,1.5370783988638725,258762.86,191996.6,66766.26,0.0,0.0,full
集中_行业轮动_V251111701,,2025-07-11,1.5257244833460566,256851.45999999996,190085.19999999998,66766.26,0.0,0.0,full
集中_行业轮动_V251111701,,2025-07-14,1.5397849480249783,259218.5,225578.4,33640.1,0.0,0.0,full
集中_行业轮动_V251111701,,2025-07-15,1.529132558834804,257425.19999999998,223785.09999999998,33640.1,0.0,0.0,full
集中_行业轮动_V251111701,,2025-07-16,1.5341608571950798,258271.7,224631.6,33640.1,0.0,0.0,full
集中_行业轮动_V251111701,,2025-07-17,1.5432711952874067,259805.4,226165.3,33640.1,0.0,0.0,full
集中_行业轮动_V251111701,,2025-07-18,1.5626531618789525,263068.29999999993,229428.19999999995,33640.1,0.0,0.0,full
集中_行业轮动_V251111701,,2025-07-21,1.5731865707783337,264841.56999999995,196073.19999999998,68768.37,0.0,0.0,full
集中_行业轮动_V251111701,,2025-07-22,1.584664634477756,266773.87,198005.5,68768.37,0.0,0.0,full
集中_行业轮动_V251111701,,2025-07-23,1.5885310484207016,267424.77,198656.4,68768.37,0.0,0.0,full
集中_行业轮动_V251111701,,2025-07-24,1.610694171884405,271155.87,202387.5,68768.37,0.0,0.0,full
集中_行业轮动_V251111701,,2025-07-25,1.6161917384909439,272081.37,203313.0,68768.37,0.0,0.0,full
集中_行业轮动_V251111701,,2025-07-28,1.6212343525027828,272930.28,202840.0,70090.28,0.0,0.0,full
集中_行业轮动_V251111701,,2025-07-29,1.6312891671920189,274622.98,204532.69999999998,70090.28,0.0,0.0,full
集中_行业轮动_V251111701,,2025-07-30,1.6346714626277439,275192.38,205102.1,70090.28,0.0,0.0,full
集中_行业轮动_V251111701,,2025-07-31,1.6104453409117974,271113.98,201023.69999999998,70090.28,0.0,0.0,full
集中_行业轮动_V251111701,,2025-08-01,1.607187787668117,270565.57999999996,200475.3,70090.28,0.0,0.0,full
集中_行业轮动_V251111701,,2025-08-04,1.6160944989821928,272065.0,202732.5,69332.5,0.0,0.0,full
集中_行业轮动_V251111701,,2025-08-05,1.6177612922720843,272345.6,203013.1,69332.5,0.0,0.0,full
集中_行业轮动_V251111701,,2025-08-06,1.6146872882538412,271828.1,202495.6,69332.5,0.0,0.0,full
集中_行业轮动_V251111701,,2025-08-07,1.6160457901262515,272056.8,202724.3,69332.5,0.0,0.0,full
集中_行业轮动_V251111701,,2025-08-08,1.6138111228573373,271680.6,202348.1,69332.5,0.0,0.0,full
集中_行业轮动_V251111701,,2025-08-11,1.6298952028964424,274388.31,186188.4,88199.91,0.0,0.0,full
集中_行业轮动_V251111701,,2025-08-12,1.6342451413361705,275120.61,186920.7,88199.91,0.0,0.0,full
集中_行业轮动_V251111701,,2025-08-13,1.64566796206483,277043.61,188843.7,88199.91,0.0,0.0,full
集中_行业轮动_V251111701,,2025-08-14,1.629339209126186,274294.70999999996,186094.8,88199.91,0.0,0.0,full
集中_行业轮动_V251111701,,2025-08-15,1.641742147078054,276382.71,188182.80000000002,88199.91,0.0,0.0,full
集中_行业轮动_V251111701,,2025-08-18,1.6579532859499129,279111.81,190911.9,88199.91,0.0,0.0,full
集中_行业轮动_V251111701,,2025-08-19,1.656721902311301,278904.51,190704.6,88199.91,0.0,0.0,full
集中_行业轮动_V251111701,,2025-08-20,1.6625634009616204,279887.91000000003,191688.0,88199.91,0.0,0.0,full
集中_行业轮动_V251111701,,2025-08-21,1.6660454901509807,280474.11,192274.2,88199.91,0.0,0.0,full
集中_行业轮动_V251111701,,2025-08-22,1.679020460154939,282658.41000000003,194458.5,88199.91,0.0,0.0,full
集中_行业轮动_V251111701,,2025-08-25,1.696443202117814,285591.48,195057.3,90534.18,0.0,0.0,full
集中_行业轮动_V251111701,,2025-08-26,1.6918901121081846,284824.98,194290.80000000002,90534.18,0.0,0.0,full
集中_行业轮动_V251111701,,2025-08-27,1.6655089205220572,280383.77999999997,189849.59999999998,90534.18,0.0,0.0,full
集中_行业轮动_V251111701,,2025-08-28,1.6681498909307741,280828.38,190294.2,90534.18,0.0,0.0,full
集中_行业轮动_V251111701,,2025-08-29,1.6829817375648826,283325.28,192791.1,90534.18,0.0,0.0,full
集中_行业轮动_V251111701,,2025-09-01,1.6996701638239216,286134.73,179782.1,106352.63,0.0,0.0,full
集中_行业轮动_V251111701,,2025-09-02,1.6903917207775532,284572.73,178220.1,106352.63,0.0,0.0,full
集中_行业轮动_V251111701,,2025-09-03,1.6772159752454474,282354.63,176002.0,106352.63,0.0,0.0,full
集中_行业轮动_V251111701,,2025-09-04,1.6637414424628725,280086.23,173733.6,106352.63,0.0,0.0,full
集中_行业轮动_V251111701,,2025-09-05,1.685564791955864,283760.13,177407.5,106352.63,0.0,0.0,full
集中_行业轮动_V251111701,,2025-09-08,1.7103767861671133,287937.16,154964.8,132972.36,0.0,0.0,full
集中_行业轮动_V251111701,,2025-09-09,1.7100108757371157,287875.56,154903.2,132972.36,0.0,0.0,full
集中_行业轮动_V251111701,,2025-09-10,1.7076966110694682,287485.95999999996,154513.6,132972.36,0.0,0.0,full
集中_行业轮动_V251111701,,2025-09-11,1.7126340258326829,288317.16,155344.8,132972.36,0.0,0.0,full
集中_行业轮动_V251111701,,2025-09-12,1.7063375151866198,287257.16,154284.8,132972.36,0.0,0.0,full
集中_行业轮动_V251111701,,2025-09-15,1.7063950153970484,287266.84,154496.7,132770.14,0.0,0.0,full
集中_行业轮动_V251111701,,2025-09-16,1.7066023250400177,287301.74,154531.6,132770.14,0.0,0.0,full
集中_行业轮动_V251111701,,2025-09-17,1.7073032573572209,287419.74,154649.59999999998,132770.14,0.0,0.0,full
集中_行业轮动_V251111701,,2025-09-18,1.6988831593942073,286002.24,153232.1,132770.14,0.0,0.0,full
集中_行业轮动_V251111701,,2025-09-19,1.7077576753425263,287496.24,154726.09999999998,132770.14,0.0,0.0,full
集中_行业轮动_V251111701,,2025-09-22,1.693825635720367,285150.82,199148.3,86002.52,0.0,0.0,full
集中_行业轮动_V251111701,,2025-09-23,1.692930461989837,285000.12,198997.59999999998,86002.52,0.0,0.0,full
集中_行业轮动_V251111701,,2025-09-24,1.6874560617903924,284078.52,198076.0,86002.52,0.0,0.0,full
集中_行业轮动_V251111701,,2025-09-25,1.682638637135716,283267.52,197265.0,86002.52,0.0,0.0,full
集中_行业轮动_V251111701,,2025-09-26,1.6779132840989772,282472.02,196469.5,86002.52,0.0,0.0,full
集中_行业轮动_V251111701,,2025-09-29,1.6884443763576489,284244.9,192361.6,91883.3,0.0,0.0,full
集中_行业轮动_V251111701,,2025-09-30,1.6882204344224068,284207.2,192323.9,91883.3,0.0,0.0,full
集中_行业轮动_V251111701,,2025-10-09,1.7067741128587766,287330.66000000003,195130.40000000002,92200.26,0.0,0.0,full
集中_行业轮动_V251111701,,2025-10-10,1.7052979969195812,287082.16,194881.9,92200.26,0.0,0.0,full
集中_行业轮动_V251111701,,2025-10-13,1.6940961480739722,285196.36,192996.09999999998,92200.26,0.0,0.0,full
集中_行业轮动_V251111701,,2025-10-14,1.6778232321165292,282456.86,190256.59999999998,92200.26,0.0,0.0,full
集中_行业轮动_V251111701,,2025-10-15,1.690191717462975,284539.06,192338.8,92200.26,0.0,0.0,full
集中_行业轮动_V251111701,,2025-10-16,1.6894551445194734,284415.06,192214.8,92200.26,0.0,0.0,full
集中_行业轮动_V251111701,,2025-10-17,1.6659305491311682,280454.75999999995,188254.49999999997,92200.26,0.0,0.0,full
集中_行业轮动_V251111701,,2025-10-20,1.6954612434622478,285426.17000000004,209178.2,76247.97,0.0,0.0,full
集中_行业轮动_V251111701,,2025-10-21,1.6986683058186713,285966.06999999995,209718.09999999998,76247.97,0.0,0.0,full
集中_行业轮动_V251111701,,2025-10-22,1.6924656488218612,284921.87,208673.9,76247.97,0.0,0.0,full
集中_行业轮动_V251111701,,2025-10-23,1.701957341615582,286519.77,210271.8,76247.97,0.0,0.0,full
集中_行业轮动_V251111701,,2025-10-24,1.7098921330504975,287855.56999999995,211607.59999999998,76247.97,0.0,0.0,full
集中_行业轮动_V251111701,,2025-10-27,1.7247564720555815,290357.94,252542.0,37815.94,0.0,0.0,full
集中_行业轮动_V251111701,,2025-10-28,1.71779942180212,289186.74,251370.8,37815.94,0.0,0.0,full
集中_行业轮动_V251111701,,2025-10-29,1.7328225397973633,291715.84,253899.90000000002,37815.94,0.0,0.0,full
集中_行业轮动_V251111701,,2025-10-30,1.7270469763056964,290743.54000000004,252927.60000000003,37815.94,0.0,0.0,full
集中_行业轮动_V251111701,,2025-10-31,1.7093745717556,287768.44,249952.5,37815.94,0.0,0.0,full
集中_行业轮动_V251111701,,2025-11-03,1.7138888728836081,288528.41000000003,205358.2,83170.21,0.0,0.0,full
集中_行业轮动_V251111701,,2025-11-04,1.7123022710028877,288261.31,205091.1,83170.21,0.0,0.0,full
集中_行业轮动_V251111701,,2025-11-05,1.7098418797674169,287847.11000000004,204676.90000000002,83170.21,0.0,0.0,full
集中_行业轮动_V251111701,,2025-11-06,1.7177725131292645,289182.21,206012.0,83170.21,0.0,0.0,full
集中_行业轮动_V251111701,,2025-11-07,1.7185471027408181,289312.61000000004,206142.40000000002,83170.21,0.0,0.0,full
集中_行业轮动_V251111701,,2025-11-10,1.7301040510264474,291258.19,215710.0,75548.19,0.0,0.0,full
集中_行业轮动_V251111701,,2025-11-11,1.7321201224540643,291597.59,216049.40000000002,75548.19,0.0,0.0,full
集中_行业轮动_V251111701,,2025-11-12,1.7303161127529234,291293.89,215745.7,75548.19,0.0,0.0,full
集中_行业轮动_V251111701,,2025-11-13,1.731218414608713,291445.79000000004,215897.60000000003,75548.19,0.0,0.0,full
集中_行业轮动_V251111701,,2025-11-14,1.7210620241345256,289735.99,214187.8,75548.19,0.0,0.0,full
集中_行业轮动_V251111701,,2025-11-17,1.7106364281296973,287980.87,213008.0,74972.87,0.0,0.0,full
集中_行业轮动_V251111701,,2025-11-18,1.698046376889763,285861.37,210888.5,74972.87,0.0,0.0,full
集中_行业轮动_V251111701,,2025-11-19,1.6964128481844163,285586.37,210613.5,74972.87,0.0,0.0,full
集中_行业轮动_V251111701,,2025-11-20,1.7035492895902469,286787.77,211814.9,74972.87,0.0,0.0,full
集中_行业轮动_V251111701,,2025-11-21,1.681354683573313,283051.37,208078.5,74972.87,0.0,0.0,full
集中_行业轮动_V251111701,,2025-11-24,1.681389136178735,283057.17,246165.5,36891.67,0.0,0.0,full
集中_行业轮动_V251111701,,2025-11-25,1.691761152442028,284803.27,247911.6,36891.67,0.0,0.0,full
集中_行业轮动_V251111701,,2025-11-26,1.6857046220130414,283783.67000000004,246892.00000000003,36891.67,0.0,0.0,full
集中_行业轮动_V251111701,,2025-11-27,1.6842184078963949,283533.47,246641.8,36891.67,0.0,0.0,full
集中_行业轮动_V251111701,,2025-11-28,1.6879998783466628,284170.07,247278.4,36891.67,0.0,0.0,full
集中_行业轮动_V251111701,,2025-12-01,1.7019516391153742,286518.81,210942.9,75575.91,0.0,0.0,full
集中_行业轮动_V251111701,,2025-12-02,1.695270803715726,285394.11,209818.2,75575.91,0.0,0.0,full
集中_行业轮动_V251111701,,2025-12-03,1.6905430746372339,284598.20999999996,209022.3,75575.91,0.0,0.0,full
集中_行业轮动_V251111701,,2025-12-04,1.6859478098864846,283824.61,208248.7,75575.91,0.0,0.0,full
集中_行业轮动_V251111701,,2025-12-05,1.692206897874934,284878.31,209302.4,75575.91,0.0,0.0,full
集中_行业轮动_V251111701,,2025-12-08,1.6879903147786062,284168.46,203056.0,81112.46,0.0,0.0,full
集中_行业轮动_V251111701,,2025-12-09,1.703322912212208,286749.66000000003,205637.2,81112.46,0.0,0.0,full
集中_行业轮动_V251111701,,2025-12-10,1.7096966442152508,287822.66000000003,206710.2,81112.46,0.0,0.0,full
集中_行业轮动_V251111701,,2025-12-11,1.6835756292011022,283425.26,202312.8,81112.46,0.0,0.0,full
集中_行业轮动_V251111701,,2025-12-12,1.69776178648877,285813.46,204701.0,81112.46,0.0,0.0,full
集中_行业轮动_V251111701,,2025-12-15,1.687117594642644,284021.54,204970.39999999997,79051.14,0.0,0.0,full
集中_行业轮动_V251111701,,2025-12-16,1.671681639392777,281422.94,202371.8,79051.14,0.0,0.0,full
集中_行业轮动_V251111701,,2025-12-17,1.6897740093227571,284468.74000000005,205417.60000000003,79051.14,0.0,0.0,full
集中_行业轮动_V251111701,,2025-12-18,1.6911099387985113,284693.64,205642.5,79051.14,0.0,0.0,full
集中_行业轮动_V251111701,,2025-12-19,1.6978703715968928,285831.74,206780.59999999998,79051.14,0.0,0.0,full
集中_行业轮动_V251111701,,2025-12-22,1.707437444315235,287442.32999999996,207713.39999999997,79728.93,0.0,0.0,full
集中_行业轮动_V251111701,,2025-12-23,1.691177596587435,284705.02999999997,204976.09999999998,79728.93,0.0,0.0,full
集中_行业轮动_V251111701,,2025-12-24,1.716515705843894,288970.63,209241.7,79728.93,0.0,0.0,full
集中_行业轮动_V251111701,,2025-12-25,1.7529629983175856,295106.43,215377.5,79728.93,0.0,0.0,full
集中_行业轮动_V251111701,,2025-12-26,1.765065366987669,297143.82999999996,217414.9,79728.93,0.0,0.0,full
集中_行业轮动_V251111701,,2025-12-29,1.7798669190894236,299635.63,219906.7,79728.93,0.0,0.0,full
集中_行业轮动_V251111701,,2025-12-30,1.767940377509079,297627.82999999996,217898.9,79728.93,0.0,0.0,full
集中_行业轮动_V251111701,,2025-12-31,1.8561402650076886,100000.0,0.0,100000.0,-202379.62,0.0,funds_only
集中_行业轮动_V251111701,,2026-01-06,1.8589337561065253,100150.5,89085.3,11065.2,-202379.62,0.0,full
集中_行业轮动_V251111701,,2026-01-07,1.8573077772343787,100062.90000000001,88997.70000000001,11065.2,-202379.62,0.0,full
集中_行业轮动_V251111701,,2026-01-08,1.8326341046916315,98733.6,87668.40000000001,11065.2,-202379.62,0.0,full
集中_行业轮动_V251111701,,2026-01-09,1.8326173994292463,98732.7,87667.5,11065.2,-202379.62,0.0,full
集中_行业轮动_V251111701,,2026-01-12,1.8371890729019604,98979.0,73518.9,25460.1,-202379.62,0.0,full
集中_行业轮动_V251111701,,2026-01-13,1.8413152727110722,99201.29999999999,73741.2,25460.1,-202379.62,0.0,full
集中_行业轮动_V251111701,,2026-01-14,1.8414322095477682,99207.6,73747.5,25460.1,-202379.62,0.0,full
集中_行业轮动_V251111701,,2026-01-15,1.8372076343046106,98980.0,73519.9,25460.1,-202379.62,0.0,full
集中_行业轮动_V251111701,,2026-01-16,1.8158991440623224,97832.0,72371.9,25460.1,-202379.62,0.0,full
集中_行业轮动_V251111701,,2026-01-19,1.8256494488744075,98357.29999999999,72897.2,25460.1,-202379.62,0.0,full
集中_行业轮动_V251111701,,2026-01-20,1.8373487009647513,98987.6,73527.5,25460.1,-202379.62,0.0,full
集中_行业轮动_V251111701,,2026-01-21,1.8372169150059356,98980.5,73520.4,25460.1,-202379.62,0.0,full
集中_行业轮动_V251111701,,2026-01-22,1.8534377247818377,99854.4,74394.3,25460.1,-202379.62,0.0,full
集中_行业轮动_V251111701,,2026-01-23,1.8647861663620953,100465.80000000002,75005.70000000001,25460.1,-202379.62,0.0,full
集中_行业轮动_V251111701,,2026-01-26,1.8633569383580395,100388.80000000002,74596.3,25792.500000000007,-202379.62,0.0,full
集中_行业轮动_V251111701,,2026-01-27,1.8447398515000124,99385.80000000002,73593.3,25792.500000000007,-202379.62,0.0,full
集中_行业轮动_V251111701,,2026-01-28,1.854308254566127,99901.30000000002,74108.8,25792.500000000007,-202379.62,0.0,full
集中_行业轮动_V251111701,,2026-01-29,1.8614915173917068,100288.30000000002,74495.8,25792.500000000007,-202379.62,0.0,full
集中_行业轮动_V251111701,,2026-01-30,1.8463231391460637,99471.1,73678.6,25792.500000000007,-202379.62,0.0,full
集中_行业轮动_V251111701,,2026-02-02,1.7956560783321485,96741.4,68600.2,28141.2,-202379.62,0.0,full
集中_行业轮动_V251111701,,2026-02-03,1.8395797815632908,99107.8,70966.6,28141.2,-202379.62,0.0,full
集中_行业轮动_V251111701,,2026-02-04,1.8596520823890839,100189.2,72048.0,28141.2,-202379.62,0.0,full
集中_行业轮动_V251111701,,2026-02-05,1.840821539400581,99174.7,71033.5,28141.2,-202379.62,0.0,full
集中_行业轮动_V251111701,,2026-02-06,1.84422755678687,99358.2,71217.0,28141.2,-202379.62,0.0,full
集中_行业轮动_V251111701,,2026-02-09,1.8568233246252124,100036.8,72592.7,27444.100000000006,-202379.62,0.0,full
集中_行业轮动_V251111701,,2026-02-10,1.8496344933788376,99649.5,72205.4,27444.100000000006,-202379.62,0.0,full
集中_行业轮动_V251111701,,2026-02-11,1.8541727563267818,99894.00000000001,72449.90000000001,27444.100000000006,-202379.62,0.0,full
集中_行业轮动_V251111701,,2026-02-12,1.8565875948115569,100024.1,72580.0,27444.100000000006,-202379.62,0.0,full
集中_行业轮动_V251111701,,2026-02-13,1.823832287554966,98259.4,70815.29999999999,27444.100000000006,-202379.62,0.0,full
集中_行业轮动_V251111701,,2026-02-24,1.853268816017723,99845.3,65319.0,34526.3,-202379.62,0.0,full
集中_行业轮动_V251111701,,2026-02-25,1.8700873029589578,100751.40000000001,66225.1,34526.3,-202379.62,0.0,full
集中_行业轮动_V251111701,,2026-02-26,1.8567750649783226,100034.20000000001,65507.9,34526.3,-202379.62,0.0,full
集中_行业轮动_V251111701,,2026-02-27,1.8708631695897306,100793.2,66266.9,34526.3,-202379.62,0.0,full
集中_行业轮动_V251111701,,2026-03-02,1.8992546910832888,102322.80000000002,61254.200000000004,41068.600000000006,-202379.62,0.0,full
集中_行业轮动_V251111701,,2026-03-03,1.9356536016800892,104283.8,63215.2,41068.600000000006,-202379.62,0.0,full
集中_行业轮动_V251111701,,2026-03-04,1.8997465682535155,102349.3,61280.7,41068.600000000006,-202379.62,0.0,full
集中_行业轮动_V251111701,,2026-03-05,1.9023971365519465,102492.1,61423.5,41068.600000000006,-202379.62,0.0,full
集中_行业轮动_V251111701,,2026-03-06,1.8995201191411846,102337.1,61268.5,41068.600000000006,-202379.62,0.0,full
集中_行业轮动_V251111701,,2026-03-09,1.916544637651835,103254.3,76271.2,26983.100000000006,-202379.62,0.0,full
集中_行业轮动_V251111701,,2026-03-10,1.9129066027324197,103058.3,76075.2,26983.100000000006,-202379.62,0.0,full
集中_行业轮动_V251111701,,2026-03-11,1.936149191130846,104310.5,77327.4,26983.100000000006,-202379.62,0.0,full
集中_行业轮动_V251111701,,2026-03-12,1.953687860494904,105255.40000000001,78272.3,26983.100000000006,-202379.62,0.0,full
集中_行业轮动_V251111701,,2026-03-13,1.9427347767910934,104665.3,77682.2,26983.100000000006,-202379.62,0.0,full
集中_行业轮动_V251111701,,2026-03-16,1.9214726900554302,103519.8,76616.7,26903.100000000006,-202379.62,0.0,full
集中_行业轮动_V251111701,,2026-03-17,1.9039080347276627,102573.50000000001,75670.40000000001,26903.100000000006,-202379.62,0.0,full
集中_行业轮动_V251111701,,2026-03-18,1.8956166561638732,102126.8,75223.7,26903.100000000006,-202379.62,0.0,full
集中_行业轮动_V251111701,,2026-03-19,1.8690404398494929,100695.0,73791.9,26903.100000000006,-202379.62,0.0,full
集中_行业轮动_V251111701,,2026-03-20,1.8556502439777274,99973.6,73070.5,26903.100000000006,-202379.62,0.0,full
集中_行业轮动_V251111701,,2026-03-23,1.7997432991956959,96961.6,70713.5,26248.100000000006,-202379.62,0.0,full
集中_行业轮动_V251111701,,2026-03-24,1.8169460071717871,97888.40000000001,71640.3,26248.100000000006,-202379.62,0.0,full
集中_行业轮动_V251111701,,2026-03-25,1.8290814522244072,98542.20000000001,72294.1,26248.100000000006,-202379.62,0.0,full
集中_行业轮动_V251111701,,2026-03-26,1.8262526944605357,98389.80000000002,72141.70000000001,26248.100000000006,-202379.62,0.0,full
集中_行业轮动_V251111701,,2026-03-27,1.8306257609248935,98625.40000000001,72377.3,26248.100000000006,-202379.62,0.0,full
集中_行业轮动_V251111701,,2026-03-30,1.8337366520090461,98793.0,85806.9,12986.100000000013,-202379.62,0.0,full
集中_行业轮动_V251111701,,2026-03-31,1.8111789793684079,97577.70000000001,84591.59999999999,12986.100000000013,-202379.62,0.0,full
集中_行业轮动_V251111701,,2026-04-01,1.8192531895211912,98012.70000000001,85026.6,12986.100000000013,-202379.62,0.0,full
集中_行业轮动_V251111701,,2026-04-02,1.8042128849538341,97202.40000000002,84216.3,12986.100000000013,-202379.62,0.0,full
集中_行业轮动_V251111701,,2026-04-03,1.7824793385908586,96031.5,83045.4,12986.100000000013,-202379.62,0.0,full
集中_行业轮动_V251111701,,2026-04-07,1.7804023176343151,95919.6,84302.4,11617.200000000008,-202379.62,0.0,full
集中_行业轮动_V251111701,,2026-04-08,1.8311826030043954,98655.40000000001,87038.2,11617.200000000008,-202379.62,0.0,full
集中_行业轮动_V251111701,,2026-04-09,1.8223139648181885,98177.6,86560.4,11617.200000000008,-202379.62,0.0,full
集中_行业轮动_V251111701,,2026-04-10,1.8349746975658061,98859.70000000001,87242.5,11617.200000000008,-202379.62,0.0,full
集中_行业轮动_V251111701,,2026-04-13,1.8282647505078033,98498.20000000001,86789.9,11708.300000000014,-202379.62,0.0,full
集中_行业轮动_V251111701,,2026-04-14,1.8498349565274579,99660.30000000002,87952.0,11708.300000000014,-202379.62,0.0,full
集中_行业轮动_V251111701,,2026-04-15,1.8583880508686133,100121.10000000002,88412.8,11708.300000000014,-202379.62,0.0,full
集中_行业轮动_V251111701,,2026-04-16,1.877682628923368,101160.6,89452.29999999999,11708.300000000014,-202379.62,0.0,full
集中_行业轮动_V251111701,,2026-04-17,1.8815434006745841,101368.60000000002,89660.3,11708.300000000014,-202379.62,0.0,full
集中_行业轮动_V251111701,,2026-04-20,1.8863587341346222,101628.02724000001,88252.2,13375.827240000013,-202379.62,0.0,full
集中_行业轮动_V251111701,,2026-04-21,1.8917749514279147,101919.82724000001,88544.0,13375.827240000013,-202379.62,0.0,full
集中_行业轮动_V251111701,,2026-04-22,1.8929406075143398,101982.62724000002,88606.8,13375.827240000013,-202379.62,0.0,full
集中_行业轮动_V251111701,,2026-04-23,1.8799754677632612,101284.12724000002,87908.3,13375.827240000013,-202379.62,0.0,full
集中_行业轮动_V251111701,,2026-04-24,1.8943271442923004,102057.32724000001,88681.5,13375.827240000013,-202379.62,0.0,full
集中_行业轮动_V251111701,,2026-04-27,1.898854270398654,102301.22724000001,88223.2,14078.027240000018,-202379.62,0.0,full
集中_行业轮动_V251111701,,2026-04-28,1.8723894225001745,100875.42724000002,86797.4,14078.027240000018,-202379.62,0.0,full
集中_行业轮动_V251111701,,2026-04-29,1.892539681217098,101961.02724000002,87883.0,14078.027240000018,-202379.62,0.0,full
集中_行业轮动_V251111701,,2026-04-30,1.90275216495517,102511.22724000001,88433.2,14078.027240000018,-202379.62,0.0,full
集中_行业轮动_V251111701,,2026-05-06,1.9358193037762819,104292.72724000001,90995.9,13296.82724000002,-202379.62,0.0,full
集中_行业轮动_V251111701,,2026-05-07,1.9298926479101126,103973.42724000002,90676.6,13296.82724000002,-202379.62,0.0,full
集中_行业轮动_V251111701,,2026-05-08,1.9254861709209845,103736.02724000002,90439.20000000001,13296.82724000002,-202379.62,0.0,full
集中_行业轮动_V251111701,,2026-05-11,1.9392977106329068,104480.12724000002,92384.9,12095.227240000022,-202379.62,0.0,full
集中_行业轮动_V251111701,,2026-05-12,1.9242889604500548,103671.52724000002,91576.3,12095.227240000022,-202379.62,0.0,full
集中_行业轮动_V251111701,,2026-05-13,1.9610126955932317,105650.02724000001,93554.79999999999,12095.227240000022,-202379.62,0.0,full
集中_行业轮动_V251111701,,2026-05-14,1.9169534941227446,103276.32724000003,91181.1,12095.227240000022,-202379.62,0.0,full
集中_行业轮动_V251111701,,2026-05-15,1.910523824244758,102929.92724000002,90834.7,12095.227240000022,-202379.62,0.0,full
集中_行业轮动_V251111701,,2026-05-18,1.914390164416769,103138.22724000002,91841.6,11296.62724000002,-202379.62,0.0,full
